time,Volume,Vol Snow,Vol Blue Ice,Vol White Ice,Tot Inflow Vol,Tot Outflow Vol,Overflow Vol,Evaporation,Rain,Local Runoff,Snowfall,Lake Level,Surface Area,Blue Ice Thickness,Snow Thickness,Snow Density,White Ice Thickness,Albedo,Max Temp,Min Temp,Surface Temp,Daily Qsw,Daily Qe,Daily Qh,Daily Qlw,Light,Benthic Light,Surface Wave Height,Surface Wave Length,Surface Wave Period,LakeNumber,Max dT/dz,CD,CHE,z/L
2010-01-01 24:00:00,187492819.093496,    0.000000,    0.000000,    0.000000,55871.172479,76371.519352,    0.000000,-1285.407747, 5640.504508,    0.000000,    0.000000,   33.333090,16289384.332274,    0.000000,    0.000000,    0.000000,    0.000000,    0.100000,    6.889456,    6.889456,    6.889456,   11.967386,   -2.271048,   -2.077597,  -58.300347,    0.000000,    0.000000,    0.032454,    0.825172,    0.726989,    0.000000,    0.157234,    0.000597,    0.000553,    0.000000
2010-01-02 24:00:00,187418314.764359,    0.000000,    0.000000,    0.000000,111742.344958,216808.250898,    0.000000,-30241.000283,60770.362906,    0.000000,    0.000000,   33.328520,16285950.659659,    0.000000,    0.000000,    0.000000,    0.000000,    0.099997,   10.441147,   10.441147,   10.441147,   28.141061,  -53.267760,  -51.587036, -142.558101,    0.000000,    0.000000,    0.465157,   10.214923,    2.557838,    0.000000,    0.157218,    0.000597,    0.000553,    0.000000
2010-01-03 24:00:00,187310966.295543,    0.000000,    0.000000,    0.000000,111742.344958,198751.122763,    0.000000,-66817.809681,46503.507951,    0.000000,    0.000000,   33.321935,16281003.302881,    0.000000,    0.000000,    0.000000,    0.000000,    0.099988,   13.640538,   13.640538,   13.640538,   20.373501, -117.415883, -122.437059, -164.752543,    0.000000,    0.000000,    0.334219,    7.600907,    2.206420,    0.000000,    0.157196,    0.000597,    0.000553,    0.000000
2010-01-04 24:00:00,187227502.721838,    0.000000,    0.000000,    0.000000,111742.344958,139838.608654,    0.000000,-55287.118458,    0.000000,    0.000000,    0.000000,   33.316815,16277156.726572,    0.000000,    0.000000,    0.000000,    0.000000,    0.099973,   16.876257,   16.876257,   16.876257,   45.526349,  -96.836148,  -85.884705, -198.149939,    0.000000,    0.000000,    0.222961,    5.256088,    1.834792,    0.000000,    0.157179,    0.000597,    0.000553,    0.000000
2010-01-05 24:00:00,187140876.499476,    0.000000,    0.000000,    0.000000,111742.344958,139838.608654,    0.000000,-58431.125202,    0.000000,    0.000000,    0.000000,   33.311501,16273164.393630,    0.000000,    0.000000,    0.000000,    0.000000,    0.099953,   20.008199,   20.008199,   20.008199,   31.522677, -101.996083,  -83.783273, -208.104043,    0.000000,    0.000000,    0.182261,    4.360272,    1.671138,    0.000000,    0.157161,    0.000597,    0.000553,    0.000000
2010-01-06 24:00:00,187031553.002909,    0.000000,    0.000000,    0.000000,111742.344958,139838.608654,    0.000000,-81067.693869,    0.000000,    0.000000,    0.000000,   33.304795,16268126.013971,    0.000000,    0.000000,    0.000000,    0.000000,    0.099926,   22.952576,   22.952576,   22.952576,   36.233649, -141.035738, -104.381040, -227.373633,    0.000000,    0.000000,    0.278038,    6.433657,    2.029946,    0.000000,    0.157138,    0.000597,    0.000553,    0.000000
2010-01-07 24:00:00,186906144.033233,    0.000000,    0.000000,    0.000000,111742.344958,139838.608654,    0.000000,-97300.221385,    0.000000,    0.000000,    0.000000,   33.297089,16262487.095258,    0.000000,    0.000000,    0.000000,    0.000000,    0.099893,   25.757293,   25.757293,   25.757293,   60.035134, -168.809810, -113.286929, -263.227251,    0.000000,    0.000000,    0.150124,    3.634866,    1.525807,    0.000000,    0.157112,    0.000597,    0.000553,    0.000000
2010-01-08 24:00:00,186778174.018456,    0.000000,    0.000000,    0.000000,111742.344958,150766.216750,    0.000000,-97721.090170, 8613.588868,    0.000000,    0.000000,   33.289204,16256970.736056,    0.000000,    0.000000,    0.000000,    0.000000,    0.099855,   28.495042,   28.495042,   28.495042,   45.325043, -168.946305, -104.821517, -264.155361,    0.000000,    0.000000,    0.293165,    6.750782,    2.079373,    0.000000,    0.157086,    0.000597,    0.000553,    0.000000
2010-01-09 24:00:00,186583151.529755,    0.000000,    0.000000,    0.000000,111742.344958,139838.608654,    0.000000,-167160.309952,    0.000000,    0.000000,    0.000000,   33.277188,16248563.969034,    0.000000,    0.000000,    0.000000,    0.000000,    0.099811,   30.735326,   30.735326,   30.735326,   66.142912, -288.351726, -180.413114, -340.126343,    0.000000,    0.000000,    0.227404,    5.352064,    1.851467,    0.000000,    0.157046,    0.000597,    0.000553,    0.000000
2010-01-10 24:00:00,186435458.341044,    0.000000,    0.000000,    0.000000,111742.344958,139838.608654,    0.000000,-119709.921940,    0.000000,    0.000000,    0.000000,   33.268087,16242197.409789,    0.000000,    0.000000,    0.000000,    0.000000,    0.099760,   33.167112,   33.167112,   33.167112,   56.684487, -206.029499, -122.691939, -338.985597,    0.000000,    0.000000,    0.088930,    2.201414,    1.187425,    0.000000,    0.157015,    0.000597,    0.000553,    0.000000
2010-01-11 24:00:00,186295751.743005,    0.000000,    0.000000,    0.000000,111742.344958,139838.608654,    0.000000,-111673.128223,    0.000000,    0.000000,    0.000000,   33.259479,16236175.125748,    0.000000,    0.000000,    0.000000,    0.000000,    0.099704,   35.655539,   35.655539,   35.655539,   58.614871, -191.592352,  -93.367860, -324.787564,    0.000000,    0.000000,    0.148536,    3.598370,    1.518128,    0.000000,    0.156986,    0.000597,    0.000553,    0.000000
2010-01-12 24:00:00,186033874.480231,    0.000000,    0.000000,    0.000000,111742.344958,139838.608654,    0.000000,-233789.487416,    0.000000,    0.000000,    0.000000,   33.243343,16224886.473084,    0.000000,    0.000000,    0.000000,    0.000000,    0.099643,   37.481390,   37.481390,   37.481390,   54.942604, -400.233886, -185.132094, -350.612255,    0.000000,    0.000000,    0.255039,    5.945524,    1.951419,    0.000000,    0.156932,    0.000597,    0.000553,    0.000000
2010-01-13 24:00:00,185833990.719620,    0.000000,    0.000000,    0.000000,111742.344958,139838.608654,    0.000000,-171687.868230,    0.000000,    0.000000,    0.000000,   33.231027,16216270.152893,    0.000000,    0.000000,    0.000000,    0.000000,    0.099575,   39.513862,   39.513862,   39.513862,   50.842216, -293.487779, -135.813134, -365.467777,    0.000000,    0.000000,    0.051495,    1.291963,    0.909663,    0.000000,    0.156890,    0.000597,    0.000553,    0.000000
2010-01-14 24:00:00,185709108.076054,    0.000000,    0.000000,    0.000000,111742.344958,139838.608654,    0.000000,-96688.131955,    0.000000,    0.000000,    0.000000,   33.223333,16210886.879935,    0.000000,    0.000000,    0.000000,    0.000000,    0.099501,   41.894382,   41.894382,   41.894382,   61.018459, -164.723872,  -62.744556, -366.669714,    0.000000,    0.000000,    0.096775,    2.389136,    1.237017,    0.000000,    0.156865,    0.000597,    0.000553,    0.000000
2010-01-15 24:00:00,185481561.333635,    0.000000,    0.000000,    0.000000,111249.926693,140995.535206,    0.000000,-198417.080127,  908.777379,    0.000000,    0.000000,   33.209312,16201078.101147,    0.000000,    0.000000,    0.000000,    0.000000,    0.099422,   43.786895,   42.878433,   43.786895,   47.663992, -337.344838, -116.214438, -369.151999,    0.000000,    0.000000,    0.144097,    3.496435,    1.496471,  339.602246,    0.382877,    0.000597,    0.000553,    0.000000
2010-01-16 24:00:00,183642196.527518,    0.000000,    0.000000,    0.000000,110324.318771,1753391.315650,    0.000000,-196195.424596,    0.000000,    0.000000,    0.000000,   33.095517,16123990.296631,    0.000000,    0.000000,    0.000000,    0.000000,    0.099337,   45.624883,   44.624898,   45.624883,   68.511091, -334.354330, -108.943999, -409.486683,    0.000000,    0.000000,    0.077998,    1.937693,    1.114033,  892.484374,    0.464258,    0.000597,    0.000553,    0.000000
2010-01-17 24:00:00,183374433.027201,    0.000000,    0.000000,    0.000000,110526.975173,180247.726396,    0.000000,-231056.059537,32737.545937,    0.000000,    0.000000,   33.078880,16113441.052817,    0.000000,    0.000000,    0.000000,    0.000000,    0.099246,   47.295899,   47.295899,   47.295899,   66.163085, -392.905706, -118.462794, -399.680936,    0.000000,    0.000000,    0.195981,    4.663038,    1.728184,    0.000000,    0.149096,    0.000597,    0.000553,    0.000000
2010-01-18 24:00:00,183399076.887434,    0.000000,    0.000000,    0.000000,111452.583096,    0.000000,    0.000000,-187215.173537,100292.531839,    0.000000,    0.000000,   33.080411,16114411.962182,    0.000000,    0.000000,    0.000000,    0.000000,    0.099150,   49.074850,   45.885749,   49.074850,   25.910069, -317.865095,  -92.862419, -367.055066,    0.000000,    0.000000,    0.011853,    0.318573,    0.451710,10710.525686,    0.464098,    0.000597,    0.000553,    0.000000
2010-01-19 24:00:00,181639392.635972,    0.000000,    0.000000,    0.000000,110816.737035,1811373.634464,    0.000000,-104449.082920,45296.252818,    0.000000,    0.000000,   32.970982,16045605.741026,    0.000000,    0.000000,    0.000000,    0.000000,    0.099048,   51.102720,   43.420810,   51.102720,   17.455631, -177.575531,  -49.025591, -391.355785,    0.000000,    0.000000,    0.025945,    0.665423,    0.652836, 4176.773614,    0.469731,    0.000597,    0.000553,    0.000000
2010-01-20 24:00:00,181289548.131209,    0.000000,    0.000000,    0.000000,110816.737035,148474.758920,    0.000000,-319935.635784, 7777.298538,    0.000000,    0.000000,   32.949171,16032214.405566,    0.000000,    0.000000,    0.000000,    0.000000,    0.098940,   52.217162,   44.612552,   52.217162,   24.462760, -542.841541, -140.861119, -416.366808,    0.000000,    0.000000,    0.149596,    3.621107,    1.522917,  316.427782,    0.471188,    0.000597,    0.000553,    0.000000
2010-01-21 24:00:00,180949295.487503,    0.000000,    0.000000,    0.000000,110816.737035,138517.368117,    0.000000,-312269.173527,    0.000000,    0.000000,    0.000000,   32.927958,16019190.227022,    0.000000,    0.000000,    0.000000,    0.000000,    0.098826,   53.304569,   52.219039,   53.304569,   72.229216, -529.680729, -137.370639, -473.995624,    0.000000,    0.000000,    0.082239,    2.039923,    1.143042,  817.911506,    0.393291,    0.000597,    0.000553,    0.000000
2010-01-22 24:00:00,180660091.060686,    0.000000,    0.000000,    0.000000,110816.737036,138517.368117,    0.000000,-261069.996276,    0.000000,    0.000000,    0.000000,   32.909928,16008120.070300,    0.000000,    0.000000,    0.000000,    0.000000,    0.098707,   54.517719,   37.781694,   54.517719,   75.356400, -442.356964, -113.088847, -496.742548,    0.000000,    0.000000,    0.101736,    2.506619,    1.267067,  584.934432,    0.359492,    0.000597,    0.000553,    0.000000
2010-01-23 24:00:00,180385849.659901,    0.000000,    0.000000,    0.000000,110816.737036,138517.368117,    0.000000,-246083.192081,    0.000000,    0.000000,    0.000000,   32.892823,15997921.076435,    0.000000,    0.000000,    0.000000,    0.000000,    0.098583,   55.725689,   47.842569,   55.725689,   77.828741, -416.534605, -103.790131, -512.652817,    0.000000,    0.000000,    0.034149,    0.866459,    0.744954, 2894.328160,    0.389992,    0.000597,    0.000553,    0.000000
2010-01-24 24:00:00,180045309.764646,    0.000000,    0.000000,    0.000000,110816.737036,141544.440738,    0.000000,-311547.251829, 2356.142101,    0.000000,    0.000000,   32.871571,15985769.547894,    0.000000,    0.000000,    0.000000,    0.000000,    0.098453,   56.694165,   49.905009,   56.694165,   47.048943, -526.648579, -117.575556, -462.460795,    0.000000,    0.000000,    0.206807,    4.899528,    1.771465,  184.500806,    0.469943,    0.000597,    0.000553,    0.000000
2010-01-25 24:00:00,179780236.304805,    0.000000,    0.000000,    0.000000,98796.279134,    0.000000,    0.000000,-704206.135418,341251.788135,    0.000000,    0.000000,   32.855028,15976310.897799,    0.000000,    0.000000,    0.000000,    0.000000,    0.098317,   56.127013,   52.583585,   56.127013,   24.796189,-1191.213147, -247.462091, -410.965355,    0.000000,    0.000000,    0.128732,    3.140408,    1.418236,  397.164966,    0.457892,    0.000597,    0.000553,    0.000000
2010-01-26 24:00:00,179410625.117459,    0.000000,    0.000000,    0.000000,97818.612617,    0.000000,    0.000000,-467251.118176, 1333.982354,    0.000000,    0.000000,   32.831962,15963122.014632,    0.000000,    0.000000,    0.000000,    0.000000,    0.098176,   56.455738,   34.874876,   56.455738,   39.505806, -791.043768, -169.229708, -457.660299,    0.000000,    0.000000,    0.168166,    4.041379,    1.608867,  236.617255,    0.327361,    0.000597,    0.000553,    0.000000
2010-01-27 24:00:00,179113331.782536,    0.000000,    0.000000,    0.000000,109646.237240,    0.000000,    0.000000,-405324.005045,    0.000000,    0.000000,    0.000000,   32.813408,15952513.658623,    0.000000,    0.000000,    0.000000,    0.000000,    0.098030,   56.985775,   35.667940,   56.985775,   46.497306, -686.375679, -147.911484, -458.898598,    0.000000,    0.000000,    0.135797,    3.303802,    1.454663,  332.267462,    0.456673,    0.000597,    0.000553,    0.000000
2010-01-28 24:00:00,178687433.005312,    0.000000,    0.000000,    0.000000,112487.425687,    0.000000,    0.000000,-546410.758465, 9349.928625,    0.000000,    0.000000,   32.786751,15937275.893652,    0.000000,    0.000000,    0.000000,    0.000000,    0.097878,   56.862983,   34.633415,   56.862983,   24.046131, -925.569004, -203.583770, -472.390607,    0.000000,    0.000000,    0.412633,    9.169530,    2.423422,   50.879989,    0.493586,    0.000597,    0.000553,    0.000000
2010-01-29 24:00:00,177762027.170174,    0.000000,    0.000000,    0.000000,112680.258965,    0.000000,    0.000000,-1037678.936861,    0.000000,    0.000000,    0.000000,   32.728658,15904077.528164,    0.000000,    0.000000,    0.000000,    0.000000,    0.097721,   54.714118,   29.924002,   54.714118,   82.523553,-1764.801671, -454.540983, -527.189567,    0.000000,    0.000000,    0.370312,    8.323091,    2.308861,   68.360728,    0.483017,    0.000597,    0.000553,    0.000000
2010-01-30 24:00:00,177348839.680953,    0.000000,    0.000000,    0.000000,112680.258965,    0.000000,    0.000000,-524857.557043,    0.000000,    0.000000,    0.000000,   32.702720,15889254.680976,    0.000000,    0.000000,    0.000000,    0.000000,    0.097559,   54.557676,   46.113814,   54.557676,   84.096571, -895.265664, -246.322289, -524.664442,    0.000000,    0.000000,    0.105325,    2.591281,    1.288287,  552.916688,    0.463811,    0.000597,    0.000553,    0.000000
2010-01-31 24:00:00,177081824.783433,    0.000000,    0.000000,    0.000000,112680.258965,    0.000000,    0.000000,-379990.872170,    0.000000,    0.000000,    0.000000,   32.685875,15879632.543236,    0.000000,    0.000000,    0.000000,    0.000000,    0.097392,   55.003181,   48.211186,   55.003181,   76.992984, -648.232734, -167.485133, -498.566044,    0.000000,    0.000000,    0.143295,    3.475769,    1.492041,  305.131549,    0.452131,    0.000597,    0.000553,    0.000000
2010-02-01 24:00:00,176628371.660944,    0.000000,    0.000000,    0.000000,112680.258965,    0.000000,    0.000000,-567488.371677,    0.000000,    0.000000,    0.000000,   32.657241,15863277.732613,    0.000000,    0.000000,    0.000000,    0.000000,    0.097219,   54.717194,   34.833113,   54.717194,   67.980782, -968.921006, -236.988075, -471.676646,    0.000000,    0.000000,    0.207132,    4.904893,    1.772435,  167.782273,    0.441152,    0.000597,    0.000553,    0.000000
2010-02-02 24:00:00,176498420.212046,    0.000000,    0.000000,    0.000000,112680.258965,    0.000000,    0.000000,-243047.967152,    0.000000,    0.000000,    0.000000,   32.649035,15858590.740217,    0.000000,    0.000000,    0.000000,    0.000000,    0.097042,   55.688268,   41.182678,   55.688268,   73.797213, -415.085182, -102.080839, -472.023772,    0.000000,    0.000000,    0.017670,    0.462247,    0.544117, 6086.561752,    0.331964,    0.000597,    0.000553,    0.000000
2010-02-03 24:00:00,176397103.515551,    0.000000,    0.000000,    0.000000,112680.258965,    0.000000,    0.000000,-217632.137701, 3324.318621,    0.000000,    0.000000,   32.642637,15854936.524815,    0.000000,    0.000000,    0.000000,    0.000000,    0.096859,   56.660767,   32.473980,   56.660767,   32.611893, -370.933576,  -84.759186, -460.734728,    0.000000,    0.000000,    0.164663,    3.961389,    1.592866,  241.908085,    0.306977,    0.000597,    0.000553,    0.000000
2010-02-04 24:00:00,175893375.217683,    0.000000,    0.000000,    0.000000,111742.344958,    0.000000,    0.000000,-615949.804180,    0.000000,    0.000000,    0.000000,   32.610828,15836768.426485,    0.000000,    0.000000,    0.000000,    0.000000,    0.096671,   56.031927,   33.223166,   56.031927,   90.122659,-1051.179585, -245.911663, -508.814512,    0.000000,    0.000000,    0.182015,    4.350005,    1.669169,  199.330417,    0.455071,    0.000597,    0.000553,    0.000000
2010-02-05 24:00:00,175509803.802694,    0.000000,    0.000000,    0.000000,111742.344958,    0.000000,    0.000000,-496144.889030,    0.000000,    0.000000,    0.000000,   32.586546,15822955.466721,    0.000000,    0.000000,    0.000000,    0.000000,    0.096478,   55.815752,   39.792711,   55.815752,   87.494707, -847.967421, -203.380666, -511.878001,    0.000000,    0.000000,    0.144491,    3.502750,    1.497821,  299.028609,    0.306566,    0.000597,    0.000553,    0.000000
2010-02-06 24:00:00,175136338.512035,    0.000000,    0.000000,    0.000000,111742.344958,    0.000000,    0.000000,-486844.261497,    0.000000,    0.000000,    0.000000,   32.562858,15809523.294809,    0.000000,    0.000000,    0.000000,    0.000000,    0.096281,   55.569945,   31.183397,   55.569945,   88.618330, -832.957526, -205.714889, -520.530676,    0.000000,    0.000000,    0.250746,    5.846162,    1.935044,  119.564177,    0.306005,    0.000597,    0.000553,    0.000000
2010-02-07 24:00:00,174552156.134163,    0.000000,    0.000000,    0.000000,111742.344958,    0.000000,    0.000000,-697518.204590,    0.000000,    0.000000,    0.000000,   32.525803,15788512.404844,    0.000000,    0.000000,    0.000000,    0.000000,    0.096079,   54.465132,   30.883621,   54.465132,   78.222462,-1196.349982, -300.225147, -494.826334,    0.000000,    0.000000,    0.275670,    6.373550,    2.020441,  101.798456,    0.305129,    0.000597,    0.000553,    0.000000
2010-02-08 24:00:00,174008194.315136,    0.000000,    0.000000,    0.000000,111742.344958,    0.000000,    0.000000,-655854.870181,    0.000000,    0.000000,    0.000000,   32.491332,15769190.504381,    0.000000,    0.000000,    0.000000,    0.000000,    0.095871,   53.490284,   30.306238,   53.490284,   53.868922,-1127.942032, -289.667602, -466.391648,    0.000000,    0.000000,    0.290073,    6.674888,    2.067652,   93.181553,    0.304313,    0.000597,    0.000553,    0.000000
2010-02-09 24:00:00,173703102.343866,    0.000000,    0.000000,    0.000000,111742.344958,    0.000000,    0.000000,-415316.027480,    0.000000,    0.000000,    0.000000,   32.472051,15758756.633107,    0.000000,    0.000000,    0.000000,    0.000000,    0.095660,   53.513301,   29.879424,   53.513301,   90.879449, -715.437068, -184.588484, -470.983378,    0.000000,    0.000000,    0.052065,    1.305463,    0.914403, 1445.189906,    0.303855,    0.000597,    0.000553,    0.000000
2010-02-10 24:00:00,173481096.403968,    0.000000,    0.000000,    0.000000,111742.344958,    0.000000,    0.000000,-342772.727048,10431.238091,    0.000000,    0.000000,   32.458021,15751164.229449,    0.000000,    0.000000,    0.000000,    0.000000,    0.095443,   53.807592,   29.615985,   53.807592,   59.744359, -590.286947, -143.091552, -433.262046,    0.000000,    0.000000,    0.263141,    6.108323,    1.977955,  109.933540,    0.303522,    0.000597,    0.000553,    0.000000
2010-02-11 24:00:00,172992398.379635,    0.000000,    0.000000,    0.000000,111742.344958,    0.000000,    0.000000,-597453.781311,    0.000000,    0.000000,    0.000000,   32.427138,15734451.196141,    0.000000,    0.000000,    0.000000,    0.000000,    0.095222,   53.014795,   29.262917,   53.014795,   95.817762,-1030.646026, -256.523853, -470.124261,    0.000000,    0.000000,    0.247444,    5.774242,    1.923105,  122.007301,    0.302789,    0.000597,    0.000553,    0.000000
2010-02-12 24:00:00,172633528.620601,    0.000000,    0.000000,    0.000000,111742.344958,    0.000000,    0.000000,-467837.483783,    0.000000,    0.000000,    0.000000,   32.404459,15722178.172848,    0.000000,    0.000000,    0.000000,    0.000000,    0.094997,   52.678051,   28.795246,   52.678051,   94.586519, -808.358210, -211.160328, -474.242229,    0.000000,    0.000000,    0.200436,    4.755987,    1.745323,  173.852887,    0.302251,    0.000597,    0.000553,    0.000000
2010-02-13 24:00:00,172311062.511389,    0.000000,    0.000000,    0.000000,111742.344958,    0.000000,    0.000000,-432847.428783,    0.000000,    0.000000,    0.000000,   32.383983,15711100.872615,    0.000000,    0.000000,    0.000000,    0.000000,    0.094767,   52.463201,   28.361737,   52.463201,   94.178515, -748.667056, -194.827965, -461.181456,    0.000000,    0.000000,    0.230942,    5.419737,    1.863136,  136.803042,    0.301767,    0.000597,    0.000553,    0.000000
2010-02-14 24:00:00,171903787.205420,    0.000000,    0.000000,    0.000000,111742.344958,    0.000000,    0.000000,-518294.137448,    0.000000,    0.000000,    0.000000,   32.358089,15697092.800771,    0.000000,    0.000000,    0.000000,    0.000000,    0.094532,   51.845531,   27.941294,   51.845531,   60.867484, -897.808777, -234.348150, -430.644600,    0.000000,    0.000000,    0.236617,    5.541608,    1.883967,  131.309476,    0.301156,    0.000597,    0.000553,    0.000000
2010-02-15 24:00:00,171644206.788851,    0.000000,    0.000000,    0.000000,111742.344958,    0.000000,    0.000000,-370532.436076,    0.000000,    0.000000,    0.000000,   32.341585,15688164.635790,    0.000000,    0.000000,    0.000000,    0.000000,    0.094293,   51.787287,   27.462368,   51.787287,   60.669774, -642.653182, -167.909747, -434.264314,    0.000000,    0.000000,    0.040239,    1.015522,    0.806492, 2076.312692,    0.300767,    0.000597,    0.000553,    0.000000
2010-02-16 24:00:00,171623958.426790,    0.000000,    0.000000,    0.000000,111742.344958,    0.000000,    0.000000,-233126.766487,101457.929583,    0.000000,    0.000000,   32.340298,15687468.201446,    0.000000,    0.000000,    0.000000,    0.000000,    0.094051,   52.194625,   26.941930,   52.194625,   43.437318, -404.048378, -103.589147, -428.003677,    0.000000,    0.000000,    0.267441,    6.197862,    1.992399,  105.134103,    0.386885,    0.000597,    0.000553,    0.000000
2010-02-17 24:00:00,171390763.107057,    0.000000,    0.000000,    0.000000,111742.344958,    0.000000,    0.000000,-344001.668040,    0.000000,    0.000000,    0.000000,   32.325471,15679447.541355,    0.000000,    0.000000,    0.000000,    0.000000,    0.093803,   52.193045,   26.290346,   52.193045,   89.873419, -596.630753, -154.042817, -432.489457,    0.000000,    0.000000,    0.119941,    2.934035,    1.370844,  397.983556,    0.386885,    0.000597,    0.000553,    0.000000
2010-02-18 24:00:00,171031529.601549,    0.000000,    0.000000,    0.000000,111742.344958,    0.000000,    0.000000,-469395.412540,    0.000000,    0.000000,    0.000000,   32.302631,15667091.848092,    0.000000,    0.000000,    0.000000,    0.000000,    0.093552,   51.584307,   25.865815,   51.584307,   59.498571, -814.907867, -207.427962, -423.800854,    0.000000,    0.000000,    0.264996,    6.145743,    1.984004,  107.157585,    0.386885,    0.000597,    0.000553,    0.000000
2010-02-19 24:00:00,170607572.309491,    0.000000,    0.000000,    0.000000,111742.344958,    0.000000,    0.000000,-535764.476155,    0.000000,    0.000000,    0.000000,   32.275528,15652434.552139,    0.000000,    0.000000,    0.000000,    0.000000,    0.093297,   50.618763,   25.374146,   50.618763,   52.895259, -932.145655, -250.310124, -423.763618,    0.000000,    0.000000,    0.238211,    5.575002,    1.889635,  128.152320,    0.386885,    0.000597,    0.000553,    0.000000
2010-02-20 24:00:00,170307337.126996,    0.000000,    0.000000,    0.000000,111351.878746,    0.000000,    0.000000,-412018.774681,    0.000000,    0.000000,    0.000000,   32.256323,15642048.867872,    0.000000,    0.000000,    0.000000,    0.000000,    0.093038,   50.183350,   25.528427,   50.183350,   91.530642, -718.060117, -193.867459, -429.574196,    0.000000,    0.000000,    0.222921,    5.245237,    1.832897,  143.093059,    0.386881,    0.000597,    0.000553,    0.000000
2010-02-21 24:00:00,169988839.951511,    0.000000,    0.000000,    0.000000,111351.878746,    0.000000,    0.000000,-430006.053797,    0.000000,    0.000000,    0.000000,   32.235950,15631031.467856,    0.000000,    0.000000,    0.000000,    0.000000,    0.092775,   49.587147,   25.804073,   49.587147,   57.704114, -750.464208, -206.766082, -410.799379,    0.000000,    0.000000,    0.222394,    5.233621,    1.830866,  142.225996,    0.308820,    0.000597,    0.000553,    0.000000
2010-02-22 24:00:00,169849286.062909,    0.000000,    0.000000,    0.000000,110115.007764,    0.000000,    0.000000,-249631.423083,    0.000000,    0.000000,    0.000000,   32.227023,15626204.043524,    0.000000,    0.000000,    0.000000,    0.000000,    0.092508,   49.757278,   24.589667,   49.757278,   99.722310, -436.006924, -120.875546, -422.501794,    0.000000,    0.000000,    0.101028,    2.488466,    1.262471,  522.509737,    0.387880,    0.000597,    0.000553,    0.000000
2010-02-23 24:00:00,169653978.722650,    0.000000,    0.000000,    0.000000,108571.942037,    0.000000,    0.000000,-366229.926715,62508.572541,    0.000000,    0.000000,   32.214530,15619448.005294,    0.000000,    0.000000,    0.000000,    0.000000,    0.092238,   49.328808,   24.224972,   49.328808,   47.138161, -639.893680, -172.417727, -389.963596,    0.000000,    0.000000,    0.238688,    5.584632,    1.891266,  127.482830,    0.384751,    0.000597,    0.000553,    0.000000
2010-02-24 24:00:00,169711930.194497,    0.000000,    0.000000,    0.000000,100471.668021,    0.000000,    0.000000,-437674.686309,395182.584690,    0.000000,    0.000000,   32.218237,15621452.652732,    0.000000,    0.000000,    0.000000,    0.000000,    0.091964,   48.492685,   23.613406,   48.492685,   47.662698, -765.380975, -209.880835, -367.607936,    0.000000,    0.000000,    0.205447,    4.864443,    1.765111,  164.001715,    0.381141,    0.000597,    0.000553,    0.000000
2010-02-25 24:00:00,169855828.641942,    0.000000,    0.000000,    0.000000,87655.222130,    0.000000,    0.000000,-388159.375830,444364.893172,    0.000000,    0.000000,   32.227441,15626430.363303,    0.000000,    0.000000,    0.000000,    0.000000,    0.091686,   47.839764,   23.390772,   47.839764,   51.468406, -679.215869, -186.944864, -356.255262,    0.000000,    0.000000,    0.372255,    8.352676,    2.312961,   59.479153,    0.389149,    0.000597,    0.000553,    0.000000
2010-02-26 24:00:00,169666801.226744,    0.000000,    0.000000,    0.000000,91686.216166,    0.000000,    0.000000,-409705.833886,129135.207366,    0.000000,    0.000000,   32.215350,15619891.559171,    0.000000,    0.000000,    0.000000,    0.000000,    0.091405,   47.112534,   22.862139,   47.112534,   54.208882, -718.065970, -204.445577, -363.941849,    0.000000,    0.000000,    0.077836,    1.932822,    1.112631,  776.040873,    0.298071,    0.000597,    0.000553,    0.000000
2010-02-27 24:00:00,169631233.237872,    0.000000,    0.000000,    0.000000,106983.641791,    0.000000,    0.000000,-207757.007995,65312.651621,    0.000000,    0.000000,   32.213075,15618661.197361,    0.000000,    0.000000,    0.000000,    0.000000,    0.091120,   47.164465,   27.104719,   47.164465,   36.241455, -364.257328, -106.884132, -365.369271,    0.000000,    0.000000,    0.091205,    2.254332,    1.201612,  612.498643,    0.403574,    0.000597,    0.000553,    0.000000
2010-02-28 24:00:00,169546079.079277,    0.000000,    0.000000,    0.000000,111931.897317,    0.000000,    0.000000,-198927.241564, 2014.754091,    0.000000,    0.000000,   32.207628,15615715.559219,    0.000000,    0.000000,    0.000000,    0.000000,    0.090833,   47.261496,   21.999715,   47.261496,   88.140211, -348.776362, -101.722492, -387.154730,    0.000000,    0.000000,    0.278431,    6.427520,    2.028977,   97.534659,    0.305693,    0.000597,    0.000553,    0.000000
2010-03-01 24:00:00,169159324.974353,    0.000000,    0.000000,    0.000000,110125.934113,    0.000000,    0.000000,-498798.908098,  978.903867,    0.000000,    0.000000,   32.182783,15602283.798419,    0.000000,    0.000000,    0.000000,    0.000000,    0.090542,   46.033942,   21.614838,   46.033942,   82.521357, -876.115395, -255.498121, -367.407856,    0.000000,    0.000000,    0.251325,    5.854346,    1.936398,  116.605872,    0.388683,    0.000597,    0.000553,    0.000000
2010-03-02 24:00:00,169075410.904829,    0.000000,    0.000000,    0.000000,108404.407132,    0.000000,    0.000000,-193120.110132,    0.000000,    0.000000,    0.000000,   32.177383,15599364.360270,    0.000000,    0.000000,    0.000000,    0.000000,    0.090247,   46.065724,   21.171337,   46.065724,   78.371483, -339.590616, -101.539648, -368.574520,    0.000000,    0.000000,    0.049480,    1.241986,    0.891895, 1525.991779,    0.390140,    0.000597,    0.000553,    0.000000
2010-03-03 24:00:00,168987377.538648,    0.000000,    0.000000,    0.000000,109839.452887,    0.000000,    0.000000,-198659.939737,    0.000000,    0.000000,    0.000000,   32.171717,15596301.608468,    0.000000,    0.000000,    0.000000,    0.000000,    0.089950,   46.012946,   25.264810,   46.012946,   68.033252, -349.315254, -103.214089, -356.386435,    0.000000,    0.000000,    0.189684,    4.517222,    1.700948,  185.079061,    0.386373,    0.000597,    0.000553,    0.000000
2010-03-04 24:00:00,168758083.303092,    0.000000,    0.000000,    0.000000,110442.487059,    0.000000,    0.000000,-340969.611192,    0.000000,    0.000000,    0.000000,   32.156960,15588324.277105,    0.000000,    0.000000,    0.000000,    0.000000,    0.089650,   45.239738,   19.521966,   45.239738,   52.999316, -600.255088, -182.250194, -356.920916,    0.000000,    0.000000,    0.210871,    4.982455,    1.786393,  156.521192,    0.388917,    0.000597,    0.000553,    0.000000
2010-03-05 24:00:00,168550377.169663,    0.000000,    0.000000,    0.000000,109807.500153,    0.000000,    0.000000,-318509.968099,    0.000000,    0.000000,    0.000000,   32.143593,15581098.013224,    0.000000,    0.000000,    0.000000,    0.000000,    0.089347,   44.576594,   18.572928,   44.576594,  136.201444, -561.532476, -174.216007, -398.756045,    0.000000,    0.000000,    0.196526,    4.668008,    1.729104,  174.070516,    0.389821,    0.000597,    0.000553,    0.000000
2010-03-06 24:00:00,168399750.919223,    0.000000,    0.000000,    0.000000,109766.436675,    0.000000,    0.000000,-261104.557201,    0.000000,    0.000000,    0.000000,   32.133899,15575857.604502,    0.000000,    0.000000,    0.000000,    0.000000,    0.089041,   44.091525,   22.368634,   44.091525,  143.660266, -460.865316, -146.013283, -411.126662,    0.000000,    0.000000,    0.167112,    4.013693,    1.603347,  228.795218,    0.387112,    0.000597,    0.000553,    0.000000
2010-03-07 24:00:00,168289823.426753,    0.000000,    0.000000,    0.000000,109110.633903,    0.000000,    0.000000,-219572.497154,    0.000000,    0.000000,    0.000000,   32.126824,15572033.138391,    0.000000,    0.000000,    0.000000,    0.000000,    0.088733,   43.765104,   18.649251,   43.765104,  144.994450, -387.867803, -119.988250, -398.936074,    0.000000,    0.000000,    0.137287,    3.335503,    1.461625,  314.183792,    0.295320,    0.000597,    0.000553,    0.000000
2010-03-08 24:00:00,168147348.055780,    0.000000,    0.000000,    0.000000,107434.211052,    0.000000,    0.000000,-250448.612617,    0.000000,    0.000000,    0.000000,   32.117655,15567076.305339,    0.000000,    0.000000,    0.000000,    0.000000,    0.088422,   43.262885,   18.980097,   43.262885,  142.588356, -442.780760, -134.458057, -386.982729,    0.000000,    0.000000,    0.163147,    3.924354,    1.585402,  237.012873,    0.294537,    0.000597,    0.000553,    0.000000
2010-03-09 24:00:00,168045400.441177,    0.000000,    0.000000,    0.000000,107819.195503,    0.000000,    0.000000,-210161.622139,    0.000000,    0.000000,    0.000000,   32.111094,15563529.465614,    0.000000,    0.000000,    0.000000,    0.000000,    0.088109,   42.851541,   17.156185,   42.851541,  149.059212, -371.894367, -118.890522, -401.471309,    0.000000,    0.000000,    0.067895,    1.691705,    1.040921,  948.908220,    0.387912,    0.000597,    0.000553,    0.000000
2010-03-10 24:00:00,168081987.062576,    0.000000,    0.000000,    0.000000,108781.723408,    0.000000,    0.000000,-72325.281958,    0.000000,    0.000000,    0.000000,   32.113448,15564802.343677,    0.000000,    0.000000,    0.000000,    0.000000,    0.087793,   43.007520,   17.062827,   43.007520,  152.340746, -127.992071,  -39.999612, -398.280196,    0.000000,    0.000000,    0.032503,    0.825696,    0.727219, 2685.949786,    0.388397,    0.000597,    0.000553,    0.000000
2010-03-11 24:00:00,168078546.427988,    0.000000,    0.000000,    0.000000,106939.845368,    0.000000,    0.000000,-129250.559629,18666.832013,    0.000000,    0.000000,   32.113227,15564682.641225,    0.000000,    0.000000,    0.000000,    0.000000,    0.087474,   42.800067,   16.776871,   42.800067,   81.201228, -228.744581,  -71.004754, -349.458096,    0.000000,    0.000000,    0.079282,    1.967628,    1.122605,  745.408839,    0.387123,    0.000597,    0.000553,    0.000000
2010-03-12 24:00:00,167990581.264289,    0.000000,    0.000000,    0.000000,106132.087707,    0.000000,    0.000000,-194503.632491,   68.485054,    0.000000,    0.000000,   32.107566,15561622.262243,    0.000000,    0.000000,    0.000000,    0.000000,    0.087154,   42.252947,   15.767285,   42.252947,   60.027669, -344.456699, -111.703017, -319.391938,    0.000000,    0.000000,    0.157271,    3.791537,    1.558343,  248.930741,    0.387759,    0.000597,    0.000553,    0.000000
2010-03-13 24:00:00,167802133.363364,    0.000000,    0.000000,    0.000000,106423.929855,    0.000000,    0.000000,-336374.285224,40767.645642,    0.000000,    0.000000,   32.095417,15555048.521392,    0.000000,    0.000000,    0.000000,    0.000000,    0.086831,   41.026754,   14.922684,   41.026754,   98.543198, -596.667023, -201.609087, -332.279293,    0.000000,    0.000000,    0.372498,    8.355043,    2.313288,   58.342409,    0.387409,    0.000597,    0.000553,    0.000000
2010-03-14 24:00:00,167915748.103123,    0.000000,    0.000000,    0.000000,99246.991063,    0.000000,    0.000000,-341576.030694,355960.657714,    0.000000,    0.000000,   32.102749,15559018.756218,    0.000000,    0.000000,    0.000000,    0.000000,    0.086507,   39.588399,   14.276763,   39.588399,   36.078362, -606.843081, -216.547617, -298.163053,    0.000000,    0.000000,    0.275321,    6.360891,    2.018433,   97.487000,    0.291108,    0.000597,    0.000553,    0.000000
2010-03-15 24:00:00,168026770.598415,    0.000000,    0.000000,    0.000000,92869.155072,    0.000000,    0.000000,-213958.434106,232138.199105,    0.000000,    0.000000,   32.109895,15562881.318361,    0.000000,    0.000000,    0.000000,    0.000000,    0.086180,   38.748292,   17.586192,   38.748292,   49.429949, -380.612881, -135.832781, -297.167649,    0.000000,    0.000000,    0.113831,    2.790368,    1.336861,  421.998357,    0.287064,    0.000597,    0.000553,    0.000000
2010-03-16 24:00:00,167998415.313318,    0.000000,    0.000000,    0.000000,102036.637053,    0.000000,    0.000000,-130611.453647,    0.000000,    0.000000,    0.000000,   32.108070,15561894.815126,    0.000000,    0.000000,    0.000000,    0.000000,    0.085852,   38.389117,   17.998026,   38.389117,  163.678226, -232.542189,  -78.890324, -355.477060,    0.000000,    0.000000,    0.108297,    2.660163,    1.305298,  450.665047,    0.292295,    0.000597,    0.000553,    0.000000
2010-03-17 24:00:00,167973265.826950,    0.000000,    0.000000,    0.000000,108209.091334,    0.000000,    0.000000,-133576.085350,    0.000000,    0.000000,    0.000000,   32.106451,15561019.844214,    0.000000,    0.000000,    0.000000,    0.000000,    0.085522,   37.966378,   15.066740,   37.966378,  162.472502, -237.956488,  -79.022364, -347.323591,    0.000000,    0.000000,    0.118954,    2.910337,    1.365297,  386.655970,    0.305923,    0.000597,    0.000553,    0.000000
2010-03-18 24:00:00,167940281.579642,    0.000000,    0.000000,    0.000000,106969.226930,    0.000000,    0.000000,-140172.504848,    0.000000,    0.000000,    0.000000,   32.104328,15559872.295651,    0.000000,    0.000000,    0.000000,    0.000000,    0.085190,   37.486924,   15.272017,   37.486924,  148.138083, -249.883214,  -82.831928, -314.851559,    0.000000,    0.000000,    0.064479,    1.608546,    1.015014,  994.883752,    0.304683,    0.000597,    0.000553,    0.000000
2010-03-19 24:00:00,167955209.866871,    0.000000,    0.000000,    0.000000,107723.793059,    0.000000,    0.000000,-92938.750706,    0.000000,    0.000000,    0.000000,   32.105289,15560391.662802,    0.000000,    0.000000,    0.000000,    0.000000,    0.084857,   37.189613,   16.174243,   37.189613,  162.154223, -165.749039,  -51.913814, -314.165067,    0.000000,    0.000000,    0.114447,    2.804811,    1.340316,  409.552182,    0.299421,    0.000597,    0.000553,    0.000000
2010-03-20 24:00:00,167943348.957751,    0.000000,    0.000000,    0.000000,108154.984575,    0.000000,    0.000000,-120201.734360,    0.000000,    0.000000,    0.000000,   32.104526,15559979.012209,    0.000000,    0.000000,    0.000000,    0.000000,    0.084522,   36.689622,   15.152044,   36.689622,  141.661623, -214.498529,  -70.118638, -299.278306,    0.000000,    0.000000,    0.076440,    1.898954,    1.102840,  775.256060,    0.422553,    0.000597,    0.000553,    0.000000
2010-03-21 24:00:00,167952794.391878,    0.000000,    0.000000,    0.000000,109409.720980,    0.000000,    0.000000,-100118.889266,    0.000000,    0.000000,    0.000000,   32.105134,15560307.626479,    0.000000,    0.000000,    0.000000,    0.000000,    0.084186,   36.132460,   12.985087,   36.132460,   74.684142, -178.779203,  -63.722674, -274.365861,    0.000000,    0.000000,    0.084461,    2.092402,    1.157652,  664.873855,    0.331030,    0.000597,    0.000553,    0.000000
2010-03-22 24:00:00,168070049.900450,    0.000000,    0.000000,    0.000000,107315.891089,    0.000000,    0.000000,-79072.676575,89027.682641,    0.000000,    0.000000,   32.112680,15564387.040180,    0.000000,    0.000000,    0.000000,    0.000000,    0.083849,   35.553424,   13.651067,   35.553424,   52.801504, -141.266468,  -54.244175, -270.588785,    0.000000,    0.000000,    0.141717,    3.437196,    1.483739,  290.770789,    0.295886,    0.000597,    0.000553,    0.000000
2010-03-23 24:00:00,168432278.372960,    0.000000,    0.000000,    0.000000,97654.339592,    0.000000,    0.000000,-130652.002599,395801.587027,    0.000000,    0.000000,   32.135992,15576989.260849,    0.000000,    0.000000,    0.000000,    0.000000,    0.083511,   34.692164,   13.583044,   34.692164,   75.006092, -233.443757,  -90.264292, -251.239199,    0.000000,    0.000000,    0.273868,    6.330769,    2.013648,   96.584870,    0.293530,    0.000597,    0.000553,    0.000000
2010-03-24 24:00:00,168311657.663194,    0.000000,    0.000000,    0.000000,101443.182533,    0.000000,    0.000000,-229371.507560, 6754.186648,    0.000000,    0.000000,   32.128229,15572792.769084,    0.000000,    0.000000,    0.000000,    0.000000,    0.083171,   33.353559,    9.763559,   33.353559,  126.849875, -410.510916, -174.239324, -297.256176,    0.000000,    0.000000,    0.174778,    4.185482,    1.637300,  204.002139,    0.291107,    0.000597,    0.000553,    0.000000
2010-03-25 24:00:00,168361909.260744,    0.000000,    0.000000,    0.000000,111958.048392,    0.000000,    0.000000,-84468.124055,22612.373196,    0.000000,    0.000000,   32.131463,15574541.062687,    0.000000,    0.000000,    0.000000,    0.000000,    0.082831,   32.711966,    9.995398,   32.711966,  142.113504, -151.355800,  -59.576404, -291.988696,    0.000000,    0.000000,    0.115843,    2.837624,    1.348133,  394.063633,    0.306337,    0.000597,    0.000553,    0.000000
2010-03-26 24:00:00,168305840.438597,    0.000000,    0.000000,    0.000000,113992.789220,    0.000000,    0.000000,-180963.039725,10490.100965,    0.000000,    0.000000,   32.127855,15572590.383150,    0.000000,    0.000000,    0.000000,    0.000000,    0.082490,   31.532329,    6.775501,   31.532329,  177.901384, -324.663087, -147.168801, -314.599765,    0.000000,    0.000000,    0.200273,    4.750283,    1.744276,  160.280087,    0.336343,    0.000597,    0.000553,    0.000000
2010-03-27 24:00:00,168349115.077451,    0.000000,    0.000000,    0.000000,116624.276288,    0.000000,    0.000000,-73525.871072,    0.000000,    0.000000,    0.000000,   32.130640,15574095.942733,    0.000000,    0.000000,    0.000000,    0.000000,    0.082148,   30.810112,    5.598067,   30.810112,  181.792138, -132.060988,  -65.569504, -329.140252,    0.000000,    0.000000,    0.086326,    2.137276,    1.170000,  597.339371,    0.409644,    0.000597,    0.000553,    0.000000
2010-03-28 24:00:00,168349943.526029,    0.000000,    0.000000,    0.000000,115551.156588,    0.000000,    0.000000,-128540.322746,13536.128171,    0.000000,    0.000000,   32.130693,15574124.765127,    0.000000,    0.000000,    0.000000,    0.000000,    0.081805,   29.813780,    6.644592,   29.813780,  171.236873, -231.132980, -108.638658, -285.362018,    0.000000,    0.000000,    0.220727,    5.196545,    1.824369,  129.512413,    0.350848,    0.000597,    0.000553,    0.000000
2010-03-29 24:00:00,168635812.118854,    0.000000,    0.000000,    0.000000,105059.451686,    0.000000,    0.000000,-94455.121551,275755.361368,    0.000000,    0.000000,   32.149091,15584070.364003,    0.000000,    0.000000,    0.000000,    0.000000,    0.081462,   28.840744,    8.603325,   28.840744,   58.781108, -169.931874,  -77.369222, -211.699223,    0.000000,    0.000000,    0.202312,    4.795190,    1.752501,  149.043457,    0.333677,    0.000597,    0.000553,    0.000000
2010-03-30 24:00:00,168897072.204686,    0.000000,    0.000000,    0.000000,95865.041679,    0.000000,    0.000000,-121003.750714,286951.572110,    0.000000,    0.000000,   32.165905,15593159.813075,    0.000000,    0.000000,    0.000000,    0.000000,    0.081118,   27.663826,    8.041778,   27.663826,   51.912417, -217.866669, -102.676576, -209.520737,    0.000000,    0.000000,    0.212990,    5.028731,    1.794670,  137.162896,    0.478407,    0.000597,    0.000553,    0.000000
2010-03-31 24:00:00,168960279.722960,    0.000000,    0.000000,    0.000000,103927.404732,    0.000000,    0.000000,-68456.685146,27584.611277,    0.000000,    0.000000,   32.169973,15595358.853608,    0.000000,    0.000000,    0.000000,    0.000000,    0.080774,   26.811617,    8.496231,   26.811617,   82.911980, -123.387643,  -57.287926, -205.132010,    0.000000,    0.000000,    0.086137,    2.132792,    1.168772,  569.118528,    0.412168,    0.000597,    0.000553,    0.000000
2010-04-01 24:00:00,169036823.130884,    0.000000,    0.000000,    0.000000,112326.797999,    0.000000,    0.000000,-35922.888283,    0.000000,    0.000000,    0.000000,   32.174900,15598021.860496,    0.000000,    0.000000,    0.000000,    0.000000,    0.080430,   26.189000,    8.524802,   26.189000,  173.783814,  -64.796957,  -28.927260, -248.269058,    0.000000,    0.000000,    0.093525,    2.309727,    1.216286,  430.712340,    0.362476,    0.000597,    0.000553,    0.000000
2010-04-02 24:00:00,169096082.250235,    0.000000,    0.000000,    0.000000,112667.735723,    0.000000,    0.000000,-53625.006882,    0.000000,    0.000000,    0.000000,   32.178713,15600083.533047,    0.000000,    0.000000,    0.000000,    0.000000,    0.080086,   25.434480,    7.177629,   25.434480,  174.506208,  -96.797815,  -38.417446, -234.627551,    0.000000,    0.000000,    0.101071,    2.489377,    1.262702,  374.761023,    0.326226,    0.000597,    0.000553,    0.000000
2010-04-03 24:00:00,169161160.107373,    0.000000,    0.000000,    0.000000,111966.796532,    0.000000,    0.000000,-47085.390820,    0.000000,    0.000000,    0.000000,   32.182902,15602347.644177,    0.000000,    0.000000,    0.000000,    0.000000,    0.079742,   24.722320,    6.232763,   24.722320,  176.637060,  -85.053849,  -30.967644, -223.657375,    0.000000,    0.000000,    0.118785,    2.906606,    1.364421,  266.201566,    0.294786,    0.000597,    0.000553,    0.000000
2010-04-04 24:00:00,169215747.261657,    0.000000,    0.000000,    0.000000,112466.096540,    0.000000,    0.000000,-58129.261800,    0.000000,    0.000000,    0.000000,   32.186415,15604246.775295,    0.000000,    0.000000,    0.000000,    0.000000,    0.079398,   23.871431,    4.527372,   23.871431,  179.709859, -105.091690,  -37.795565, -229.133125,    0.000000,    0.000000,    0.101890,    2.508831,    1.267626,  336.871267,    0.270022,    0.000597,    0.000553,    0.000000
2010-04-05 24:00:00,169279240.978780,    0.000000,    0.000000,    0.000000,113144.125219,    0.000000,    0.000000,-49871.725528,    0.000000,    0.000000,    0.000000,   32.190501,15606455.772916,    0.000000,    0.000000,    0.000000,    0.000000,    0.079054,   22.957188,    5.266946,   22.957188,  134.269835,  -90.246582,  -32.937576, -220.268172,    0.000000,    0.000000,    0.131053,    3.191899,    1.429816,  217.405101,    0.313359,    0.000597,    0.000553,    0.000000
2010-04-06 24:00:00,169394300.106879,    0.000000,    0.000000,    0.000000,113373.159382,    0.000000,    0.000000,-30272.290088,31965.987748,    0.000000,    0.000000,   32.197906,15610458.772769,    0.000000,    0.000000,    0.000000,    0.000000,    0.078710,   22.041336,    4.875275,   22.041336,   75.388922,  -54.823099,  -25.142456, -191.418551,    0.000000,    0.000000,    0.078767,    1.955291,    1.119080,  462.419398,    0.297378,    0.000597,    0.000553,    0.000000
2010-04-07 24:00:00,169488667.485998,    0.000000,    0.000000,    0.000000,112136.392515,    0.000000,    0.000000,-38220.572988,20473.110653,    0.000000,    0.000000,   32.203955,15613729.587168,    0.000000,    0.000000,    0.000000,    0.000000,    0.078366,   21.347787,    3.852700,   21.347787,  164.141550,  -69.270207,  -20.201626, -171.456165,    0.000000,    0.000000,    0.085908,    2.127337,    1.167276,  370.360294,    0.420345,    0.000597,    0.000553,    0.000000
2010-04-08 24:00:00,169551140.502056,    0.000000,    0.000000,    0.000000,112564.619187,    0.000000,    0.000000,-50592.750533,  553.259573,    0.000000,    0.000000,   32.207951,15615890.643093,    0.000000,    0.000000,    0.000000,    0.000000,    0.078024,   20.466729,    2.411778,   20.466729,  179.075515,  -91.764839,  -36.340897, -187.009662,    0.000000,    0.000000,    0.272516,    6.303228,    2.009264,   54.792657,    0.398235,    0.000597,    0.000553,    0.000000
2010-04-09 24:00:00,169721239.022775,    0.000000,    0.000000,    0.000000,111492.472818,    0.000000,    0.000000,-40624.721724,99184.272728,    0.000000,    0.000000,   32.218832,15621774.662134,    0.000000,    0.000000,    0.000000,    0.000000,    0.077681,   19.334873,    2.670606,   19.334873,   52.995907,  -73.745917,  -40.293684, -161.277639,    0.000000,    0.000000,    0.298920,    6.855348,    2.095416,   46.208108,    0.365473,    0.000597,    0.000553,    0.000000
2010-04-10 24:00:00,169768048.272694,    0.000000,    0.000000,    0.000000,110525.865330,    0.000000,    0.000000,-64204.767477,  522.885851,    0.000000,    0.000000,   32.221826,15623393.879730,    0.000000,    0.000000,    0.000000,    0.000000,    0.077340,   18.146348,    1.679108,   18.146348,  146.760038, -116.686846,  -65.739894, -202.178859,    0.000000,    0.000000,    0.111037,    2.724995,    1.321108,  231.626906,    0.449532,    0.000597,    0.000553,    0.000000
2010-04-11 24:00:00,169840369.468237,    0.000000,    0.000000,    0.000000,111874.736699,    0.000000,    0.000000,-39705.378057,  168.168008,    0.000000,    0.000000,   32.226452,15625895.602201,    0.000000,    0.000000,    0.000000,    0.000000,    0.076999,   17.243227,    2.886979,   17.243227,  161.208305,  -72.236041,  -30.401384, -185.773523,    0.000000,    0.000000,    0.105214,    2.587632,    1.287380,  235.030662,    0.291448,    0.000597,    0.000553,    0.000000
2010-04-12 24:00:00,169919234.452187,    0.000000,    0.000000,    0.000000,111877.277607,    0.000000,    0.000000,-33340.588852,  336.418195,    0.000000,    0.000000,   32.231497,15628623.686286,    0.000000,    0.000000,    0.000000,    0.000000,    0.076659,   16.355433,    1.785585,   16.355433,  184.065475,  -60.707247,  -30.330578, -209.181086,    0.000000,    0.000000,    0.095712,    2.362021,    1.229978,  250.316519,    0.371618,    0.000597,    0.000553,    0.000000
2010-04-13 24:00:00,170014378.799471,    0.000000,    0.000000,    0.000000,111975.318203,    0.000000,    0.000000,-16830.058589,    0.000000,    0.000000,    0.000000,   32.237583,15631914.903332,    0.000000,    0.000000,    0.000000,    0.000000,    0.076320,   15.594846,    1.495395,   15.594846,  183.669406,  -30.665404,  -15.759300, -208.405742,    0.000000,    0.000000,    0.061031,    1.524551,    0.988158,  450.644753,    0.347554,    0.000597,    0.000553,    0.000000
2010-04-14 24:00:00,170093496.480561,    0.000000,    0.000000,    0.000000,111979.898525,    0.000000,    0.000000,-32866.797803,    0.000000,    0.000000,    0.000000,   32.242644,15634651.728674,    0.000000,    0.000000,    0.000000,    0.000000,    0.075982,   14.682084,    2.618958,   14.682084,  188.713547,  -59.932525,  -24.416395, -204.506130,    0.000000,    0.000000,    0.112795,    2.766394,    1.331105,  165.152958,    0.448255,    0.000597,    0.000553,    0.000000
2010-04-15 24:00:00,170180375.985221,    0.000000,    0.000000,    0.000000,111884.148090,    0.000000,    0.000000,-25012.706995,    0.000000,    0.000000,    0.000000,   32.248202,15637657.049693,    0.000000,    0.000000,    0.000000,    0.000000,    0.075646,   13.893720,    1.508307,   13.893720,  200.053852,  -45.644955,  -20.952023, -191.005305,    0.000000,    0.000000,    0.197222,    4.684105,    1.732083,   60.385382,    0.434862,    0.000597,    0.000553,    0.000000
2010-04-16 24:00:00,170555157.009414,    0.000000,    0.000000,    0.000000,107793.953997,    0.000000,    0.000000,-33520.614309,300720.765343,    0.000000,    0.000000,   32.272175,15650621.411012,    0.000000,    0.000000,    0.000000,    0.000000,    0.075310,   12.565118,    1.113845,   12.565118,   44.954216,  -61.189116,  -41.728637, -133.835612,    0.000000,    0.000000,    0.218972,    5.159756,    1.817900,   48.450193,    0.363744,    0.000597,    0.000553,    0.000000
2010-04-17 24:00:00,170741413.576232,    0.000000,    0.000000,    0.000000,106492.473867,    0.000000,    0.000000,-15870.551999,95749.483929,    0.000000,    0.000000,   32.284089,15657064.366429,    0.000000,    0.000000,    0.000000,    0.000000,    0.074976,   11.534068,    1.963243,   11.534068,   63.834072,  -28.991118,  -20.991944, -133.484023,    0.000000,    0.000000,    0.041166,    1.038230,    0.815459,  624.472640,    0.346864,    0.000597,    0.000553,    0.000000
2010-04-18 24:00:00,170842810.444365,    0.000000,    0.000000,    0.000000,110480.964753,    0.000000,    0.000000,-16584.951275, 7484.768080,    0.000000,    0.000000,   32.290576,15660571.869612,    0.000000,    0.000000,    0.000000,    0.000000,    0.074644,   10.406634,    0.538444,   10.406634,   62.350756,  -30.328868,  -18.749221, -133.340821,    0.000000,    0.000000,    0.155114,    3.743561,    1.548453,   80.735159,    0.268452,    0.000597,    0.000553,    0.000000
2010-04-19 24:00:00,170932213.890734,    0.000000,    0.000000,    0.000000,111782.444882,    0.000000,    0.000000,-22423.377737,    0.000000,    0.000000,    0.000000,   32.296294,15663664.498392,    0.000000,    0.000000,    0.000000,    0.000000,    0.074313,    9.533696,    0.270493,    9.533696,  149.957066,  -41.038724,  -18.743651, -138.360297,    0.000000,    0.000000,    0.113173,    2.775394,    1.333269,  119.510251,    0.286826,    0.000597,    0.000553,    0.000000
2010-04-20 24:00:00,171028517.218159,    0.000000,    0.000000,    0.000000,112851.173491,    0.000000,    0.000000,-16483.632191,    0.000000,    0.000000,    0.000000,   32.302440,15666988.238366,    0.000000,    0.000000,    0.000000,    0.000000,    0.073984,    8.895677,    1.461478,    8.895677,  196.091415,  -30.183991,   -2.653336, -141.246159,    0.000000,    0.000000,    0.091757,    2.267684,    1.205166,  111.536654,    0.454942,    0.000597,    0.000553,    0.000000
2010-04-21 24:00:00,171133288.000570,    0.000000,    0.000000,    0.000000,112851.173491,    0.000000,    0.000000,-8050.808318,    0.000000,    0.000000,    0.000000,   32.309101,15670591.787675,    0.000000,    0.000000,    0.000000,    0.000000,    0.073656,    3.320043,    2.928663,    2.928663,  201.565362,  -14.770873,    5.055153, -141.956257,    0.000000,    0.000000,    0.086184,    2.134105,    1.169131,   21.637633,    0.144148,    0.000597,    0.000553,    0.000000
2010-04-22 24:00:00,171255730.018085,    0.000000,    0.000000,    0.000000,112678.742756,    0.000000,    0.000000,-2971.210019,12701.114860,    0.000000,    0.000000,   32.316886,15674803.132072,    0.000000,    0.000000,    0.000000,    0.000000,    0.073331,    2.019165,    2.019165,    2.019165,  185.824800,   -5.474874,   11.134341, -103.775167,    0.000000,    0.000000,    0.155918,    3.761926,    1.552246,    0.000000,    0.146845,    0.000597,    0.000553,    0.000000
2010-04-23 24:00:00,171362713.447839,    0.000000,    0.000000,    0.000000,112678.742756,    0.000000,    0.000000,-5677.303772,    0.000000,    0.000000,    0.000000,   32.323688,15678482.784504,    0.000000,    0.000000,    0.000000,    0.000000,    0.073007,    0.751392,    0.626327,    0.626327,  187.241285,  -10.467961,   14.474031, -123.175224,    0.000000,    0.000000,    0.112728,    2.765020,    1.330775,   49.521355,    0.146881,    0.000597,    0.000553,    0.000000
2010-04-24 24:00:00,171350727.459307,    0.000000,121019.371424,    0.000000,112851.173491,    0.000000,    0.000000,-3405.399983,    0.000000,    0.000000,    0.000000,   32.322926,15678070.531205,    0.008418,    0.000000,    0.000000,    0.000000,    0.072686,   -0.513472,   -0.513472,   -0.513472,  204.538250,   -6.240770,    3.692923,  -93.587400,    0.000000,    0.000000,    0.172438,    4.134355,    1.627269,    0.000000,    0.146877,    0.000597,    0.000553,    0.000000
2010-04-25 24:00:00,171361408.378788,    0.000000,221643.952927,    0.000000,112851.173491,    0.000000,    0.000000,-1208.015117,    0.000000,    0.000000,    0.000000,   32.323605,15678437.897174,    0.015416,    0.000000,  100.000000,    0.000000,    0.191462,   -1.736828,   -1.736828,   -1.736828,  162.974202,   -2.165569,    0.000558,  -23.155443,    0.000000,    0.000000,    0.172438,    4.134355,    1.627269,    0.000000,    0.146881,    0.000597,    0.000553,    0.000000
2010-04-26 24:00:00,171392232.810729,    0.000000,302869.869147,    0.000000,112352.887945,    0.000000,    0.000000,  -41.602961,    0.000000,    0.000000,    0.000000,   32.325565,15679498.091227,    0.021065,    0.000000,  100.000000,    0.000000,    0.214256,   -3.042197,   -3.042197,   -3.042197,  127.089814,   -0.075331,    0.000487,   -1.272223,    0.000000,    0.000000,    0.172438,    4.134355,    1.627269,    0.000000,    0.146891,    0.000597,    0.000553,    0.000000
2010-04-27 24:00:00,171396525.684414,    0.000000,450036.654765,    0.000000,111418.050916,    0.000000,    0.000000, -767.543219,41218.219972,    0.000000,    0.000000,   32.325838,15679645.742907,    0.031300,    0.000000,  100.000000,    0.000000,    0.227277,   -4.440480,   -4.440480,   -4.440480,   47.721409,   -1.210419,    0.000315,   11.924116,    0.000000,    0.000000,    0.172438,    4.134355,    1.627269,    0.000000,    0.146893,    0.000597,    0.000553,    0.000000
2010-04-28 24:00:00,171202988.904343,    0.000000,747700.651847,    0.000000,111206.135794,    0.000000,    0.000000,-5619.273674,    0.000000,    0.000000,    0.000000,   32.313533,15672989.122483,    0.052024,    0.000000,  100.000000,    0.000000,    0.245294,   -5.732777,   -5.732777,   -5.732777,   93.782097,  -10.179165,    0.000215,  -10.920210,    0.000000,    0.000000,    0.172438,    4.134355,    1.627269,    0.000000,    0.146828,    0.000597,    0.000553,    0.000000
2010-04-29 24:00:00,170834403.612213,    0.000000,1219344.494650,    0.000000,112134.302938,    0.000000,    0.000000,-6926.631984,    0.000000,    0.000000,    0.000000,   32.290038,15660281.061907,    0.084910,    0.000000,  100.000000,    0.000000,    0.271263,   -6.906313,   -6.906313,   -6.906313,  142.002781,  -12.557592,    0.000358,  -55.549429,    0.000000,    0.000000,    0.172438,    4.134355,    1.627269,    0.000000,    0.146704,    0.000597,    0.000553,    0.000000
2010-04-30 24:00:00,170501400.251229,    0.000000,1660134.380873,    0.000000,112844.503606,    0.000000,    0.000000,-4134.048530,    0.000000,    0.000000,    0.000000,   32.268737,15648761.866394,    0.115689,    0.000000,  100.000000,    0.000000,    0.299847,   -8.101859,   -8.101859,   -8.101859,  162.509820,   -7.500313,    0.000553,  -52.761405,    0.000000,    0.000000,    0.172438,    4.134355,    1.627269,    0.000000,    0.146593,    0.000597,    0.000553,    0.000000
2010-05-01 24:00:00,170425392.703171,    0.000000,1847280.461868,    0.000000,112849.836171,    0.000000,    0.000000,-1336.674437,    0.000000,    0.000000,    0.000000,   32.263875,15646132.626244,    0.128753,    0.000000,  100.000000,    0.000000,    0.319949,   -9.382371,   -9.382371,   -9.382371,  121.601211,   -0.149732,    0.000759,   32.772701,    0.000000,    0.000000,    0.172438,    4.134355,    1.627269,    0.000000,    0.146568,    0.000597,    0.000553,    0.000000
2010-05-02 24:00:00,170375345.632779,    0.000000,2009795.800904,    0.000000,112831.013388,    0.000000,    0.000000,  -12.116267,    0.000000,    0.000000,    0.000000,   32.260673,15644401.406514,    0.140095,    0.000000,  100.000000,    0.000000,    0.327307,  -10.653274,  -10.653274,  -10.653274,   98.467423,    0.000000,    0.000985,   65.126708,    0.000000,    0.000000,    0.172438,    4.134355,    1.627269,    0.000000,    0.146551,    0.000597,    0.000553,    0.000000
2010-05-03 24:00:00,170184528.973922,    0.000000,2311793.667993,    0.000000,112553.368980,    0.000000,    0.000000,    0.000000,    0.000000,    0.000000,    0.000000,   32.248467,15637800.709170,    0.161214,    0.000000,  100.000000,    0.000000,    0.333268,  -11.891555,  -11.891555,  -11.891555,   96.475687,    0.000000,    0.000995,   48.313477,    0.000000,    0.000000,    0.172438,    4.134355,    1.627269,    0.000000,    0.146487,    0.000597,    0.000553,    0.000000
2010-05-04 24:00:00,169772886.751134,    0.000000,2829609.389397,    0.000000,111203.435348,    0.000000,    0.000000,-1381.810841,    0.000000,    0.000000,    0.000000,   32.222136,15623561.251551,    0.197505,    0.000000,  100.000000,    0.000000,    0.343493,  -13.092303,  -13.092303,  -13.092303,  122.962705,    0.000000,    0.000768,   -3.605969,    0.000000,    0.000000,    0.172438,    4.134355,    1.627269,    0.000000,    0.146349,    0.000597,    0.000553,    0.000000
2010-05-05 24:00:00,169298934.700565,    0.000000,3415600.071295,    0.000000,112445.296784,    0.000000,    0.000000,-1828.410961, 6216.683682,    0.000000,    0.000000,   32.191768,15607140.933379,    0.238657,    0.000000,  100.000000,    0.000000,    0.358995,  -14.268610,  -14.268610,  -14.268610,  138.980873,   -0.000003,    0.000746,  -15.618623,    0.000000,    0.000000,    0.172438,    4.134355,    1.627269,    0.000000,    0.146191,    0.000597,    0.000553,    0.000000
2010-05-06 24:00:00,168810262.375014,    0.000000,4008152.827706,    0.000000,111378.540723,    0.000000,    0.000000,-3874.774721,    0.000000,    0.000000,    0.000000,   32.160319,15590139.629096,    0.280366,    0.000000,  100.000000,    0.000000,    0.374252,  -15.460052,  -15.460052,  -15.460052,   99.956618,   -0.175394,    0.000702,   15.663138,    0.000000,    0.000000,    0.172438,    4.134355,    1.627269,    0.000000,    0.146027,    0.000597,    0.000553,    0.000000
2010-05-07 24:00:00,168164477.399248,    0.000000,4754475.390487,    0.000000,111382.686416,    0.000000,    0.000000,-3763.822897,    0.000000,    0.000000,    0.000000,   32.118757,15567672.249012,    0.333050,    0.000000,  100.000000,    0.000000,    0.387880,  -16.618865,  -16.618865,  -16.618865,  139.028398,   -0.312166,    0.000536,  -31.526142,    0.000000,    0.000000,    0.172438,    4.134355,    1.627269,    0.000000,    0.145811,    0.000597,    0.000553,    0.000000
2010-05-08 24:00:00,167459952.371834,    0.000000,5555658.628529,    0.000000,109174.378503,    0.000000,    0.000000,-3700.609945,    0.000000,    0.000000,    0.000000,   32.073299,15543059.367687,    0.389789,    0.000000,  100.000000,    0.000000,    0.403139,  -17.799252,  -17.799252,  -17.799252,   55.742505,   -0.155429,    0.000420,   16.198299,    0.000000,    0.000000,    0.172438,    4.134355,    1.627269,    0.000000,    0.145575,    0.000597,    0.000553,    0.000000
2010-05-09 24:00:00,166601969.043244,    0.000000,6505567.673363,    0.000000,109171.954610,    0.000000,    0.000000,-8880.203965, 4250.103873,    0.000000,    0.000000,   32.017839,15512997.808870,    0.457320,    0.000000,  100.000000,    0.000000,    0.417732,  -18.950509,  -18.950509,  -18.950509,   72.607145,   -5.991505,    0.000249,  -13.105859,    0.000000,    0.000000,    0.172438,    4.134355,    1.627269,    0.000000,    0.145288,    0.000597,    0.000553,    0.000000
2010-05-10 24:00:00,165746493.276827,    0.000000,7442848.442480,    0.000000,111977.474632,    0.000000,    0.000000,-10107.451833,    0.000000,    0.000000,    0.000000,   31.962742,15482730.027745,    0.524231,    0.000000,  100.000000,    0.000000,    0.433222,  -20.081965,  -20.081965,  -20.081965,   94.652960,   -3.194533,    0.000297,  -14.698754,    0.000000,    0.000000,    0.172438,    4.134355,    1.627269,    0.000000,    0.146735,    0.000597,    0.000553,    0.000000
2010-05-11 24:00:00,164830325.720450,    0.000000,8437688.364334,    0.000000,112075.648959,    0.000000,    0.000000,-4956.597642,    0.000000,    0.000000,    0.000000,   31.903839,15450164.915768,    0.595554,    0.000000,  100.000000,    0.000000,    0.440000,  -21.192438,  -21.192438,  -21.192438,  132.211449,   -0.827120,    0.000507,  -44.323351,    0.000000,    0.000000,    0.172438,    4.134355,    1.627269,    0.000000,    0.146419,    0.000597,    0.000553,    0.000000
2010-05-12 24:00:00,163875869.531903,    0.000000,9472202.471574,    0.000000,111979.898525,    0.000000,    0.000000,-2588.498745,    0.000000,    0.000000,    0.000000,   31.842112,15416052.812796,    0.670052,    0.000000,  100.000000,    0.000000,    0.440000,  -22.302013,  -22.302013,  -22.302013,   85.972595,   -0.207555,    0.000521,   -9.894072,    0.000000,    0.000000,    0.172438,    4.134355,    1.627269,    0.000000,    0.146089,    0.000597,    0.000553,    0.000000
2010-05-13 24:00:00,162899487.902281,    0.000000,10520760.006684,    0.000000,111813.203242,    0.000000,    0.000000,-7176.393446,    0.000000,    0.000000,    0.000000,   31.778809,15381076.119834,    0.745918,    0.000000,  100.000000,    0.000000,    0.440000,  -23.395006,  -23.395006,  -23.395006,  132.072418,   -0.133614,    0.000632,  -37.257044,    0.000000,    0.000000,    0.172438,    4.134355,    1.627269,    0.000000,    0.145752,    0.000597,    0.000553,    0.000000
2010-05-14 24:00:00,162228574.446300,    0.000000,11512837.242987,    0.000000,110952.587426,    0.000000,    0.000000,-6663.223248,241938.878404,    0.000000,    0.000000,   31.735129,15356948.314728,    0.817538,    0.000000,  100.000000,    0.000000,    0.440000,  -24.483819,  -24.483819,  -24.483819,   83.119833,   -0.056939,    0.000571,   28.727918,    0.000000,    0.000000,    0.172438,    4.134355,    1.627269,    0.000000,    0.145521,    0.000597,    0.000553,    0.000000
2010-05-15 24:00:00,161213071.695460,    0.000000,12589700.165783,    0.000000,111002.670078,    0.000000,    0.000000,-12703.218606,    0.000000,    0.000000,    0.000000,   31.668817,15320327.427979,    0.896144,    0.000000,  100.000000,    0.000000,    0.440000,  -25.554931,  -25.554931,  -25.554931,   96.367801,    0.000000,    0.000664,    5.638157,    0.000000,    0.000000,    0.172438,    4.134355,    1.627269,    0.000000,    0.145170,    0.000597,    0.000553,    0.000000
2010-05-16 24:00:00,160149275.004829,    0.000000,13711649.830646,    0.000000,111863.285894,    0.000000,    0.000000,-12635.642276,    0.000000,    0.000000,    0.000000,   31.599114,15281841.662335,    0.978464,    0.000000,  100.000000,    0.000000,    0.440000,  -26.611854,  -26.611854,  -26.611854,  133.913440,   -0.095009,    0.000740,  -25.021087,    0.000000,    0.000000,    0.172438,    4.134355,    1.627269,    0.000000,    0.144803,    0.000597,    0.000553,    0.000000
2010-05-17 24:00:00,159037589.105414,    0.000000,14879370.000334,    0.000000,111884.148090,    0.000000,    0.000000,-10472.377246,    0.000000,    0.000000,    0.000000,   31.525946,15241324.426222,    1.064615,    0.000000,  100.000000,    0.000000,    0.440000,  -27.647703,  -27.647703,  -27.647703,  133.842726,   -0.009847,    0.000862,  -25.502450,    0.000000,    0.000000,    0.172438,    4.134355,    1.627269,    0.000000,    0.144420,    0.000597,    0.000553,    0.000000
2010-05-18 24:00:00,157858156.417008,    0.000000,16100780.863507,    0.000000,111478.689289,    0.000000,    0.000000,-9016.243625,    0.000000,    0.000000,    0.000000,   31.448604,15197862.510291,    1.155301,    0.000000,  100.000000,    0.000000,    0.440000,  -28.668932,  -28.668932,  -28.668932,   91.424192,   -0.042465,    0.000709,    8.110345,    0.000000,    0.000000,    0.172438,    4.134355,    1.627269,    0.000000,    0.144013,    0.000597,    0.000553,    0.000000
2010-05-19 24:00:00,156659029.905157,    0.000000,17466540.809549,    0.000000,109677.703337,    0.000000,    0.000000,-7287.051344,136539.574994,    0.000000,    0.000000,   31.369920,15153330.989273,    1.256983,    0.000000,  100.000000,    0.000000,    0.440000,  -27.431342,  -29.650586,  -29.650586,   33.144372,    0.000000,    0.000464,   34.138434,    0.000000,    0.000000,    0.172438,    4.134355,    1.627269,  448.079141,    0.431831,    0.000597,    0.000553,    0.000000
2010-05-20 24:00:00,155492733.062302,    0.000000,18653701.121857,    0.000000,110055.897521,    0.000000,    0.000000,-17805.477945,    0.000000,    0.000000,    0.000000,   31.293036,15109835.155115,    1.346282,    0.000000,  100.000000,    0.000000,    0.440000,  -27.594185,  -30.662659,  -30.662659,  126.793401,    0.000000,    0.000793,    5.342376,    0.000000,    0.000000,    0.172438,    4.134355,    1.627269,  502.171551,    0.431125,    0.000597,    0.000553,    0.000000
2010-05-21 24:00:00,154281396.972348,    0.000000,19889038.520922,    0.000000,111856.883473,    0.000000,    0.000000,-12319.747825,    0.000000,    0.000000,    0.000000,   31.212708,15064413.163198,    1.439767,    0.000000,  100.000000,    0.000000,    0.440000,  -28.132191,  -31.656218,  -31.656218,  133.092194,    0.000000,    0.000871,   -0.994972,    0.000000,    0.000000,    0.172438,    4.134355,    1.627269,  470.465494,    0.151446,    0.000597,    0.000553,    0.000000
2010-05-22 24:00:00,153019110.360552,    0.000000,21164491.822787,    0.000000,111884.148090,    0.000000,    0.000000,-17040.626540,    0.000000,    0.000000,    0.000000,   31.128534,15016839.050060,    1.536951,    0.000000,  100.000000,    0.000000,    0.440000,  -16.152156,  -32.624507,  -32.624507,  111.311060,    0.000000,    0.000828,   17.620697,    0.000000,    0.000000,    0.172438,    4.134355,    1.627269,  417.097068,    0.147504,    0.000597,    0.000553,    0.000000
2010-05-23 24:00:00,151771976.939385,    0.000000,22419820.660341,    0.000000,111884.148090,    0.000000,    0.000000,-19081.354848,    0.000000,    0.000000,    0.000000,   31.045037,14969981.480031,    1.633208,    0.000000,  100.000000,    0.000000,    0.440000,  -15.882760,  -33.585756,  -33.585756,  128.479597,    0.000000,    0.000860,   17.321635,    0.000000,    0.000000,    0.172438,    4.134355,    1.627269,  649.058068,    0.147455,    0.000597,    0.000553,    0.000000
2010-05-24 24:00:00,150515708.037131,    0.000000,23677506.445485,    0.000000,111884.148090,    0.000000,    0.000000,-16876.742145,    0.000000,    0.000000,    0.000000,   30.961049,14924516.106709,    1.730081,    0.000000,  100.000000,    0.000000,    0.440000,  -15.357893,  -34.526067,  -34.526067,  132.104469,    0.000000,    0.000960,   25.153037,    0.000000,    0.000000,    0.172438,    4.134355,    1.627269,  881.434891,    0.147455,    0.000597,    0.000553,    0.000000
2010-05-25 24:00:00,149279786.900148,    0.000000,24902633.286165,    0.000000,111884.148090,    0.000000,    0.000000,-21394.269621,    0.000000,    0.000000,    0.000000,   30.878565,14881564.366752,    1.824851,    0.000000,  100.000000,    0.000000,    0.440000,  -13.949434,  -35.446854,  -35.446854,  131.757905,    0.000000,    0.001076,   44.264332,    0.000000,    0.000000,    0.172438,    4.134355,    1.627269,  482.311651,    0.147455,    0.000597,    0.000553,    0.000000
2010-05-26 24:00:00,148065199.514863,    0.000000,26095843.577157,    0.000000,111040.516311,    0.000000,    0.000000,-30666.315569,    0.000000,    0.000000,    0.000000,   30.797077,14839140.295235,    1.917756,    0.000000,  100.000000,    0.000000,    0.440000,  -13.272705,  -36.350836,  -36.350836,  129.230370,    0.000000,    0.001156,   63.391658,    0.000000,    0.000000,    0.172438,    4.134355,    1.627269,  763.290325,    0.147231,    0.000597,    0.000553,    0.000000
2010-05-27 24:00:00,146645097.887590,    0.000000,27504200.420068,    0.000000,111031.556266,    0.000000,    0.000000,-15556.747926,13852.107751,    0.000000,    0.000000,   30.701176,14789224.816163,    2.028076,    0.000000,  100.000000,    0.000000,    0.440000,  -22.023271,  -37.230861,  -37.230861,  110.353381,    0.000000,    0.000931,   36.062366,    0.000000,    0.000000,    0.172438,    4.134355,    1.627269,  704.484020,    0.147228,    0.000597,    0.000553,    0.000000
2010-05-28 24:00:00,145117615.053364,    0.000000,28994255.453238,    0.000000,111875.188044,    0.000000,    0.000000,-16496.518158,    0.000000,    0.000000,    0.000000,   30.597315,14735171.405946,    2.145791,    0.000000,  100.000000,    0.000000,    0.440000,  -24.884110,  -38.104048,  -38.104048,  132.724909,    0.000000,    0.000841,    0.214199,    0.000000,    0.000000,    0.172438,    4.134355,    1.627269,  496.472152,    0.147453,    0.000597,    0.000553,    0.000000
2010-05-29 24:00:00,143571993.551199,    0.000000,30489968.852270,    0.000000,111530.928377,    0.000000,    0.000000,-18779.857936,    0.000000,    0.000000,    0.000000,   30.491793,14679750.166408,    2.265004,    0.000000,  100.000000,    0.000000,    0.440000,  -18.427056,  -38.948328,  -38.948328,   99.455569,    0.000000,    0.000844,   38.548975,    0.000000,    0.000000,    0.172438,    4.134355,    1.627269,  559.275186,    0.147361,    0.000597,    0.000553,    0.000000
2010-05-30 24:00:00,141857832.704937,    0.000000,32106947.767376,    0.000000,111530.928377,    0.000000,    0.000000,-20589.915070,    0.000000,    0.000000,    0.000000,   30.375390,14616272.974393,    2.395483,    0.000000,  100.000000,    0.000000,    0.440000,  -19.927889,  -39.771802,  -39.771802,   91.241757,    0.000000,    0.000790,   17.622814,    0.000000,    0.000000,    0.172438,    4.134355,    1.627269,  383.613109,    0.433936,    0.000597,    0.000553,    0.000000
2010-05-31 24:00:00,140184502.558163,    0.000000,33689580.547984,    0.000000,111884.148090,    0.000000,    0.000000,-14566.744661,    0.000000,    0.000000,    0.000000,   30.260851,14553842.936346,    2.524344,    0.000000,  100.000000,    0.000000,    0.440000,  -19.842241,  -40.587366,  -40.587366,  113.270479,    0.000000,    0.000822,   15.056947,    0.000000,    0.000000,    0.172438,    4.134355,    1.627269,  501.097836,    0.147455,    0.000597,    0.000553,    0.000000
2010-06-01 24:00:00,138504285.887966,    0.000000,35267178.186267,