time,FLOW,SALT,TEMP,OGM_doc,OGM_poc,OGM_don,NIT_nit,NIT_amm,OGM_pon,PHS_frp,OGM_dop,OGM_pop,PHS_frp_ads
2018-12-31,NA,0,NA,125,12.5,NA,NA,NA,NA,NA,NA,NA,NA
2019-01-01,1.96249967371261,0,3.50520501322746,125,12.5,9.50179459053556,2.37544864763389,2.37544864763389,9.50179459053556,0.00782958327911014,0.0380862779848239,0.0867889400769158,0.13270480134085
2019-01-02,1.96249967362929,0,1.03190450997308,125,12.5,8.33898453055831,2.08474613263958,2.08474613263958,8.33898453055831,0.0133091821676302,0.0647412759679638,0.147528900637799,0.225579358773393
2019-01-03,1.96249967395102,0,1.03493865209803,125,12.5,24.847609415525,6.21190235388126,6.21190235388126,24.847609415525,0.00898641574017767,0.0437135816513727,0.0996121337979016,0.152312131189452
2019-01-04,1.94553455958427,0,1.04064376865609,125,12.5,34.3869030158913,8.59672575397283,8.59672575397283,34.3869030158913,0.00847614412136622,0.0412314129293577,0.0939559026334493,0.143663459684173
2019-01-05,1.94553455997892,0,1.34421728090277,125,12.5,25.5466956172427,6.38667390431068,6.38667390431068,25.5466956172427,0.014388317330164,0.069990628368764,0.159490839558089,0.243869785257017
2019-01-06,1.94553455983335,0,1.03632696430478,125,12.5,20.163325023079,5.04083125576975,5.04083125576975,20.163325023079,0.0116086269142239,0.0564690834641059,0.128678677998346,0.196756388376676
2019-01-07,1.9455345594387,0,1.03493865224693,125,12.5,13.8817136666139,3.47042841665348,3.47042841665348,13.8817136666139,0.00980781295591687,0.0477091918364092,0.10871711310457,0.166234117896896
2019-01-08,1.94553456013974,0,1.03337786337741,125,12.5,22.6413156787087,5.66032891967716,5.66032891967716,22.6413156787087,0.0143022434142259,0.0695719298285228,0.158536732083115,0.242410905325864
2019-01-09,1.94553455965348,0,1.91217127486096,125,12.5,12.8458377607851,3.21145944019627,3.21145944019627,12.8458377607851,0.00700828448762352,0.034091146575389,0.0776850517780641,0.118784482841077
2019-01-10,1.94553455995243,0,1.03234878803888,125,12.5,17.4904611380147,4.37261528450367,4.37261528450367,17.4904611380147,0.0141683166044918,0.0689204553472736,0.157052187446401,0.240140959398166
2019-01-11,1.9455345594387,0,1.03493865224693,125,12.5,15.3117741950392,3.82794354875979,3.82794354875979,15.3117741950392,0.00701863169811402,0.0341414796162496,0.0777997479757046,0.118959859290068
2019-01-12,1.9455345594387,0,1.03493865224693,125,12.5,22.6460362981086,5.66150907452715,5.66150907452715,22.6460362981086,0.0146795327786747,0.0714072187708411,0.162718888767004,0.24880564031652
2019-01-13,1.92888186491633,0,1.03493865210216,125,12.5,11.459567161018,2.8648917902545,2.8648917902545,11.459567161018,0.00715819806973384,0.0348203872205697,0.0793468057221345,0.121325391012438
2019-01-14,1.92888186491633,0,1.03493865210216,125,12.5,33.330402986195,8.33260074654876,8.33260074654876,33.330402986195,0.0123476281391558,0.0600638860328425,0.136870318695049,0.209281832867047
2019-01-15,1.92888186491633,0,1.03493865210216,125,12.5,12.1497888164061,3.03744720410153,3.03744720410153,12.1497888164061,0.0160623295099434,0.0781337045653177,0.178046838974626,0.272242873049887
2019-01-16,1.92888186491633,0,1.03493865210216,125,12.5,35.613049503755,8.90326237593874,8.90326237593874,35.613049503755,0.0125715117787121,0.0611529471269555,0.139352011919961,0.213076470825629
2019-01-17,1.92888186491633,0,1.03493865210216,125,12.5,15.843717291867,3.96092932296676,3.96092932296676,15.843717291867,0.00841494993024495,0.0409337394911915,0.0932775805827152,0.142626270004152
2019-01-18,1.92888186491633,0,1.03493865210216,125,12.5,33.7904079565588,8.44760198913969,8.44760198913969,33.7904079565588,0.0114706684269829,0.055797997263459,0.127149443241471,0.194418108931913
2019-01-19,1.92888186491633,0,1.03493865210216,125,12.5,13.225976552451,3.30649413811274,3.30649413811274,13.225976552451,0.0123721678690165,0.0601832572611478,0.13714233536164,0.209697760491804
2019-01-20,1.92888186491633,0,1.03493865210216,125,12.5,30.8112227073775,7.70280567684437,7.70280567684437,30.8112227073775,0.00680681841006783,0.0331111336218554,0.0754518515285485,0.115369803560472
2019-01-21,1.92888186491633,0,1.03493865210216,125,12.5,21.6605444504905,5.41513611262262,5.41513611262262,21.6605444504905,0.0136277396330015,0.0662908690622277,0.151060029152254,0.230978637847483
2019-01-22,1.92888186491633,0,1.03493865210216,125,12.5,17.4930466695178,4.37326166737944,4.37326166737944,17.4930466695178,0.0101408766498549,0.0493293491272605,0.112409039474663,0.171879265251779
2019-01-23,1.92888186483724,0,1.03468601392028,125,12.5,39.2006847343128,9.80017118357821,9.80017118357821,39.2006847343128,0.0139575460753112,0.067895181756175,0.154715849716162,0.236568577547648
2019-01-24,1.92888186481769,0,4.59300886657646,125,12.5,14.273225630064,3.568306407516,3.568306407516,14.273225630064,0.00642420785181767,0.0312499602283334,0.0712107107642163,0.108884878844367
2019-01-25,18.7880552494192,0,0.674004752337925,125,12.5,2.78752998998633,0.696882497496582,0.696882497496582,2.78752998998633,0.000979980199560827,0.00476702232667725,0.0108628313646234,0.0166098338908615
2019-01-26,1.9455345594387,0,1.03493865224693,125,12.5,22.1877808529612,5.54694521324029,5.54694521324029,22.1877808529612,0.0109841661998812,0.0534314525316257,0.121756689741057,0.186172308472563
2019-01-27,1.94553455960026,0,1.0349381704346,125,12.5,41.9411715362444,10.4852928840611,10.4852928840611,41.9411715362444,0.0139601115771513,0.0679076614007189,0.154744287651812,0.236612060629683
2019-01-28,1.94553455960026,0,1.0349381704346,125,12.5,24.3550481597672,6.0887620399418,6.0887620399418,24.3550481597672,0.0105884267391879,0.0515064148160495,0.117370018430998,0.179464859986235
2019-01-29,1.9455345594387,0,1.03493865224693,125,12.5,22.5102931654983,5.62757329137457,5.62757329137457,22.5102931654983,0.010670806213958,0.0519071420916264,0.118283173964891,0.180861122270475
2019-01-30,1.9455345594387,0,1.03493865224693,125,12.5,23.5060495352665,5.87651238381662,5.87651238381662,23.5060495352665,0.00896304174232392,0.0435998810177452,0.0993530389742347,0.151915961734304
2019-01-31,1.9455345594387,0,1.03493865224693,125,12.5,36.4905412217237,9.12263530543093,9.12263530543093,36.4905412217237,0.0102953001988757,0.0500805280860562,0.114120785255334,0.174496613540266
2019-02-01,1.9455345594387,0,1.03493865224693,125,12.5,20.7349759964084,5.18374399910211,5.18374399910211,20.7349759964084,0.0101822293948982,0.0495305057006064,0.112867424140058,0.172580159235562
2019-02-02,1.9455345594387,0,1.03493865224693,125,12.5,6.39327779273525,1.59831944818381,1.59831944818381,6.39327779273525,0.0110180510842945,0.0535962823930935,0.122132295069976,0.186746628547364
2019-02-03,1.9455345594387,0,1.03493865224693,125,12.5,36.2942604403356,9.07356511008389,9.07356511008389,36.2942604403356,0.0105743604805731,0.0514379908122792,0.11721409753042,0.179226448823273
2019-02-04,1.94553455940564,0,2.43911241453239,125,12.5,26.2610028538176,6.56525071345441,6.56525071345441,26.2610028538176,0.0139994377218391,0.0680989597655565,0.155180207967505,0.237278605454901
2019-02-05,1.94553455952658,0,4.07546517253943,125,12.5,17.8441161234147,4.46102903085367,4.46102903085367,17.8441161234147,0.0134422609518619,0.0653886253082097,0.149004045127419,0.22783493138749
2019-02-06,1.94553456020915,0,1.03473786968089,125,12.5,8.62842172290283,2.15710543072571,2.15710543072571,8.62842172290283,0.0108044127824251,0.0525570587890848,0.119764168808577,0.183125640380086
2019-02-07,1.94553455960272,0,1.40331368416659,125,12.5,13.6574226329939,3.41435565824846,3.41435565824846,13.6574226329939,0.0159980338492798,0.0778209443176831,0.177334137922525,0.271153116089488
2019-02-08,1.94553456003511,0,2.7509191850158,125,12.5,20.867037931654,5.21675948291351,5.21675948291351,20.867037931654,0.0125253745727931,0.0609285169896883,0.138840592722147,0.212294484284628
2019-02-09,1.9455345595206,0,1.03308009995909,125,12.5,15.2798111865548,3.81995279663871,3.81995279663871,15.2798111865548,0.0126320039042316,0.0614472054324487,0.140022551751991,0.214101761088672
2019-02-10,1.9455345594387,0,1.03493865224693,125,12.5,16.2583835237532,4.0645958809383,4.0645958809383,16.2583835237532,0.0124699176871021,0.0606587521389542,0.138225867243471,0.211354537069527
2019-02-11,1.9455345594387,0,1.03493865224693,125,12.5,11.8751773957496,2.96879434893739,2.96879434893739,11.8751773957496,0.00865037212173394,0.0420789287955532,0.0958871757222712,0.146616476639558
2019-02-12,1.9455345594387,0,1.03493865224693,125,12.5,11.4367722044191,2.85919305110477,2.85919305110477,11.4367722044191,0.0143776806768321,0.0699388873601835,0.159372934960139,0.243689502997155
2019-02-13,1.9455345594387,0,1.03493865224693,125,12.5,16.1300134151024,4.03250335377559,4.03250335377559,16.1300134151024,0.00978790962507502,0.0476123739389242,0.108496489742357,0.165896773306356
2019-02-14,1.9455345594387,0,1.03493865224693,125,12.5,7.35729212873766,1.83932303218441,1.83932303218441,7.35729212873766,0.0107755988797453,0.0524168962455406,0.119444774022939,0.182637269148225
2019-02-15,1.94553455959885,0,1.0346461747991,125,12.5,16.0082923209933,4.00207308024832,4.00207308024832,16.0082923209933,0.0148438602141665,0.0722065742621321,0.16454041661127,0.251590851087568
2019-02-16,1.94553456018521,0,1.04072052585165,125,12.5,19.4362616865426,4.85906542163566,4.85906542163566,19.4362616865426,0.0161981995400821,0.0787946316610772,0.179552923715486,0.274545754916645
2019-02-17,1.92888186450269,0,1.03493824783141,125,12.5,32.3834767338929,8.09586918347323,8.09586918347323,32.3834767338929,0.00917366676713282,0.0446244468163919,0.101687763825506,0.155485877409031
2019-02-18,1.92888186491633,0,1.03493865210216,125,12.5,24.8765532712776,6.2191383178194,6.2191383178194,24.8765532712776,0.0101238900557173,0.0492467194235742,0.112220747397274,0.171591356876565
2019-02-19,1.92888186491633,0,1.03493865210216,125,12.5,29.1012973970294,7.27532434925734,7.27532434925734,29.1012973970294,0.0134980287615732,0.0656599026198562,0.149622217119812,0.228780148501241
2019-02-20,1.92888186491633,0,1.03493865210216,125,12.5,26.5306875244328,6.6326718811082,6.6326718811082,26.5306875244328,0.0116020478780299,0.0564370803558404,0.128605751054772,0.196644879288643
2019-02-21,1.92888186454942,0,1.03488264614793,125,12.5,11.7058725412156,2.92646813530391,2.92646813530391,11.7058725412156,0.00924228418840259,0.0449582298656194,0.102448370495174,0.156648884549196
2019-02-22,1.92888186454942,0,1.03701479863013,125,12.5,21.2526171361393,5.31315428403482,5.31315428403482,21.2526171361393,0.00959893831021847,0.0466931405937746,0.106401790760727,0.16269386966472
2019-02-23,1.92888186491633,0,1.03493865210216,125,12.5,22.2292728643831,5.55731821609578,5.55731821609578,22.2292728643831,0.0101157009616932,0.049206884339084,0.112129973371989,0.171452558672766
2019-02-24,17.5236541799606,0,0.678563636164619,125,12.5,2.34794614120824,0.58698653530206,0.58698653530206,2.34794614120824,0.00112987371908703,0.00549616537928773,0.0125243629200494,0.0191504020184242
2019-02-25,1.94553455996064,0,1.03421074784198,125,12.5,14.5303290440433,3.63258226101082,3.63258226101082,14.5303290440433,0.0144689433020728,0.0703828258931338,0.16038455795857,0.245236327153776
2019-02-26,1.92888186491633,0,1.03493865210216,125,12.5,15.3392597082916,3.83481492707291,3.83481492707291,15.3392597082916,0.0107698036673873,0.052388705975257,0.11938053556731,0.182539045209955
2019-02-27,1.92888186491633,0,1.03493865210216,125,12.5,28.6113908343574,7.15284770858935,7.15284770858935,28.6113908343574,0.00834751406173741,0.0406057039952311,0.0925300711250214,0.14148328918199
2019-02-28,1.92888186491633,0,1.03493865210216,125,12.5,10.9117176325961,2.72792940814904,2.72792940814904,10.9117176325961,0.00413676526953019,0.0201229090229689,0.0458549912927583,0.0701146655852574
2019-03-01,1.92888186491633,0,1.03493865210216,125,12.5,25.3344809208125,6.33362023020311,6.33362023020311,25.3344809208125,0.0123873234675295,0.0602569802573045,0.137310331318039,0.209954635042873
2019-03-02,1.92888186491633,0,1.03493865210216,125,12.5,27.4084360080615,6.85210900201538,6.85210900201538,27.4084360080615,0.0114385880518116,0.0556419452689818,0.126793840438725,0.193874373759519
2019-03-03,1.91214375923795,0,1.03493865225714,125,12.5,7.2970128081402,1.82425320203505,1.82425320203505,7.2970128081402,0.0133342553488944,0.0648632421208931,0.147806830477575,0.226004327947363
2019-03-04,1.91214375923795,0,1.03493865225714,125,12.5,21.9368250283062,5.48420625707655,5.48420625707655,21.9368250283062,0.00887016057341748,0.0431480692300138,0.0983234748307632,0.150341704634195
2019-03-05,1.91214375923795,0,1.03493865225714,125,12.5,8.91757116056317,2.22939279014079,2.22939279014079,8.91757116056317,0.00898104602741202,0.0436874611841907,0.0995526118970756,0.152221119108678
2019-03-06,1.91214375923795,0,1.03493865225714,125,12.5,29.6987304375744,7.42468260939361,7.42468260939361,29.6987304375744,0.00645275521210609,0.0313888262012618,0.0715271509952099,0.109368732408578
2019-03-07,1.91214375923795,0,1.03493865225714,125,12.5,25.8366044802338,6.45915112005846,6.45915112005846,25.8366044802338,0.0137430708076082,0.0668518868098906,0.152338445901284,0.232933403518783
2019-03-08,1.91214375923795,0,1.03493865225714,125,12.5,21.102713836289,5.27567845907225,5.27567845907225,21.102713836289,0.0156969278207215,0.0763562421109671,0.173996454148336,0.266049624080025
2019-03-09,1.91214375923795,0,1.03493865225714,125,12.5,20.9752441979409,5.24381104948522,5.24381104948522,20.9752441979409,0.0112613532359426,0.0547798030290766,0.124829237564516,0.190870393829535
2019-03-10,1.91214375997418,0,1.03492700198386,125,12.5,20.6846251527555,5.17115628818888,5.17115628818888,20.6846251527555,0.00789467139238052,0.0384028930442917,0.0875104252646925,0.133807989701365
2019-03-11,1.91214375993286,0,2.04813132195662,125,12.5,18.7250993470074,4.68127483675184,4.68127483675184,18.7250993470074,0.0125843373641931,0.0612153359919222,0.139494180274276,0.213293853630391
2019-03-12,1.91214376019664,0,1.0348676095606,125,12.5,20.9555934841227,5.23889837103067,5.23889837103067,20.9555934841227,0.0107159367451495,0.052126675353524,0.118783434429285,0.181626046527958
2019-03-13,1.91214375962512,0,1.03492066925079,125,12.5,13.9808066088937,3.49520165222344,3.49520165222344,13.9808066088937,0.0140719511808249,0.0684516947270635,0.155984001224737,0.238507647132625
2019-03-14,1.91214376019524,0,2.31831091801967,125,12.5,14.7451349593368,3.6862837398342,3.6862837398342,14.7451349593368,0.0124067544932504,0.0603515006705568,0.137525719298063,0.21028397446187
2019-03-15,1.91214376003624,0,5.79124057826979,125,12.5,35.0464109721557,8.76160274303891,8.76160274303891,35.0464109721557,0.00755391038269121,0.0367452928785149,0.0837331761064416,0.128032379367648
2019-03-16,1.91214375932598,0,3.38331203392976,125,12.5,16.6010287302353,4.15025718255882,4.15025718255882,16.6010287302353,0.00890104039076048,0.0432982812228518,0.0986657697552094,0.150865091368822
2019-03-17,1.91214376009782,0,1.03472354603192,125,12.5,17.4892551933869,4.37231379834672,4.37231379834672,17.4892551933869,0.0112491691355442,0.0547205346084946,0.124694179909253,0.190663883653291
2019-03-18,1.91214375923795,0,1.03493865225714,125,12.5,25.0703459596209,6.26758648990522,6.26758648990522,25.0703459596209,0.0129504071979921,0.0629960485732836,0.143551971313336,0.219498427084612
2019-03-19,1.91214375923795,0,1.03493865225714,125,12.5,23.8500584862419,5.96251462156047,5.96251462156047,23.8500584862419,0.0116285160835724,0.0565658324743265,0.128899144384005,0.197093492941904
2019-03-20,1.91214376014742,0,1.32392151973658,125,12.5,20.5495178530257,5.13737946325643,5.13737946325643,20.5495178530257,0.012051587661596,0.0586238247267466,0.133588785265827,0.204264197654169
2019-03-21,1.91214376015922,0,3.03247879915287,125,12.5,23.9525393158098,5.98813482895246,5.98813482895246,23.9525393158098,0.0104312686468831,0.0507419339263637,0.115627960933247,0.176801163506494
2019-03-22,1.91214375924699,0,3.37700114133254,125,12.5,31.5720765314562,7.89301913286404,7.89301913286404,31.5720765314562,0.0111606579935364,0.0542899804092365,0.123713056402929,0.189163694805702
2019-03-23,1.91214376006467,0,1.26784003539713,125,12.5,21.3144697433706,5.32861743584266,5.32861743584266,21.3144697433706,0.00945634066113626,0.0459994876228154,0.10482113207429,0.160276960358242
2019-03-24,1.91214375973822,0,2.29764216287183,125,12.5,14.7128465504654,3.67821163761634,3.67821163761634,14.7128465504654,0.0165150798502555,0.0803360663902259,0.183065461390968,0.279916607631449
2019-03-25,1.91214376006931,0,1.09019147816369,125,12.5,24.7321491632988,6.18303729082469,6.18303729082469,24.7321491632988,0.00802400143325998,0.0390320069719596,0.0889440158873226,0.136000024292542
2019-03-26,1.91214375939852,0,1.03490115601335,125,12.5,18.742335987926,4.68558399698149,4.68558399698149,18.742335987926,0.0186235855508247,0.0905926958150287,0.206437711021006,0.31565399238686
2019-03-27,1.91214376003162,0,1.03490561542693,125,12.5,17.1809021776768,4.2952255444192,4.2952255444192,17.1809021776768,0.0070154775826035,0.0341261367153764,0.0777647854071643,0.118906399705144
2019-03-28,1.91214375978478,0,2.55613395444249,125,12.5,17.3089718176088,4.3272429544022,4.3272429544022,17.3089718176088,0.0169281733441123,0.0823455211823766,0.1876444977466,0.286918192273089
2019-03-29,1.91214375940739,0,5.97533110780994,125,12.5,18.8888034624463,4.72220086561159,4.72220086561159,18.8888034624463,0.0113490206153035,0.055206252823595,0.125801008176415,0.192356281615314
2019-03-30,1.91214375991372,0,6.16927582189829,125,12.5,26.0863444923491,6.52158612308727,6.52158612308727,26.0863444923491,0.0130268801070867,0.0633680439107436,0.144399654068384,0.220794578086215
2019-03-31,1.9121437593779,0,10.114894591502,125,12.5,3.84952448218864,0.962381120547161,0.962381120547161,3.84952448218864,0.00802278725074374,0.0390261006942958,0.0889305569828204,0.13597944492786
2019-04-01,1.91214376011841,0,1.03934211404532,125,12.5,22.4450885886854,5.61127214717136,5.61127214717136,22.4450885886854,0.0154810227518143,0.0753059920300119,0.171603201350619,0.262390216132446
2019-04-02,19.2340922147064,0,0.69687743101029,125,12.5,2.28572938574655,0.571432346436637,0.571432346436637,2.28572938574655,0.000889812083428104,0.00432840793125196,0.00986334072138949,0.0150815607360696
2019-04-03,1.92888186498159,0,4.51489211202757,125,12.5,24.7705927429862,6.19264818574655,6.19264818574655,24.7705927429862,0.0142987459203829,0.069554916595761,0.158497963253058,0.242351625769202
2019-04-04,1.92888186471711,0,1.70313042902799,125,12.5,14.8096186191747,3.70240465479367,3.70240465479367,14.8096186191747,0.0108156339765127,0.0526116432416802,0.119888552892191,0.183315830110384
2019-04-05,1.92888186460544,0,1.55441566343329,125,12.5,12.1182770499931,3.02956926249828,3.02956926249828,12.1182770499931,0.0126862856914724,0.0617112541263149,0.140624251563101,0.215021791380888
2019-04-06,1.92888186453015,0,6.08506053178781,125,12.5,20.9134160679206,5.22835401698015,5.22835401698015,20.9134160679206,0.0102055708632581,0.0496440480975436,0.113126158382556,0.172975777343358
2019-04-07,1.92888186438544,0,8.93218975042128,125,12.5,14.5580862742681,3.63952156856704,3.63952156856704,14.5580862742681,0.0112864403492775,0.0549018369532652,0.125107321837754,0.191295599140297
2019-04-08,16.8948786996565,0,6.8306624348312,125,12.5,2.85716054988216,0.71429013747054,0.71429013747054,2.85716054988216,0.00189684439410109,0.00922702273062736,0.0210260378600359,0.0321499049847643
2019-04-09,1.94553456010145,0,4.55655836562933,125,12.5,18.8805664227582,4.72014160568955,4.72014160568955,18.8805664227582,0.00736013168772149,0.0358026744809503,0.0815851885384721,0.124747994707144
2019-04-10,1.94553455943007,0,3.58706688247347,125,12.5,23.8222582352917,5.95556455882294,5.95556455882294,23.8222582352917,0.00899423680808296,0.0437516265071154,0.0996988283472246,0.152444691662423
2019-04-11,1.94553455965294,0,2.98628927031112,125,12.5,6.24609210146401,1.561523025366,1.561523025366,6.24609210146401,0.0132505364199768,0.0644559991954806,0.146878827434998,0.224585363050455
2019-04-12,1.94553455944971,0,7.17918818839202,125,12.5,58.1392800046569,14.5348200011642,14.5348200011642,58.1392800046569,0.0117640118824935,0.057224939157214,0.130401080866962,0.199390031906669
2019-04-13,18.8373655733035,0,14.2075994020141,125,12.5,2.88999473937093,0.722498684842732,0.722498684842732,2.88999473937093,0.00119154700334068,0.00579616932133519,0.0132079955963527,0.0201957119210285
2019-04-14,1.96249967375636,0,10.7143821875614,125,12.5,14.9909102812077,3.74772757030193,3.74772757030193,14.9909102812077,0.011457040418803,0.0557317050880758,0.126998380235546,0.194187125742425
2019-04-15,1.96249967400692,0,11.0837463619786,125,12.5,48.1467891161378,12.0366972790345,12.0366972790345,48.1467891161378,0.0127700701329133,0.0621188157312903,0.141552980795345,0.216441866659548
2019-04-16,19.623127800129,0,3.99193374916379,125,12.5,2.54208977466977,0.635522443667443,0.635522443667443,2.54208977466977,0.00115123908967568,0.00560009523282915,0.0127611926211507,0.0195125269436556
2019-04-17,1.97957631087208,0,6.08326129937613,125,12.5,16.7400983737896,4.18502459344741,4.18502459344741,16.7400983737896,0.00805059353396838,0.0391613617669309,0.0892387825629715,0.136450737863871
2019-04-18,1.97957631058315,0,6.69952581693298,125,12.5,12.9674519753316,3.24186299383289,3.24186299383289,12.9674519753316,0.00979890201663389,0.0476658454029479,0.108618337608111,0.166083085027693
2019-04-19,1.97957631082113,0,15.5071893933655,125,12.5,31.1508748405913,7.78771871014782,7.78771871014782,31.1508748405913,0.0143517084074893,0.0698125476771088,0.159085038957593,0.243249295042191
2019-04-20,15.3465204985196,0,16.2234042221898,125,12.5,1.88053657145046,0.470134142862614,0.470134142862614,1.88053657145046,0.00176025593391604,0.00856260089887973,0.0195119895047643,0.02983484633756
2019-04-21,1.99669542876594,0,15.0858681893578,125,12.5,16.2490938709194,4.06227346772986,4.06227346772986,16.2490938709194,0.0207354652964966,0.100865737967704,0.229847361083199,0.3514485643474
2019-04-22,18.9917351290712,0,13.0380079663651,125,12.5,1.81652297980441,0.454130744951102,0.454130744951102,1.81652297980441,0.00110835476373357,0.00539148842697515,0.0122858307708772,0.0187856739615859
2019-04-23,2.01395305885586,0,12.6587067107188,125,12.5,20.7506301588377,5.18765753970943,5.18765753970943,20.7506301588377,0.0138803893833837,0.0675198602208663,0.153860587402253,0.235260837006503
2019-04-24,2.01395305909014,0,11.1823877863098,125,12.5,13.2824424525877,3.32061061314692,3.32061061314692,13.2824424525877,0.00932675045624033,0.0453691081515419,0.103384657599681,0.158080516207463
2019-04-25,2.01395305867932,0,9.61839659190538,125,12.5,16.3245543651357,4.08113859128392,4.08113859128392,16.3245543651357,0.0124301650987623,0.0604653793787251,0.137785219908314,0.210680764385802
2019-04-26,16.1660314690118,0,8.07050076462094,125,12.5,1.10090699949712,0.27522674987428,0.27522674987428,1.10090699949712,0.00125463432814594,0.00610305173182853,0.0139073025526685,0.021264988612643
2019-04-27,2.0310451891763,0,7.03046773994286,125,12.5,20.2973994430876,5.0743498607719,5.0743498607719,20.2973994430876,0.0105683822703031,0.0514089103657118,0.117147830589462,0.179125123225477
2019-04-28,19.7751725203964,0,3.82742223028663,125,12.5,2.09334959072515,0.523337397681288,0.523337397681288,2.09334959072515,0.00077082009911572,0.00374958251603748,0.00854434482748611,0.0130647474426393
2019-04-29,2.04833606065469,0,5.74167555905047,125,12.5,19.9668129860267,4.99170324650668,4.99170324650668,19.9668129860267,0.0111899592974751,0.0544325138707689,0.124037853907606,0.18966032707585
2019-04-30,2.04833606037353,0,6.21716489396506,125,12.5,54.5973956691034,13.6493489172759,13.6493489172759,54.5973956691034,0.0103116955700182,0.0501602818405971,0.114302523776134,0.174774501186749
2019-05-01,2.04833606048072,0,5.79432298201282,125,12.5,27.78204900006,6.94551225001501,6.94551225001501,27.78204900006,0.00913887970796279,0.0444552284099207,0.101302158118774,0.154896266236658
2019-05-02,2.03104518924802,0,7.34921330874037,125,12.5,61.7721608616285,15.4430402154071,15.4430402154071,61.7721608616285,0.0134506517132538,0.0654294413848108,0.149097054584203,0.227977147682268
2019-05-03,2.03104518925965,0,9.1523916873303,125,12.5,34.6923533879146,8.67308834697864,8.67308834697864,34.6923533879146,0.0165976935461063,0.0807379330124154,0.183981213205992,0.281316839764514
2019-05-04,2.03104518901598,0,13.6324084689593,125,12.5,16.0347854306805,4.00869635767013,4.00869635767013,16.0347854306805,0.010306212678433,0.0501336108255978,0.114241747316867,0.174681570820898
2019-05-05,2.03104518959461,0,12.7567684593787,125,12.5,27.7290693416305,6.93226733540762,6.93226733540762,27.7290693416305,0.0101726945017995,0.0494841241019741,0.112761732274185,0.172418550877958
2019-05-06,2.03104518867958,0,11.1483362986134,125,12.5,14.7584077339385,3.68960193348463,3.68960193348463,14.7584077339385,0.00971112839982077,0.0472388788262468,0.107645389381064,0.164595396607132
2019-05-07,2.01395305844995,0,11.1879822605432,125,12.5,7.46801292369442,1.8670032309236,1.8670032309236,7.46801292369442,0.00990832828776563,0.0481981392981142,0.109831300003368,0.167937767589248
2019-05-08,2.0139530588836,0,9.87314044535916,125,12.5,30.480208911185,7.62005222779625,7.62005222779625,30.480208911185,0.0119799381887502,0.0582752925452766,0.132794569075299,0.203049799809326
2019-05-09,2.01395305872765,0,7.18623676889511,125,12.5,18.1827692846924,4.54569232117309,4.54569232117309,18.1827692846924,0.0107327104586679,0.0522082695192826,0.118969366779132,0.181910346757082
2019-05-10,2.01395305838539,0,9.27729598197271,125,12.5,34.7993607253552,8.69984018133881,8.69984018133881,34.7993607253552,0.00677789276897076,0.0329704275371967,0.075131218150964,0.114879538457131
2019-05-11,1.99669542865132,0,11.7770038770782,125,12.5,14.7267526148363,3.68168815370907,3.68168815370907,14.7267526148363,0.0114448162221651,0.0556722416230742,0.12686287812366,0.1939799359689
2019-05-12,1.9966954293287,0,7.60436363416788,125,12.5,11.3869128531481,2.84672821328702,2.84672821328702,11.3869128531481,0.00926023698072082,0.045045559550286,0.102647372633753,0.15695316916476
2019-05-13,1.99669542937363,0,7.07630704422415,125,12.5,47.3195650279876,11.8298912569969,11.8298912569969,47.3195650279876,0.0142751087682031,0.0694399358724454,0.15823595143059,0.241950996071238
2019-05-14,1.99669542885013,0,5.4918547714799,125,12.5,9.15897140702167,2.28974285175542,2.28974285175542,9.15897140702167,0.00770376732594409,0.0374742580092535,0.0853943022231769,0.130572327558375
2019-05-15,1.99669542917707,0,8.01529012589586,125,12.5,12.2016510481928,3.0504127620482,3.0504127620482,12.2016510481928,0.0133684896888368,0.0650297718762059,0.148186309432191,0.226584570997233
2019-05-16,1.99669542893181,0,10.6954786684892,125,12.5,12.0904340951579,3.02260852378948,3.02260852378948,12.0904340951579,0.0105890817301303,0.0515096009584307,0.117377278839072,0.179475961527633
2019-05-17,1.99669542914629,0,12.0019494683772,125,12.5,24.093630656724,6.02340766418099,6.02340766418099,24.093630656724,0.0131276857353978,0.0638584034925283,0.145517058829664,0.22250314805759
2019-05-18,1.99669542914629,0,12.8811085789603,125,12.5,8.15486588410703,2.03871647102676,2.03871647102676,8.15486588410703,0.0128432363050776,0.062474725755208,0.142364009212216,0.217681971272502
2019-05-19,1.99669542852514,0,14.6388511616609,125,12.5,33.6378785574802,8.40946963937004,8.40946963937004,33.6378785574802,0.010828926779845,0.0526763048443309,0.120035900237604,0.18354113186178
2019-05-20,1.99669542877544,0,19.1633612279133,125,12.5,15.6118906133328,3.90297265333321,3.90297265333321,15.6118906133328,0.0110126590734937,0.0535700534591979,0.122072526001099,0.186655238533791
2019-05-21,1.99669542881023,0,13.1952628997846,125,12.5,23.2851261509784,5.82128153774461,5.82128153774461,23.2851261509784,0.00903890817891583,0.0439689262262516,0.100193999135779,0.153201833540946
2019-05-22,1.99669542855993,0,11.5122216233805,125,12.5,22.8327280455543,5.70818201138857,5.70818201138857,22.8327280455543,0.0114492799810538,0.0556939551620752,0.126912357756088,0.194055592899217
2019-05-23,1.99669542871972,0,13.6413193954406,125,12.5,23.0993296438343,5.77483241095857,5.77483241095857,23.0993296438343,0.0115605821884868,0.0562353743745036,0.128146114428311,0.195942070991302
2019-05-24,1.99669542926792,0,14.3603630088422,125,12.5,16.8958962705561,4.22397406763903,4.22397406763903,16.8958962705561,0.0104831742704644,0.0509944239936152,0.116203321574301,0.17768091983838
2019-05-25,1.99669542854291,0,13.75998060279,125,12.5,28.9583520828763,7.23958802071908,7.23958802071908,28.9583520828763,0.0131145665746798,0.0637945865581884,0.145371636268485,0.222280789401353
2019-05-26,1.99669542942834,0,16.8169000394636,125,12.5,26.4279519025728,6.6069879756432,6.6069879756432,26.4279519025728,0.012330009089862,0.0599781798100067,0.136675016013047,0.208983204912915
2019-05-27,1.99669542899357,0,15.1750219155389,125,12.5,13.3557536421516,3.33893841053789,3.33893841053789,13.3557536421516,0.0124216935379612,0.0604241702609301,0.137691314810621,0.210537178609513
2019-05-28,1.99669542926296,0,10.4815402044152,125,12.5,10.4120662990565,2.60301657476412,2.60301657476412,10.4120662990565,0.00853219801477767,0.0415040818684948,0.0945772457909254,0.144613525674198
2019-05-29,1.99669542878742,0,11.2022632663324,125,12.5,18.1816360308409,4.54540900771021,4.54540900771021,18.1816360308409,0.0107551554792107,0.0523174512293807,0.119218164125488,0.182290770834079
2019-05-30,1.99669542885946,0,14.4117804798727,125,12.5,21.4679991598681,5.36699978996703,5.36699978996703,21.4679991598681,0.0115404258461016,0.0561373257259517,0.127922686497465,0.195600438069518
2019-05-31,1.99669542916681,0,16.5644523842454,125,12.5,11.9240598978964,2.98101497447411,2.98101497447411,11.9240598978964,0.00904022941691874,0.0439753532653505,0.100208644723133,0.153224227405402
2019-06-01,1.99669542939173,0,15.4302788083996,125,12.5,27.6735815951432,6.91839539878581,6.91839539878581,27.6735815951432,0.0114762549908868,0.0558251725827885,0.127211368882034,0.194512796455709
2019-06-02,1.99669542859225,0,16.2576663381593,125,12.5,12.5183284891117,3.12958212227793,3.12958212227793,12.5183284891117,0.00933067797357171,0.0453882131934759,0.103428193130778,0.158147084297826
2019-06-03,19.7827581282205,0,12.0833721107642,125,12.5,1.69338516720539,0.423346291801347,0.423346291801347,1.69338516720539,0.000941591438841346,0.00458028377877062,0.0104373017119024,0.0159591769295143
2019-06-04,2.01395305820634,0,10.8305799841944,125,12.5,16.8761192558379,4.21902981395948,4.21902981395948,16.8761192558379,0.016541139953162,0.0804628333314829,0.183354331006236,0.280358304290881
2019-06-05,1.9966954293317,0,14.3017006276471,125,12.5,33.0801567054265,8.27003917635662,8.27003917635662,33.0801567054265,0.00850927658144914,0.0413925826928119,0.0943231675299617,0.144225026804223
2019-06-06,12.9637311087922,0,16.7642082276146,125,12.5,2.05347823859041,0.513369559647602,0.513369559647602,2.05347823859041,0.00248781421282471,0.0121017403234016,0.0275767880540231,0.0421663425902494
2019-06-07,2.01395305903868,0,16.9192435035561,125,12.5,51.4511409293988,12.8627852323497,12.8627852323497,51.4511409293988,0.0134319617341394,0.0653385257236949,0.148889880917409,0.227660368375244
2019-06-08,2.01395305918813,0,15.7175581945959,125,12.5,14.6949499301713,3.67373748254283,3.67373748254283,14.6949499301713,0.0156263623654518,0.0760129830319437,0.173214254017042,0.264853599414438
2019-06-09,2.01395305918813,0,15.8944832082094,125,12.5,16.1013036665648,4.0253259166412,4.0253259166412,16.1013036665648,0.0135781982954805,0.0660498798441169,0.150510876021089,0.230138954160686
2019-06-10,2.01395305872635,0,16.8635778761115,125,12.5,18.1983625566138,4.54959063915346,4.54959063915346,18.1983625566138,0.0093332570312394,0.0454007587790798,0.103456781329332,0.158190797139651
2019-06-11,2.0139530583552,0,17.679625021484,125,12.5,25.8040266426862,6.45100666067156,6.45100666067156,25.8040266426862,0.0100085040257157,0.0486854348369561,0.110941722590137,0.169635661452809
2019-06-12,2.01395305881698,0,14.2852718519477,125,12.5,12.0611492660357,3.01528731650891,3.01528731650891,12.0611492660357,0.0115276479615249,0.0560751688975873,0.127781046895548,0.19538386375466
2019-06-13,2.01395305853865,0,11.9449074684306,125,12.5,25.9630839067281,6.49077097668201,6.49077097668201,25.9630839067281,0.0117953518664252,0.057377389587526,0.130748476621052,0.199921218075003
2019-06-14,1.99669542859583,0,13.0693977891444,125,12.5,16.0093314865408,4.0023328716352,4.0023328716352,16.0093314865408,0.00708330640671909,0.0344560837072607,0.0785166506778692,0.120056040791849
2019-06-15,1.99669542924531,0,14.6069066751092,125,12.5,23.1957398452322,5.79893496130805,5.79893496130805,23.1957398452322,0.0114991629855632,0.0559366063874007,0.127465298178955,0.194901067551919
2019-06-16,1.99669542861709,0,16.2683819405643,125,12.5,20.8863982896752,5.22159957241879,5.22159957241879,20.8863982896752,0.0133804815113386,0.0650881049788844,0.148319235735855,0.226787822226078
2019-06-17,1.99669542861709,0,17.1588990376913,125,12.5,14.7391375701003,3.68478439252507,3.68478439252507,14.7391375701003,0.00978312073967724,0.0475890788523283,0.108443406165236,0.165815605757241
2019-06-18,1.99669542880772,0,17.945110202455,125,12.5,16.4304842437417,4.10762106093542,4.10762106093542,16.4304842437417,0.00946968831415532,0.0460644160366538,0.104969087414535,0.160503191765344
2019-06-19,1.99669542919733,0,18.1069333563019,125,12.5,32.9508883909235,8.23772209773088,8.23772209773088,32.9508883909235,0.00853930801486589,0.0415386678011273,0.0946560583342761,0.144734034150269
2019-06-20,1.99669542852125,0,17.1370178530496,125,12.5,6.18500834941704,1.54625208735426,1.54625208735426,6.18500834941704,0.00869746668636273,0.0423080159150187,0.0964092069979869,0.147414689599368
2019-06-21,1.99669542883726,0,15.7313024325812,125,12.5,20.3126780099889,5.07816950249723,5.07816950249723,20.3126780099889,0.0110143504566603,0.0535782810349409,0.122091274553489,0.18668390604509
2019-06-22,1.99669542876113,0,15.7846019073723,125,12.5,12.6125818213859,3.15314545534649,3.15314545534649,12.6125818213859,0.0126001026257764,0.0612920246372513,0.13966893419081,0.213561061453837
2019-06-23,1.99669542905552,0,16.5140967236327,125,12.5,40.9937838790054,10.2484459697513,10.2484459697513,40.9937838790054,0.013804162760397,0.0671490629192191,0.153015634666095,0.233968860345711
2019-06-24,1.99669542855993,0,17.5373625468236,125,12.5,22.049852180491,5.51246304512274,5.51246304512274,22.049852180491,0.00930388323366766,0.0452578726790274,0.103131180251164,0.157692936163859
2019-06-25,1.99669542936643,0,16.8652154752362,125,12.5,10.571717417774,2.6429293544435,2.6429293544435,10.571717417774,0.00643458870737691,0.0313004569324944,0.0713257799088898,0.109060825548761
2019-06-26,1.99669542944634,0,19.0818352557623,125,12.5,10.2928401143832,2.57321002859579,2.57321002859579,10.2928401143832,0.00900396517834304,0.0437989492573636,0.0998066648582432,0.15260957929395
2019-06-27,1.99669542910011,0,20.9477158921803,125,12.5,32.0728450423414,8.01821126058535,8.01821126058535,32.0728450423414,0.00830952727337443,0.0404209208043807,0.0921089972336759,0.140839445311431
2019-06-28,1.9966954290202,0,20.5283832036235,125,12.5,42.3103405426715,10.5775851356679,10.5775851356679,42.3103405426715,0.00868810728525186,0.0422624879808014,0.0963054604161816,0.147256055682235
2019-06-29,1.99669542876026,0,21.1187020855919,125,12.5,20.513667156385,5.12841678909624,5.12841678909624,20.513667156385,0.0193438896446238,0.0940965479323227,0.21442209877261,0.327862536349557
2019-06-30,1.99669542888523,0,17.8439942151608,125,12.5,17.4382670255816,4.35956675639539,4.35956675639539,17.4382670255816,0.00925359389251192,0.0450132448669648,0.102573735689878,0.156840574449355
2019-07-01,1.9966954286849,0,17.817269815541,125,12.5,31.6713695999003,7.91784239997508,7.91784239997508,31.6713695999003,0.0116210049806462,0.0565292954143299,0.128815885717672,0.196966186112648
2019-07-02,1.99669542855993,0,19.6961573793979,125,12.5,14.8480867723633,3.71202169309083,3.71202169309083,14.8480867723633,0.00922543382072768,0.0448762628228618,0.10226158845349,0.156363285097079
2019-07-03,1.99669542855993,0,20.5726051593506,125,12.5,10.1100229205655,2.52750573014138,2.52750573014138,10.1100229205655,0.0189349996613469,0.0921075407255348,0.209889657263065,0.320932197649947
2019-07-04,1.99669542855993,0,22.4017075031654,125,12.5,39.3527168689423,9.83817921723557,9.83817921723557,39.3527168689423,0.0133193274621237,0.0647906268072799,0.147641358647948,0.225751312917351
2019-07-05,1.99669542855993,0,22.5756651447411,125,12.5,14.9133915542545,3.72834788856361,3.72834788856361,14.9133915542545,0.0163612333246932,0.0795876943082533,0.181360111768633,0.27730903940158
2019-07-06,1.99669542860904,0,22.5174146990591,125,12.5,9.18138053186061,2.29534513296515,2.29534513296515,9.18138053186061,0.00712256863167078,0.0346470711405003,0.0789518624595372,0.120721502231708
2019-07-07,1.99669542874161,0,19.5957029188898,125,12.5,13.9002580892942,3.47506452232355,3.47506452232355,13.9002580892942,0.00964234622322245,0.0469042943400821,0.106882956440466,0.16342959700377
2019-07-08,1.99669542869249,0,16.4112584845671,125,12.5,14.3528142515731,3.58820356289328,3.58820356289328,14.3528142515731,0.0105204837628761,0.0511759125414481,0.11661688781222,0.178313284116544
2019-07-09,1.97957631053685,0,18.0306053230598,125,12.5,52.0751593835575,13.0187898458894,13.0187898458894,52.0751593835575,0.0165075624584034,0.0802994987383352,0.182982133013489,0.279789194210227
2019-07-10,1.97957631053685,0,20.0317970891198,125,12.5,42.7245518040964,10.6811379510241,10.6811379510241,42.7245518040964,0.00990306829280819,0.0481725525429822,0.109772994296552,0.167848615132342
2019-07-11,1.97957631084544,0,20.9449078427556,125,12.5,39.476136539723,9.86903413493076,9.86903413493076,39.476136539723,0.0131489151279659,0.0639616718936644,0.145752381248978,0.222862968270608
2019-07-12,1.97957631049593,0,20.6185219030543,125,12.5,6.81353438898236,1.70338359724559,1.70338359724559,6.81353438898236,0.00588061672987009,0.0286057118893681,0.06518514137856,0.0996714699977981
2019-07-13,1.97957631018735,0,19.691891817389,125,12.5,17.3601840748603,4.34004601871507,4.34004601871507,17.3601840748603,0.0100761291210084,0.0490143908089728,0.111691329578635,0.170781849508616
2019-07-14,1.97957631053685,0,20.4309959548398,125,12.5,20.7814494387991,5.19536235969978,5.19536235969978,20.7814494387991,0.0100610449173305,0.0489410151063365,0.111524125015833,0.1705261850395
2019-07-15,1.97957631053685,0,18.044724160306,125,12.5,6.50149963464452,1.62537490866113,1.62537490866113,6.50149963464452,0.0112548960378434,0.0547483925908654,0.124757661165247,0.190760949793956
2019-07-16,1.97957631077582,0,19.8957594692661,125,12.5,16.9018350954642,4.22545877386606,4.22545877386606,16.9018350954642,0.0147384440888975,0.0716937873476878,0.163371905663372,0.249804137099958
2019-07-17,1.97957631017483,0,22.3949421817239,125,12.5,26.6959120180292,6.6739780045073,6.6739780045073,26.6959120180292,0.0126680863769555,0.0616227252573938,0.140422516788626,0.214713328422975
2019-07-18,1.97957630993586,0,20.2412923176757,125,12.5,10.3805722396903,2.59514305992259,2.59514305992259,10.3805722396903,0.00734001909744997,0.035704838660477,0.0813622455886828,0.12440710334661
2019-07-19,1.97957631053685,0,22.0270427684044,125,12.5,22.3271266211661,5.58178165529153,5.58178165529153,22.3271266211661,0.00928892207805581,0.0451850955322376,0.10296533964489,0.157439357255183
2019-07-20,1.97957631053685,0,25.6001260784851,125,12.5,28.1653418970118,7.04133547425295,7.04133547425295,28.1653418970118,0.0115065269092243,0.0559724275075826,0.127546925400554,0.195025879817361
2019-07-21,1.9795763101038,0,24.5178032258116,125,12.5,39.7403102913213,9.93507757283033,9.93507757283033,39.7403102913213,0.0126036257127784,0.0613091623655493,0.139707986714527,0.213620774792855
2019-07-22,1.97957631010878,0,20.1062996778825,125,12.5,10.7223187470749,2.68057968676872,2.68057968676872,10.7223187470749,0.0135563813206387,0.0659437532037847,0.150269040401656,0.229769174926079
2019-07-23,1.97957631056773,0,17.1210381300269,125,12.5,4.94302205962676,1.23575551490669,1.23575551490669,4.94302205962676,0.00614457849426723,0.0298897292856728,0.0681110904279791,0.104145398207919
2019-07-24,1.97957631056275,0,18.0851822527143,125,12.5,24.1630517137762,6.04076292844405,6.04076292844405,24.1630517137762,0.0110007191997498,0.05351197305641,0.12194017553621,0.186452867792369
2019-07-25,1.97957631005938,0,18.2640526694235,125,12.5,6.96639837051906,1.74159959262977,1.74159959262977,6.96639837051906,0.0117109528857949,0.0569668386139514,0.129812935378133,0.19849072687788
2019-07-26,1.97957631005938,0,19.7809319927236,125,12.5,26.2994883059095,6.57487207647738,6.57487207647738,26.2994883059095,0.00711128427603333,0.0345921794444333,0.0788267782462,0.120530241966667
2019-07-27,1.97957631002336,0,20.4771632044028,125,12.5,10.7424868304155,2.68562170760387,2.68562170760387,10.7424868304155,0.0094129016193714,0.0457881824535524,0.104339621340151,0.159540705413075
2019-07-28,1.97957631002336,0,21.5424354001808,125,12.5,12.2177266237859,3.05443165594648,3.05443165594648,12.2177266237859,0.0113008882604661,0.0549721174704028,0.125267473260082,0.191540478990951
2019-07-29,1.96249967395102,0,22.4318111276653,125,12.5,26.0540251647305,6.51350629118262,6.51350629118262,26.0540251647305,0.0200136585725846,0.0973545764463014,0.221846317058819,0.339214552077705
2019-07-30,1.9624996734872,0,23.5603146635369,125,12.5,8.56707015748088,2.14176753937022,2.14176753937022,8.56707015748088,0.0122672922563936,0.0596730996200839,0.135979815859007,0.207920207735484
2019-07-31,1.96249967315982,0,23.0848610711117,125,12.5,21.4232914204257,5.35582285510643,5.35582285510643,21.4232914204257,0.0107373228502052,0.0522307060679474,0.119020493966682,0.181988522884834
2019-08-01,1.96249967362364,0,20.4845209217714,125,12.5,10.1124305372347,2.52810763430868,2.52810763430868,10.1124305372347,0.010988873962144,0.0534543530022939,0.121808874088851,0.186252101053289
2019-08-02,1.96249967395102,0,18.3454280569935,125,12.5,22.0597735281091,5.51494338202728,5.51494338202728,22.0597735281091,0.0101487718436455,0.0493677545614622,0.112496555690579,0.172013082095687
2019-08-03,1.96249967355704,0,20.0669401099628,125,12.5,23.8107378145498,5.95268445363745,5.95268445363745,23.8107378145498,0.0136302354759091,0.0663030098573884,0.151087694936349,0.231020940269646
2019-08-04,1.96249967355704,0,19.3115126794944,125,12.5,18.7233970945354,4.68084927363385,4.68084927363385,18.7233970945354,0.0109855220020035,0.0534380477046613,0.121771718462887,0.186195288169552
2019-08-05,1.96249967395102,0,16.7300456846781,125,12.5,10.944989621349,2.73624740533725,2.73624740533725,10.944989621349,0.0140364990022323,0.0682792409091638,0.155591022838304,0.2379067627497
2019-08-06,1.96249967395102,0,19.1412168601929,125,12.5,24.3717861918306,6.09294654795765,6.09294654795765,24.3717861918306,0.00860356135739533,0.0418512221961434,0.0953682903006194,0.145823073854158
2019-08-07,1.96249967400892,0,20.9736412677402,125,12.5,14.5104918375216,3.62762295938039,3.62762295938039,14.5104918375216,0.013570257609099,0.0660112531154478,0.150422855531369,0.230004366255916
2019-08-08,1.96249967352728,0,20.5867356089411,125,12.5,37.3615564340501,9.34038910851252,9.34038910851252,37.3615564340501,0.0087819875132239,0.0427191595982247,0.0973460988753971,0.148847245986846
2019-08-09,1.9624996731513,0,19.2993111019938,125,12.5,28.9448705048756,7.2362176262189,7.2362176262189,28.9448705048756,0.0145961347258357,0.0710015367172006,0.161794442554178,0.247392113997215
2019-08-10,1.9624996736251,0,16.0324071018671,125,12.5,21.3662258290126,5.34155645725316,5.34155645725316,21.3662258290126,0.0131518203360152,0.0639758040073959,0.145784584741592,0.222912209085003
2019-08-11,1.94553455943086,0,15.0941488085806,125,12.5,19.958260431585,4.98956510789625,4.98956510789625,19.958260431585,0.00890306182030613,0.0433081142784383,0.0986881767878001,0.150899352886545
2019-08-12,1.9455345594387,0,18.7762165027992,125,12.5,8.77547014669469,2.19386753667367,2.19386753667367,8.77547014669469,0.0118520968286405,0.0576534201664379,0.131377480100524,0.200882997095603
2019-08-13,1.94553455956732,0,20.6012233433388,125,12.5,25.3746156582804,6.3436539145701,6.3436539145701,25.3746156582804,0.00718728344853795,0.0349618703344134,0.0796692097515901,0.121818363534541
2019-08-14,1.94553455956732,0,19.5805083332677,125,12.5,13.7420578089255,3.43551445223138,3.43551445223138,13.7420578089255,0.00388923066802204,0.018918800029192,0.0431111331675664,0.0659191638647804
2019-08-15,1.94553455975339,0,17.4809955427411,125,12.5,23.7088104106057,5.92720260265143,5.92720260265143,23.7088104106057,0.00783140269283993,0.0380951283533061,0.0868091078155477,0.132735638861694
2019-08-16,1.945534560326,0,18.2260950168374,125,12.5,13.4093792162314,3.35234480405785,3.35234480405785,13.4093792162314,0.00608199530112134,0.0295852991766411,0.0674173716429382,0.103084666120701
2019-08-17,1.94553455986426,0,20.359266646418,125,12.5,15.6989980525631,3.92474951314077,3.92474951314077,15.6989980525631,0.0105426295561126,0.0512836386882088,0.11686236829996,0.178688636544282
2019-08-18,1.945534559404,0,21.4734989678569,125,12.5,9.35805050039749,2.33951262509937,2.33951262509937,9.35805050039749,0.0131501443691619,0.0639676514228723,0.145766007075117,0.222883802867151
2019-08-19,1.94553455993181,0,23.0818320540088,125,12.5,5.233346414357,1.30833660358925,1.30833660358925,5.233346414357,0.00728299179908984,0.0354274346837082,0.0807301124848264,0.123440538967624
2019-08-20,1.94553455981945,0,20.1772731812774,125,12.5,11.2325615220307,2.80814038050768,2.80814038050768,11.2325615220307,0.0133056740275221,0.064724210947438,0.147490013796601,0.225519898771561
2019-08-21,1.94553455953011,0,19.540820848033,125,12.5,34.9734649405083,8.74336623512706,8.74336623512706,34.9734649405083,0.00674020947467295,0.0327871206649345,0.0747135084141714,0.114240838553779
2019-08-22,1.94553455977782,0,21.283541871591,125,12.5,33.9905188922059,8.49762972305148,8.49762972305148,33.9905188922059,0.0109877032364689,0.0534486581163825,0.121795896892384,0.186232258245235
2019-08-23,1.94553455968641,0,17.5229313517949,125,12.5,13.6429136981602,3.41072842454006,3.41072842454006,13.6429136981602,0.013194993851358,0.0641858175481315,0.14626315218285,0.22364396358234
2019-08-24,1.9455345594387,0,14.8615496641249,125,12.5,24.2287941319423,6.05719853298557,6.05719853298557,24.2287941319423,0.010336300687961,0.0502799711431325,0.114575265252992,0.175191537084085
2019-08-25,1.9455345594387,0,16.2241745631122,125,12.5,11.5548661390884,2.88871653477209,2.88871653477209,11.5548661390884,0.0130460643871023,0.0634613640525146,0.144612306934999,0.221119735374615
2019-08-26,1.9455345594387,0,14.4359563882979,125,12.5,14.8976457212963,3.72441143032408,3.72441143032408,14.8976457212963,0.0151326829230725,0.0736115254054546,0.167741942909991,0.256486151238518
2019-08-27,1.9455345594387,0,15.4651761806651,125,12.5,13.227375647615,3.30684391190374,3.30684391190374,13.227375647615,0.00760770240006111,0.0370069591325006,0.0843294469430502,0.128944108475612
2019-08-28,1.94553455942905,0,17.0927319898064,125,12.5,51.7903773924554,12.9475943481139,12.9475943481139,51.7903773924554,0.00983011654439827,0.0478176855634289,0.108964342712483,0.16661214482031
2019-08-29,1.94553455940696,0,18.0530051571688,125,12.5,30.5742710163846,7.64356775409616,7.64356775409616,30.5742710163846,0.0156869205059905,0.0763075624613437,0.173885525608776,0.265880008576111
2019-08-30,1.94553455941661,0,18.0677413525006,125,12.5,28.8809212400962,7.22023031002405,7.22023031002405,28.8809212400962,0.00789355376011905,0.0383974564263418,0.087498036595218,0.133789046781679
2019-08-31,1.9455345594387,0,16.0844154291901,125,12.5,20.6470856367502,5.16177140918755,5.16177140918755,20.6470856367502,0.0138154162237729,0.0672038043427599,0.153140376446568,0.234159597013101
2019-09-01,1.9455345594387,0,15.3105518293111,125,12.5,11.0133480974728,2.7533370243682,2.7533370243682,11.0133480974728,0.0106201069678083,0.051660520334932,0.11772118571096,0.1800018130137
2019-09-02,1.94553455997162,0,15.6577413518593,125,12.5,25.4262962026405,6.35657405066013,6.35657405066013,25.4262962026405,0.00825372040455377,0.0401494534933378,0.0914903922809858,0.139893566178877
2019-09-03,1.94553455997162,0,16.5672967279151,125,12.5,25.7318427366763,6.43296068416906,6.43296068416906,25.7318427366763,0.016603120169662,0.0807643303168306,0.184041365948457,0.28140881643495
2019-09-04,1.94553456007616,0,18.1386906878072,125,12.5,20.2229526067055,5.05573815167638,5.05573815167638,20.2229526067055,0.0149993010922827,0.0729627019234769,0.16626343922632,0.25422544224208
2019-09-05,1.94553456007616,0,15.1382041331632,125,12.5,27.8481832181852,6.9620458045463,6.9620458045463,27.8481832181852,0.00787576580901183,0.0383109285963796,0.0873008616795549,0.133487556084946
2019-09-06,1.94553455980942,0,13.8339527849737,125,12.5,8.40217219869507,2.10054304967377,2.10054304967377,8.40217219869507,0.0115514411915624,0.0561909088470915,0.128044788801386,0.19578713884004
2019-09-07,1.94553455956869,0,12.6563664303149,125,12.5,14.4623124166614,3.61557810416534,3.61557810416534,14.4623124166614,0.0137747928892873,0.0670061959190755,0.152690077111761,0.233471065920124
2019-09-08,1.94553456032187,0,14.2080606703924,125,12.5,20.2927194759474,5.07317986898684,5.07317986898684,20.2927194759474,0.0115152846007267,0.0560150284815012,0.127644002184327,0.195174315266555
2019-09-09,1.94553455956259,0,13.4115780872171,125,12.5,31.3607522097041,7.84018805242602,7.84018805242602,31.3607522097041,0.0108464693303917,0.0527616389461427,0.120230354950444,0.183838463226978
2019-09-10,1.94553456013799,0,16.3330917311214,125,12.5,27.8668904406034,6.96672261015085,6.96672261015085,27.8668904406034,0.0163479360537334,0.0795230109732457,0.181212714900706,0.277083661927686
2019-09-11,1.94553455968529,0,19.52087034221,125,12.5,16.2498827000219,4.06247067500547,4.06247067500547,16.2498827000219,0.0133442303505791,0.0649117645867152,0.147917400835232,0.226173395772527
2019-09-12,1.94553455976933,0,16.1668744946029,125,12.5,28.115965010315,7.02899125257874,7.02899125257874,28.115965010315,0.0112138107989735,0.0545485372763626,0.124302241737774,0.19006458981311
2019-09-13,1.94553456022202,0,12.5984655835632,125,12.5,27.7133426384758,6.92833565961894,6.92833565961894,27.7133426384758,0.0138827528085597,0.0675313568823156,0.153886785369458,0.235300895060333
2019-09-14,1.94553456034188,0,12.8262508801416,125,12.5,16.5655627840434,4.14139069601084,4.14139069601084,16.5655627840434,0.0120249908806284,0.0584944471650906,0.133293966710694,0.203813404756413
2019-09-15,1.94553456010298,0,16.3967705033643,125,12.5,34.0574939000166,8.51437347500415,8.51437347500415,34.0574939000166,0.0145006395622567,0.0705370093960622,0.160735902944337,0.245773551902656
2019-09-16,1.9455345601998,0,13.6989042508614,125,12.5,15.5695665225817,3.89239163064543,3.89239163064543,15.5695665225817,0.0131017399764041,0.0637321927665757,0.145229456687598,0.222063389430577
2019-09-17,1.9455345594387,0,12.5793536756285,125,12.5,11.820819966209,2.95520499155225,2.95520499155225,11.820819966209,0.00692050113913797,0.0336641326598745,0.0767119956779022,0.117296629476915
2019-09-18,1.9455345594387,0,12.6793402705506,125,12.5,32.1643282560805,8.04108206402011,8.04108206402011,32.1643282560805,0.00844514224721865,0.0410806072025721,0.0936122547403559,0.143138004190147
2019-09-19,1.9455345594387,0,10.9847939509647,125,12.5,26.7896217104094,6.69740542760235,6.69740542760235,26.7896217104094,0.00951792391673091,0.0462990536288436,0.105503766805797,0.161320744351371
2019-09-20,1.9455345594387,0,14.6206889019804,125,12.5,33.9905875932793,8.49764689831981,8.49764689831981,33.9905875932793,0.010319429415192,0.0501979024094931,0.114388251483653,0.174905583308338
2019-09-21,1.9455345594387,0,18.3216346348228,125,12.5,16.3480549289039,4.08701373222598,4.08701373222598,16.3480549289039,0.0120831762514584,0.0587774844774335,0.133938936753455,0.204799597482347
2019-09-22,1.9455345594387,0,18.9698760873172,125,12.5,46.6311218577806,11.6577804644451,11.6577804644451,46.6311218577806,0.0135837002318973,0.066076643500924,0.150571863587471,0.230232207320293
2019-09-23,1.92888186490034,0,21.0608067067282,125,12.5,11.6376396663552,2.90940991658881,2.90940991658881,11.6376396663552,0.00898675756608087,0.0437152444316137,0.0996159228511337,0.152317924848828
2019-09-24,1.92888186490034,0,16.9311593965379,125,12.5,15.351740003629,3.83793500090726,3.83793500090726,15.351740003629,0.016697043075046,0.0812212095345456,0.185082477475933,0.283000730085525
2019-09-25,1.92888186491633,0,13.4338762516991,125,12.5,25.8699834359254,6.46749585898135,6.46749585898135,25.8699834359254,0.0147721636068563,0.0718578127994536,0.163745677947187,0.250375654353497
2019-09-26,1.92888186443434,0,15.855269736743,125,12.5,18.023943392083,4.50598584802075,4.50598584802075,18.023943392083,0.0115541404622207,0.0562040391975821,0.128074709530379,0.195832889190181
2019-09-27,1.92888186489052,0,13.579637709953,125,12.5,26.0006038929596,6.50015097323989,6.50015097323989,26.0006038929596,0.0124863295968769,0.0607385863441298,0.138407789090804,0.211632705031811
2019-09-28,1.92888186488589,0,16.354375048206,125,12.5,37.4150064075703,9.35375160189258,9.35375160189258,37.4150064075703,0.0113418453890694,0.055171349604456,0.12572147261782,0.192234667611345
2019-09-29,1.92888186442971,0,15.3183833274388,125,12.5,10.5344440007631,2.63361100019076,2.63361100019076,10.5344440007631,0.01500632408237,0.0729968646040709,0.166341287285932,0.254344475972373
2019-09-30,1.92888186491633,0,10.386738062366,125,12.5,11.0315647939134,2.75789119847835,2.75789119847835,11.0315647939134,0.0110979094299914,0.0539847458713142,0.123017504529057,0.188100159830363
2019-10-01,1.92888186495744,0,14.2967306871723,125,12.5,18.1453016754849,4.53632541887122,4.53632541887122,18.1453016754849,0.00924598990592258,0.0449762559830472,0.102489447431752,0.156711693320722
2019-10-02,1.92888186479178,0,17.0605426665832,125,12.5,22.2627729786785,5.56569324466963,5.56569324466963,22.2627729786785,0.0175952564066416,0.0855904845543411,0.195038943897349,0.298224684858331
2019-10-03,1.92888186475103,0,8.57404477627213,125,12.5,6.45943867494215,1.61485966873554,1.61485966873554,6.45943867494215,0.00931932853236413,0.0453330048947204,0.103302387460443,0.157954720887528
2019-10-04,1.92888186466086,0,9.30750976555473,125,12.5,21.1962109584574,5.29905273961435,5.29905273961435,21.1962109584574,0.0116230285855182,0.0565391390515887,0.128838316863202,0.197000484500309
2019-10-05,1.92888186466051,0,6.57043309704508,125,12.5,22.3015949515029,5.57539873787572,5.57539873787572,22.3015949515029,0.00578494472762168,0.0281403243530072,0.0641246415570268,0.0980499106376557
2019-10-06,1.92888186460653,0,8.72788246885802,125,12.5,22.7149206682205,5.67873016705513,5.67873016705513,22.7149206682205,0.0133747238523856,0.0650600973836385,0.148255413550173,0.226690234786197
2019-10-07,1.92888186437836,0,15.7419496055783,125,12.5,25.261594089235,6.31539852230874,6.31539852230874,25.261594089235,0.00837041125174059,0.0407170852415178,0.0927838806548872,0.141871377148146
2019-10-08,1.92888186440092,0,12.3807287944883,125,12.5,19.7630390552437,4.94075976381093,4.94075976381093,19.7630390552437,0.0124901989906847,0.0607574086496016,0.13845068033742,0.211698287977706
2019-10-09,1.9288818646291,0,10.184386791983,125,12.5,13.1898243758721,3.29745609396804,3.29745609396804,13.1898243758721,0.0135360038817711,0.0658446290520054,0.150043161672514,0.22942379460629
2019-10-10,1.92888186491633,0,11.0914662069361,125,12.5,20.3349425253013,5.08373563132533,5.08373563132533,20.3349425253013,0.0114297443157104,0.0555989257391339,0.126695809872451,0.193724479927296
2019-10-11,1.92888186464046,0,9.88845286253973,125,12.5,30.4657171679276,7.61642929198189,7.61642929198189,30.4657171679276,0.0153433588156851,0.0746363386457902,0.170077231617933,0.260056929079408
2019-10-12,1.92888186464046,0,11.2046463748528,125,12.5,13.045697878834,3.2614244697085,3.2614244697085,13.045697878834,0.010998436544066,0.053500869290626,0.121914872878291,0.186414178712983
2019-10-13,1.92888186491633,0,12.1102775113575,125,12.5,25.3534362725648,6.33835906814121,6.33835906814121,25.3534362725648,0.00796567103333581,0.0387482641791081,0.0882974382339257,0.13501137344637
2019-10-14,1.92888186491633,0,11.40926198447,125,12.5,23.0773194541371,5.76932986353428,5.76932986353428,23.0773194541371,0.0105963487673574,0.0515449507835862,0.117457832099182,0.179599131650126
2019-10-15,1.92888186491633,0,9.72066969209185,125,12.5,31.8566790525531,7.96416976313828,7.96416976313828,31.8566790525531,0.0075982239987072,0.0369608523326944,0.0842243812738053,0.128783457605207
2019-10-16,1.92888186435811,0,8.60417643784317,125,12.5,34.8892588820061,8.72231472050152,8.72231472050152,34.8892588820061,0.0176128114184967,0.0856758792730263,0.195233536740624,0.298522227432148
2019-10-17,5.78456307143501,0,9.6766314104787,125,12.5,5.44487207389531,1.36121801847383,1.36121801847383,5.44487207389531,0.00290670355020407,0.0141393884560774,0.0322200698615841,0.0492661618678656
2019-10-18,1.94553455972732,0,8.1259814656027,125,12.5,22.1979291267911,5.54948228169778,5.54948228169778,22.1979291267911,0.00519579054807431,0.0252744387677513,0.0575940172617051,0.0880642465775307
2019-10-19,1.94553456017278,0,6.09594819610081,125,12.5,22.1346834804546,5.53367087011366,5.53367087011366,22.1346834804546,0.0105261012832834,0.0512032384458025,0.116679156597752,0.178408496326838
2019-10-20,1.94553455950865,0,7.74105995885457,125,12.5,36.2622122382759,9.06555305956898,9.06555305956898,36.2622122382759,0.00964720654094491,0.0469279369025625,0.106936831826745,0.163511975270253
2019-10-21,1.94553455950865,0,9.82411129982216,125,12.5,23.5682227381411,5.89205568453527,5.89205568453527,23.5682227381411,0.00727556165234112,0.0353912914274898,0.0806477511971371,0.123314604276968
2019-10-22,1.94553455990568,0,10.1161318757681,125,12.5,17.5879147125937,4.39697867814842,4.39697867814842,17.5879147125937,0.0107277910359286,0.0521843394459577,0.118914836228768,0.181826966710654
2019-10-23,16.4491973439672,0,11.602723697593,125,12.5,2.9844531166925,0.746113279173125,0.746113279173125,2.9844531166925,0.000798374411729715,0.0038836179011259,0.00884977737747853,0.0135317696903342
2019-10-24,1.96249967330551,0,9.44550900942253,125,12.5,11.530295345916,2.88257383647901,2.88257383647901,11.530295345916,0.0088604736219163,0.0431009479574572,0.0982160974361569,0.15017751901553
2019-10-25,1.96249967389696,0,9.31428944831805,125,12.5,16.1010385731799,4.02525964329497,4.02525964329497,16.1010385731799,0.010763638329861,0.0523587152655948,0.119312194368289,0.182434547963745
2019-10-26,1.9624996733901,0,9.09447773643352,125,12.5,22.4851313127698,5.62128282819245,5.62128282819245,22.4851313127698,0.00821455632253682,0.0399589434672554,0.091056268388798,0.13922976817859
2019-10-27,1.96249967330606,0,6.70578682418952,125,12.5,18.7657556375295,4.69143890938237,4.69143890938237,18.7657556375295,0.0101067678668561,0.0491634301319948,0.112030952286845,0.171301150285696
2019-10-28,1.96249967325956,0,8.5198000323158,125,12.5,9.79209974599975,2.44802493649994,2.44802493649994,9.79209974599975,0.00630142965782205,0.0306527171490666,0.0698497456985699,0.106803892505459
2019-10-29,1.96249967361511,0,9.9498947568282,125,12.5,16.8676381028873,4.21690952572183,4.21690952572183,16.8676381028873,0.00587623379950542,0.0285843915331874,0.0651365577097719,0.0995971830424647
2019-10-30,19.5208857308457,0,12.3660077524246,125,12.5,1.30483235987786,0.326208089969465,0.326208089969465,1.30483235987786,0.000861933668872676,0.00419279598248234,0.00955431558377508,0.0146090452351301
2019-10-31,1.97957631081457,0,15.1736858232001,125,12.5,11.3752852125,2.843821303125,2.843821303125,11.3752852125,0.00912323521776722,0.044379127245749,0.101128742922369,0.154631105385885
2019-11-01,1.97957630993169,0,10.5312434990125,125,12.5,20.4355153725268,5.1088788431317,5.1088788431317,20.4355153725268,0.0138558483306576,0.0674004825576057,0.153588556072035,0.234844886960299
2019-11-02,1.97957631055069,0,2.9348828375932,125,12.5,13.4841861112338,3.37104652780845,3.37104652780845,13.4841861112338,0.00823688271793024,0.0400675481363725,0.0913037508055319,0.139608181659835
2019-11-03,1.97957631053685,0,5.09079253959406,125,12.5,16.4405110623758,4.11012776559394,4.11012776559394,16.4405110623758,0.00819023430799823,0.0398406312948389,0.0907866650412008,0.138817530644038
2019-11-04,1.97957631053685,0,4.70243655592895,125,12.5,22.3900818376956,5.59752045942389,5.59752045942389,22.3900818376956,0.0101921844635224,0.0495789312039141,0.112977773544808,0.172748889212244
2019-11-05,1.97957631053685,0,8.42383061193675,125,12.5,27.1507741478217,6.78769353695541,6.78769353695541,27.1507741478217,0.0133699469199035,0.0650368604408863,0.148202462468082,0.226609269828872
2019-11-06,1.97957631053685,0,6.05168332630999,125,12.5,29.7885978325904,7.44714945814761,7.44714945814761,29.7885978325904,0.00989774370507794,0.0481466515823283,0.109713972595271,0.167758367882677
2019-11-07,1.97957631011069,0,4.79979840210055,125,12.5,16.5532315925236,4.13830789813091,4.13830789813091,16.5532315925236,0.0113382079269455,0.0551536555090398,0.125681152274955,0.19217301571094
2019-11-08,19.0694732491338,0,1.0461529874093,125,12.5,2.45888480716049,0.614721201790123,0.614721201790123,2.45888480716049,0.00107565602460986,0.00523242845869544,0.0119233735609297,0.018231458044235
2019-11-09,1.99669542855993,0,1.03493865224731,125,12.5,25.7551892665049,6.43879731662621,6.43879731662621,25.7551892665049,0.00905985809481055,0.0440708351391632,0.100426223627222,0.153556916861196
2019-11-10,1.99669542923808,0,2.04069392714744,125,12.5,21.9792481326895,5.49481203317237,5.49481203317237,21.9792481326895,0.00947654625755952,0.0460977758630438,0.105045105973626,0.160619428094229
2019-11-11,1.99669542890209,0,2.95431118161528,125,12.5,7.05151803684541,1.76287950921135,1.76287950921135,7.05151803684541,0.00884680286215602,0.0430344478209962,0.0980645605398311,0.149945811222983
2019-11-12,1.9966954288205,0,3.2822063627232,125,12.5,29.8196485457633,7.45491213644082,7.45491213644082,29.8196485457633,0.0140665577852188,0.068425459056912,0.155924216805646,0.238416233647777
2019-11-13,1.9966954291565,0,1.03543944906932,125,12.5,21.5963160392773,5.39907900981933,5.39907900981933,21.5963160392773,0.0124181718293726,0.0604070392377953,0.137652277566265,0.210477488633433
2019-11-14,1.97957631053685,0,1.034938652135,125,12.5,24.934253481877,6.23356337046924,6.23356337046924,24.934253481877,0.0122827946310177,0.0597485094763066,0.136151655740434,0.208182959847758
2019-11-15,1.97957631017691,0,1.03954244511284,125,12.5,18.2773924980337,4.56934812450844,4.56934812450844,18.2773924980337,0.00868121417939,0.042228957109914,0.0962290520901874,0.147139223379491
2019-11-16,1.97957631017691,0,1.03489450932284,125,12.5,23.1707988872818,5.79269972182046,5.79269972182046,23.1707988872818,0.0143761559070523,0.0699314702597288,0.159356033274783,0.243663659441564
2019-11-17,1.97957631053685,0,1.034938652135,125,12.5,10.4089846812599,2.60224617031499,2.60224617031499,10.4089846812599,0.0113647997320033,0.0552830088658466,0.125975915673393,0.192623724271242
2019-11-18,1.97957630998087,0,1.03692855326351,125,12.5,30.1804983132897,7.54512457832242,7.54512457832242,30.1804983132897,0.00889022310027951,0.0432456615216987,0.0985458628403865,0.150681747462365
2019-11-19,1.97957631015621,0,2.05019828545116,125,12.5,20.8908519219666,5.22271298049165,5.22271298049165,20.8908519219666,0.0111451290508716,0.0542144413152569,0.123540922021526,0.188900492387655
2019-11-20,1.97957631036637,0,1.81573163552216,125,12.5,22.4662148000352,5.61655370000879,5.61655370000879,22.4662148000352,0.00953481573130921,0.0463812222861991,0.105691008275868,0.161607046293376
2019-11-21,19.665099139094,0,1.67949132597966,125,12.5,2.45026507788411,0.612566269471028,0.612566269471028,2.45026507788411,0.00100066652346992,0.0048676490209469,0.0110921340059208,0.0169604495503376
2019-11-22,1.99669542936613,0,3.59568570557001,125,12.5,15.9397265559875,3.98493163899687,3.98493163899687,15.9397265559875,0.0132494859723423,0.0644508893908855,0.146867183490032,0.224567558853259
2019-11-23,1.99669542921925,0,1.03425251672878,125,12.5,12.0203537636115,3.00508844090289,3.00508844090289,12.0203537636115,0.00961009304883522,0.0467474017799272,0.106525438202343,0.162882933031105
2019-11-24,1.99669542898185,0,1.4896030060325,125,12.5,25.6474800892881,6.41187002232204,6.41187002232204,25.6474800892881,0.00948113456399553,0.0461200952519782,0.10509596618395,0.160697195999924
2019-11-25,1.99669542858288,0,2.15956032461201,125,12.5,10.7209847293331,2.68024618233328,2.68024618233328,10.7209847293331,0.0101180660519591,0.0492183891002078,0.112156189796292,0.171492644948459
2019-11-26,1.99669542907884,0,4.0885032924667,125,12.5,7.52061831298029,1.88015457824507,1.88015457824507,7.52061831298029,0.0138685936654623,0.0674624810506386,0.153729834868006,0.235060909584107
2019-11-27,1.99669542869326,0,4.14910110970122,125,12.5,32.3044419278256,8.0761104819564,8.0761104819564,32.3044419278256,0.0112496899560358,0.0547230680912252,0.12469995307199,0.190672711119251
2019-11-28,18.0068621782182,0,4.01835181579461,125,12.5,2.52224642374711,0.630561605936777,0.630561605936777,2.52224642374711,0.00136969763981294,0.00666276648519174,0.0151827501091129,0.0232152142341176
2019-11-29,2.01395305826973,0,1.03385659496891,125,12.5,13.4744966465888,3.36862416164721,3.36862416164721,13.4744966465888,0.0109150829225789,0.053095403369155,0.120990919175705,0.185001405467439
2019-11-30,2.01395305918813,0,1.03493865206182,125,12.5,27.9485612215577,6.98714030538943,6.98714030538943,27.9485612215577,0.0118817700974528,0.0577977630164232,0.131706400741257,0.201385933855133
2019-12-01,1.99669542855993,0,1.03493865224731,125,12.5,27.8355120656611,6.95887801641527,6.95887801641527,27.8355120656611,0.0106065340435397,0.0515944961100998,0.117570733296186,0.179771763449825
2019-12-02,1.99669542855993,0,1.03493865224731,125,12.5,18.322493512686,4.58062337817149,4.58062337817149,18.322493512686,0.0114578891031934,0.0557358334341782,0.127007787686246,0.194201510223618
2019-12-03,18.8604355791881,0,0.676536796342362,125,12.5,2.02877257402043,0.507193143505107,0.507193143505107,2.02877257402043,0.000796599502991761,0.00387498402302772,0.00883010296536631,0.0135016864913858
2019-12-04,2.01395305918813,0,1.03493865206182,125,12.5,18.1297726357668,4.53244315894169,4.53244315894169,18.1297726357668,0.00662218362600786,0.0322129949265128,0.0734052218882906,0.112240400440811
2019-12-05,2.01395305918813,0,1.03757555419903,125,12.5,33.0732520099838,8.26831300249594,8.26831300249594,33.0732520099838,0.0125241433436662,0.0609225277903762,0.1388269448603,0.212273615994342
2019-12-06,1.99669542855993,0,1.03493865224731,125,12.5,46.2111644619967,11.5527911154992,11.5527911154992,46.2111644619967,0.00889311475418742,0.0432597277025727,0.0985779160887894,0.150730758545549
2019-12-07,1.99669542855993,0,1.03493865224731,125,12.5,28.377191446203,7.09429786155075,7.09429786155075,28.377191446203,0.0112275447089427,0.0546153446011281,0.124454478638111,0.190297367948182
2019-12-08,1.99669542855993,0,1.03493865224731,125,12.5,5.37174845576446,1.34293711394111,1.34293711394111,5.37174845576446,0.0121375675918391,0.0590420660823359,0.134541850933267,0.205721484607442
2019-12-09,1.97957631017083,0,1.43768368174114,125,12.5,27.51538691763,6.8788467294075,6.8788467294075,27.51538691763,0.0111249716849479,0.0541163876877974,0.123317482745016,0.188558842117761
2019-12-10,1.97957631017424,0,5.69794881642908,125,12.5,18.8377392861017,4.70943482152543,4.70943482152543,18.8377392861017,0.0178144655653929,0.0866568070723348,0.197468821690965,0.301940094328693
2019-12-11,1.97957631054026,0,1.03374640745493,125,12.5,38.6150246638945,9.65375616597364,9.65375616597364,38.6150246638945,0.0107228400193001,0.052160255687104,0.118859955468174,0.181743051174578
2019-12-12,1.97957631053685,0,1.034938652135,125,12.5,10.1354441799634,2.53386104499086,2.53386104499086,10.1354441799634,0.0115569346801602,0.0562176314102707,0.128105682725843,0.195880248816274
2019-12-13,1.97957630995568,0,1.03386054031862,125,12.5,8.98793686209941,2.24698421552485,2.24698421552485,8.98793686209941,0.00615095387648005,0.0299207417381318,0.0681817599189484,0.10425345553356
2019-12-14,1.979576310303,0,5.75793788813979,125,12.5,26.4770981522832,6.61927453807081,6.61927453807081,26.4770981522832,0.0124656913518242,0.0606381935249754,0.138179019391407,0.211282904268207
2019-12-15,1.97957631080232,0,4.08024782446918,125,12.5,16.7057121138627,4.17642802846567,4.17642802846567,16.7057121138627,0.00972298154658486,0.0472965373537264,0.107776778499432,0.164796297399743
2019-12-16,1.979576310455,0,1.03458996484166,125,12.5,18.3291416646922,4.58228541617306,4.58228541617306,18.3291416646922,0.0079700849377208,0.0387697352055232,0.0883463652418542,0.135086185385098
2019-12-17,1.97957631053685,0,1.034938652135,125,12.5,9.42183825332309,2.35545956333077,2.35545956333077,9.42183825332309,0.00943450644947414,0.0458932771355776,0.104579105389086,0.159906888974138
2019-12-18,1.97957631053685,0,1.034938652135,125,12.5,25.938837942539,6.48470948563474,6.48470948563474,25.938837942539,0.0113833464262201,0.0553732275309351,0.126181501063525,0.19293807502068
2019-12-19,1.97957631053685,0,1.034938652135,125,12.5,21.1259277750521,5.28148194376302,5.28148194376302,21.1259277750521,0.0120203543063467,0.0584718929817204,0.133242571463572,0.203734818751639
2019-12-20,1.96249967395102,0,1.03493865209803,125,12.5,29.6902647402979,7.42256618507447,7.42256618507447,29.6902647402979,0.0130866475820446,0.0636587772211321,0.145062161333172,0.221807586136349
2019-12-21,1.96249967395102,0,1.03493865209803,125,12.5,38.8580333490207,9.71450833725517,9.71450833725517,38.8580333490207,0.0128221216143517,0.0623720153104904,0.142129958233661,0.217324095158503
2019-12-22,1.96249967395102,0,1.03493865209803,125,12.5,19.6482612665592,4.91206531663981,4.91206531663981,19.6482612665592,0.0107492963659495,0.0522889501191102,0.119153217344593,0.182191463829652
2019-12-23,1.96249967338136,0,1.05829426974565,125,12.5,21.3580156526317,5.33950391315794,5.33950391315794,21.3580156526317,0.0127193748241986,0.0618722131278813,0.140991036186879,0.215582624138959
2019-12-24,1.94553455986904,0,1.03488630753608,125,12.5,18.7099615505431,4.67749038763576,4.67749038763576,18.7099615505431,0.0121343271882695,0.0590263034412432,0.13450593188353,0.205666562513043
2019-12-25,1.9455345594387,0,1.03493865224693,125,12.5,27.094539797674,6.7736349494185,6.7736349494185,27.094539797674,0.0102403549987891,0.0498132522822452,0.113511731681493,0.173565338962527
2019-12-26,1.9455345594387,0,1.03493865224693,125,12.5,21.8534771856037,5.46336929640093,5.46336929640093,21.8534771856037,0.00835803989050434,0.0406569059080465,0.0926467472608447,0.141661693059396
2019-12-27,1.94553455980459,0,1.07129801153205,125,12.5,21.5157809376304,5.37894523440761,5.37894523440761,21.5157809376304,0.00793404793374868,0.0385944365590826,0.0879469042147736,0.134475388707605
2019-12-28,1.92888186467558,0,1.90272970055759,125,12.5,10.3368870070811,2.58422175177028,2.58422175177028,10.3368870070811,0.0125549260982868,0.0610722676306495,0.139168163869146,0.212795357598082
2019-12-29,1.92888186430968,0,1.03492813987146,125,12.5,21.7552489835142,5.43881224587854,5.43881224587854,21.7552489835142,0.00692967821194949,0.0337087736750763,0.0768137211968638,0.11745217308389
2019-12-30,1.92888186491633,0,1.03493865210216,125,12.5,30.1432080779038,7.53580201947594,7.53580201947594,30.1432080779038,0.0148080552865203,0.0720324045293445,0.164143528091259,0.250983987907124
2019-12-31,17.7596058395919,0,0.740638849437895,125,12.5,2.13429595277202,0.533573988193006,0.533573988193006,2.13429595277202,0.00151090005510567,0.00734963247144621,0.0167479429837137,0.0256084755102656
2020-01-01,NA,0,NA,125,12.5,NA,NA,NA,NA,NA,NA,NA,NA
2020-01-02,NA,0,NA,125,12.5,NA,NA,NA,NA,NA,NA,NA,NA
2020-01-03,NA,0,NA,125,12.5,NA,NA,NA,NA,NA,NA,NA,NA
2020-01-04,NA,0,NA,125,12.5,NA,NA,NA,NA,NA,NA,NA,NA
2020-01-05,NA,0,NA,125,12.5,NA,NA,NA,NA,NA,NA,NA,NA
2020-01-06,NA,0,NA,125,12.5,NA,NA,NA,NA,NA,NA,NA,NA
2020-01-07,NA,0,NA,125,12.5,NA,NA,NA,NA,NA,NA,NA,NA
2020-01-08,NA,0,NA,125,12.5,NA,NA,NA,NA,NA,NA,NA,NA
2020-01-09,NA,0,NA,125,12.5,NA,NA,NA,NA,NA,NA,NA,NA
2020-01-10,NA,0,NA,125,12.5,NA,NA,NA,NA,NA,NA,NA,NA
2020-01-11,NA,0,NA,125,12.5,NA,NA,NA,NA,NA,NA,NA,NA
2020-01-12,NA,0,NA,125,12.5,NA,NA,NA,NA,NA,NA,NA,NA
2020-01-13,NA,0,NA,125,12.5,NA,NA,NA,NA,NA,NA,NA,NA
2020-01-14,NA,0,NA,125,12.5,NA,NA,NA,NA,NA,NA,NA,NA
2020-01-15,NA,0,NA,125,12.5,NA,NA,NA,NA,NA,NA,NA,NA
2020-01-16,NA,0,NA,125,12.5,NA,NA,NA,NA,NA,NA,NA,NA
2020-01-17,NA,0,NA,125,12.5,NA,NA,NA,NA,NA,NA,NA,NA
2020-01-18,NA,0,NA,125,12.5,NA,NA,NA,NA,NA,NA,NA,NA
2020-01-19,NA,0,NA,125,12.5,NA,NA,NA,NA,NA,NA,NA,NA
2020-01-20,NA,0,NA,125,12.5,NA,NA,NA,NA,NA,NA,NA,NA
2020-01-21,NA,0,NA,125,12.5,NA,NA,NA,NA,NA,NA,NA,NA
2020-01-22,NA,0,NA,125,12.5,NA,NA,NA,NA,NA,NA,NA,NA
2020-01-23,NA,0,NA,125,12.5,NA,NA,NA,NA,NA,NA,NA,NA
2020-01-24,NA,0,NA,125,12.5,NA,NA,NA,NA,NA,NA,NA,NA
2020-01-25,NA,0,NA,125,12.5,NA,NA,NA,NA,NA,NA,NA,NA
2020-01-26,NA,0,NA,125,12.5,NA,NA,NA,NA,NA,NA,NA,NA
2020-01-27,NA,0,NA,125,12.5,NA,NA,NA,NA,NA,NA,NA,NA
2020-01-28,NA,0,NA,125,12.5,NA,NA,NA,NA,NA,NA,NA,NA
2020-01-29,NA,0,NA,125,12.5,NA,NA,NA,NA,NA,NA,NA,NA
2020-01-30,NA,0,NA,125,12.5,NA,NA,NA,NA,NA,NA,NA,NA
2020-01-31,NA,0,NA,125,12.5,NA,NA,NA,NA,NA,NA,NA,NA
2020-02-01,NA,0,NA,125,12.5,NA,NA,NA,NA,NA,NA,NA,NA
2020-02-02,NA,0,NA,125,12.5,NA,NA,NA,NA,NA,NA,NA,NA
2020-02-03,NA,0,NA,125,12.5,NA,NA,NA,NA,NA,NA,NA,NA
2020-02-04,NA,0,NA,125,12.5,NA,NA,NA,NA,NA,NA,NA,NA
2020-02-05,NA,0,NA,125,12.5,NA,NA,NA,NA,NA,NA,NA,NA
2020-02-06,NA,0,NA,125,12.5,NA,NA,NA,NA,NA,NA,NA,NA
2020-02-07,NA,0,NA,125,12.5,NA,NA,NA,NA,NA,NA,NA,NA
2020-02-08,NA,0,NA,125,12.5,NA,NA,NA,NA,NA,NA,NA,NA
2020-02-09,NA,0,NA,125,12.5,NA,NA,NA,NA,NA,NA,NA,NA
2020-02-10,NA,0,NA,125,12.5,NA,NA,NA,NA,NA,NA,NA,NA
2020-02-11,NA,0,NA,125,12.5,NA,NA,NA,NA,NA,NA,NA,NA
2020-02-12,NA,0,NA,125,12.5,NA,NA,NA,NA,NA,NA,NA,NA
2020-02-13,NA,0,NA,125,12.5,NA,NA,NA,NA,NA,NA,NA,NA
2020-02-14,NA,0,NA,125,12.5,NA,NA,NA,NA,NA,NA,NA,NA
2020-02-15,NA,0,NA,125,12.5,NA,NA,NA,NA,NA,NA,NA,NA
2020-02-16,NA,0,NA,125,12.5,NA,NA,NA,NA,NA,NA,NA,NA
2020-02-17,NA,0,NA,125,12.5,NA,NA,NA,NA,NA,NA,NA,NA
2020-02-18,NA,0,NA,125,12.5,NA,NA,NA,NA,NA,NA,NA,NA
2020-02-19,NA,0,NA,125,12.5,NA,NA,NA,NA,NA,NA,NA,NA
2020-02-20,NA,0,NA,125,12.5,NA,NA,NA,NA,NA,NA,NA,NA
2020-02-21,NA,0,NA,125,12.5,NA,NA,NA,NA,NA,NA,NA,NA
2020-02-22,NA,0,NA,125,12.5,NA,NA,NA,NA,NA,NA,NA,NA
2020-02-23,NA,0,NA,125,12.5,NA,NA,NA,NA,NA,NA,NA,NA
2020-02-24,NA,0,NA,125,12.5,NA,NA,NA,NA,NA,NA,NA,NA
2020-02-25,NA,0,NA,125,12.5,NA,NA,NA,NA,NA,NA,NA,NA
2020-02-26,NA,0,NA,125,12.5,NA,NA,NA,NA,NA,NA,NA,NA
2020-02-27,NA,0,NA,125,12.5,NA,NA,NA,NA,NA,NA,NA,NA
2020-02-28,NA,0,NA,125,12.5,NA,NA,NA,NA,NA,NA,NA,NA
2020-02-29,NA,0,NA,125,12.5,NA,NA,NA,NA,NA,NA,NA,NA
2020-03-01,NA,0,NA,125,12.5,NA,NA,NA,NA,NA,NA,NA,NA
2020-03-02,NA,0,NA,125,12.5,NA,NA,NA,NA,NA,NA,NA,NA
2020-03-03,NA,0,NA,125,12.5,NA,NA,NA,NA,NA,NA,NA,NA
2020-03-04,NA,0,NA,125,12.5,NA,NA,NA,NA,NA,NA,NA,NA
2020-03-05,NA,0,NA,125,12.5,NA,NA,NA,NA,NA,NA,NA,NA
2020-03-06,NA,0,NA,125,12.5,NA,NA,NA,NA,NA,NA,NA,NA
2020-03-07,NA,0,NA,125,12.5,NA,NA,NA,NA,NA,NA,NA,NA
2020-03-08,NA,0,NA,125,12.5,NA,NA,NA,NA,NA,NA,NA,NA
2020-03-09,NA,0,NA,125,12.5,NA,NA,NA,NA,NA,NA,NA,NA
2020-03-10,NA,0,NA,125,12.5,NA,NA,NA,NA,NA,NA,NA,NA
2020-03-11,NA,0,NA,125,12.5,NA,NA,NA,NA,NA,NA,NA,NA
2020-03-12,NA,0,NA,125,12.5,NA,NA,NA,NA,NA,NA,NA,NA
2020-03-13,NA,0,NA,125,12.5,NA,NA,NA,NA,NA,NA,NA,NA
2020-03-14,NA,0,NA,125,12.5,NA,NA,NA,NA,NA,NA,NA,NA
2020-03-15,NA,0,NA,125,12.5,NA,NA,NA,NA,NA,NA,NA,NA
2020-03-16,NA,0,NA,125,12.5,NA,NA,NA,NA,NA,NA,NA,NA
2020-03-17,NA,0,NA,125,12.5,NA,NA,NA,NA,NA,NA,NA,NA
2020-03-18,NA,0,NA,125,12.5,NA,NA,NA,NA,NA,NA,NA,NA
2020-03-19,NA,0,NA,125,12.5,NA,NA,NA,NA,NA,NA,NA,NA
2020-03-20,NA,0,NA,125,12.5,NA,NA,NA,NA,NA,NA,NA,NA
2020-03-21,NA,0,NA,125,12.5,NA,NA,NA,NA,NA,NA,NA,NA
2020-03-22,NA,0,NA,125,12.5,NA,NA,NA,NA,NA,NA,NA,NA
2020-03-23,NA,0,NA,125,12.5,NA,NA,NA,NA,NA,NA,NA,NA
2020-03-24,NA,0,NA,125,12.5,NA,NA,NA,NA,NA,NA,NA,NA
2020-03-25,NA,0,NA,125,12.5,NA,NA,NA,NA,NA,NA,NA,NA
2020-03-26,NA,0,NA,125,12.5,NA,NA,NA,NA,NA,NA,NA,NA
2020-03-27,NA,0,NA,125,12.5,NA,NA,NA,NA,NA,NA,NA,NA
2020-03-28,NA,0,NA,125,12.5,NA,NA,NA,NA,NA,NA,NA,NA
2020-03-29,NA,0,NA,125,12.5,NA,NA,NA,NA,NA,NA,NA,NA
2020-03-30,NA,0,NA,125,12.5,NA,NA,NA,NA,NA,NA,NA,NA
2020-03-31,NA,0,NA,125,12.5,NA,NA,NA,NA,NA,NA,NA,NA
2020-04-01,NA,0,NA,125,12.5,NA,NA,NA,NA,NA,NA,NA,NA
2020-04-02,NA,0,NA,125,12.5,NA,NA,NA,NA,NA,NA,NA,NA
2020-04-03,NA,0,NA,125,12.5,NA,NA,NA,NA,NA,NA,NA,NA
2020-04-04,NA,0,NA,125,12.5,NA,NA,NA,NA,NA,NA,NA,NA
2020-04-05,NA,0,NA,125,12.5,NA,NA,NA,NA,NA,NA,NA,NA
2020-04-06,NA,0,NA,125,12.5,NA,NA,NA,NA,NA,NA,NA,NA
2020-04-07,NA,0,NA,125,12.5,NA,NA,NA,NA,NA,NA,NA,NA
2020-04-08,NA,0,NA,125,12.5,NA,NA,NA,NA,NA,NA,NA,NA
2020-04-09,NA,0,NA,125,12.5,NA,NA,NA,NA,NA,NA,NA,NA
2020-04-10,NA,0,NA,125,12.5,NA,NA,NA,NA,NA,NA,NA,NA
2020-04-11,NA,0,NA,125,12.5,NA,NA,NA,NA,NA,NA,NA,NA
2020-04-12,NA,0,NA,125,12.5,NA,NA,NA,NA,NA,NA,NA,NA
2020-04-13,NA,0,NA,125,12.5,NA,NA,NA,NA,NA,NA,NA,NA
2020-04-14,NA,0,NA,125,12.5,NA,NA,NA,NA,NA,NA,NA,NA
2020-04-15,NA,0,NA,125,12.5,NA,NA,NA,NA,NA,NA,NA,NA
2020-04-16,NA,0,NA,125,12.5,NA,NA,NA,NA,NA,NA,NA,NA
2020-04-17,NA,0,NA,125,12.5,NA,NA,NA,NA,NA,NA,NA,NA
2020-04-18,NA,0,NA,125,12.5,NA,NA,NA,NA,NA,NA,NA,NA
2020-04-19,NA,0,NA,125,12.5,NA,NA,NA,NA,NA,NA,NA,NA
2020-04-20,NA,0,NA,125,12.5,NA,NA,NA,NA,NA,NA,NA,NA
2020-04-21,NA,0,NA,125,12.5,NA,NA,NA,NA,NA,NA,NA,NA
2020-04-22,NA,0,NA,125,12.5,NA,NA,NA,NA,NA,NA,NA,NA
2020-04-23,NA,0,NA,125,12.5,NA,NA,NA,NA,NA,NA,NA,NA
2020-04-24,NA,0,NA,125,12.5,NA,NA,NA,NA,NA,NA,NA,NA
2020-04-25,NA,0,NA,125,12.5,NA,NA,NA,NA,NA,NA,NA,NA
2020-04-26,NA,0,NA,125,12.5,NA,NA,NA,NA,NA,NA,NA,NA
2020-04-27,NA,0,NA,125,12.5,NA,NA,NA,NA,NA,NA,NA,NA
2020-04-28,NA,0,NA,125,12.5,NA,NA,NA,NA,NA,NA,NA,NA
2020-04-29,NA,0,NA,125,12.5,NA,NA,NA,NA,NA,NA,NA,NA
2020-04-30,NA,0,NA,125,12.5,NA,NA,NA,NA,NA,NA,NA,NA
2020-05-01,NA,0,NA,125,12.5,NA,NA,NA,NA,NA,NA,NA,NA
2020-05-02,NA,0,NA,125,12.5,NA,NA,NA,NA,NA,NA,NA,NA
2020-05-03,NA,0,NA,125,12.5,NA,NA,NA,NA,NA,NA,NA,NA
2020-05-04,NA,0,NA,125,12.5,NA,NA,NA,NA,NA,NA,NA,NA
2020-05-05,NA,0,NA,125,12.5,NA,NA,NA,NA,NA,NA,NA,NA
2020-05-06,NA,0,NA,125,12.5,NA,NA,NA,NA,NA,NA,NA,NA
2020-05-07,NA,0,NA,125,12.5,NA,NA,NA,NA,NA,NA,NA,NA
2020-05-08,NA,0,NA,125,12.5,NA,NA,NA,NA,NA,NA,NA,NA
2020-05-09,NA,0,NA,125,12.5,NA,NA,NA,NA,NA,NA,NA,NA
2020-05-10,NA,0,NA,125,12.5,NA,NA,NA,NA,NA,NA,NA,NA
2020-05-11,NA,0,NA,125,12.5,NA,NA,NA,NA,NA,NA,NA,NA
2020-05-12,NA,0,NA,125,12.5,NA,NA,NA,NA,NA,NA,NA,NA
2020-05-13,NA,0,NA,125,12.5,NA,NA,NA,NA,NA,NA,NA,NA
2020-05-14,NA,0,NA,125,12.5,NA,NA,NA,NA,NA,NA,NA,NA
2020-05-15,NA,0,NA,125,12.5,NA,NA,NA,NA,NA,NA,NA,NA
2020-05-16,NA,0,NA,125,12.5,NA,NA,NA,NA,NA,NA,NA,NA
2020-05-17,NA,0,NA,125,12.5,NA,NA,NA,NA,NA,NA,NA,NA
2020-05-18,NA,0,NA,125,12.5,NA,NA,NA,NA,NA,NA,NA,NA
2020-05-19,NA,0,NA,125,12.5,NA,NA,NA,NA,NA,NA,NA,NA
2020-05-20,NA,0,NA,125,12.5,NA,NA,NA,NA,NA,NA,NA,NA
2020-05-21,NA,0,NA,125,12.5,NA,NA,NA,NA,NA,NA,NA,NA
2020-05-22,NA,0,NA,125,12.5,NA,NA,NA,NA,NA,NA,NA,NA
2020-05-23,NA,0,NA,125,12.5,NA,NA,NA,NA,NA,NA,NA,NA
2020-05-24,NA,0,NA,125,12.5,NA,NA,NA,NA,NA,NA,NA,NA
2020-05-25,NA,0,NA,125,12.5,NA,NA,NA,NA,NA,NA,NA,NA
2020-05-26,NA,0,NA,125,12.5,NA,NA,NA,NA,NA,NA,NA,NA
2020-05-27,NA,0,NA,125,12.5,NA,NA,NA,NA,NA,NA,NA,NA
2020-05-28,NA,0,NA,125,12.5,NA,NA,NA,NA,NA,NA,NA,NA
2020-05-29,NA,0,NA,125,12.5,NA,NA,NA,NA,NA,NA,NA,NA
2020-05-30,NA,0,NA,125,12.5,NA,NA,NA,NA,NA,NA,NA,NA
2020-05-31,NA,0,NA,125,12.5,NA,NA,NA,NA,NA,NA,NA,NA
2020-06-01,NA,0,NA,125,12.5,NA,NA,NA,NA,NA,NA,NA,NA
2020-06-02,NA,0,NA,125,12.5,NA,NA,NA,NA,NA,NA,NA,NA
2020-06-03,NA,0,NA,125,12.5,NA,NA,NA,NA,NA,NA,NA,NA
2020-06-04,NA,0,NA,125,12.5,NA,NA,NA,NA,NA,NA,NA,NA
2020-06-05,NA,0,NA,125,12.5,NA,NA,NA,NA,NA,NA,NA,NA
2020-06-06,NA,0,NA,125,12.5,NA,NA,NA,NA,NA,NA,NA,NA
2020-06-07,NA,0,NA,125,12.5,NA,NA,NA,NA,NA,NA,NA,NA
2020-06-08,NA,0,NA,125,12.5,NA,NA,NA,NA,NA,NA,NA,NA
2020-06-09,NA,0,NA,125,12.5,NA,NA,NA,NA,NA,NA,NA,NA
2020-06-10,NA,0,NA,125,12.5,NA,NA,NA,NA,NA,NA,NA,NA
2020-06-11,NA,0,NA,125,12.5,NA,NA,NA,NA,NA,NA,NA,NA
2020-06-12,NA,0,NA,125,12.5,NA,NA,NA,NA,NA,NA,NA,NA
2020-06-13,NA,0,NA,125,12.5,NA,NA,NA,NA,NA,NA,NA,NA
2020-06-14,NA,0,NA,125,12.5,NA,NA,NA,NA,NA,NA,NA,NA
2020-06-15,NA,0,NA,125,12.5,NA,NA,NA,NA,NA,NA,NA,NA
2020-06-16,NA,0,NA,125,12.5,NA,NA,NA,NA,NA,NA,NA,NA
2020-06-17,NA,0,NA,125,12.5,NA,NA,NA,NA,NA,NA,NA,NA
2020-06-18,NA,0,NA,125,12.5,NA,NA,NA,NA,NA,NA,NA,NA
2020-06-19,NA,0,NA,125,12.5,NA,NA,NA,NA,NA,NA,NA,NA
2020-06-20,NA,0,NA,125,12.5,NA,NA,NA,NA,NA,NA,NA,NA
2020-06-21,NA,0,NA,125,12.5,NA,NA,NA,NA,NA,NA,NA,NA
2020-06-22,NA,0,NA,125,12.5,NA,NA,NA,NA,NA,NA,NA,NA
2020-06-23,NA,0,NA,125,12.5,NA,NA,NA,NA,NA,NA,NA,NA
2020-06-24,NA,0,NA,125,12.5,NA,NA,NA,NA,NA,NA,NA,NA
2020-06-25,NA,0,NA,125,12.5,NA,NA,NA,NA,NA,NA,NA,NA
2020-06-26,NA,0,NA,125,12.5,NA,NA,NA,NA,NA,NA,NA,NA
2020-06-27,NA,0,NA,125,12.5,NA,NA,NA,NA,NA,NA,NA,NA
2020-06-28,NA,0,NA,125,12.5,NA,NA,NA,NA,NA,NA,NA,NA
2020-06-29,NA,0,NA,125,12.5,NA,NA,NA,NA,NA,NA,NA,NA
2020-06-30,NA,0,NA,125,12.5,NA,NA,NA,NA,NA,NA,NA,NA
2020-07-01,NA,0,NA,125,12.5,NA,NA,NA,NA,NA,NA,NA,NA
2020-07-02,NA,0,NA,125,12.5,NA,NA,NA,NA,NA,NA,NA,NA
2020-07-03,NA,0,NA,125,12.5,NA,NA,NA,NA,NA,NA,NA,NA
2020-07-04,NA,0,NA,125,12.5,NA,NA,NA,NA,NA,NA,NA,NA
2020-07-05,NA,0,NA,125,12.5,NA,NA,NA,NA,NA,NA,NA,NA
2020-07-06,NA,0,NA,125,12.5,NA,NA,NA,NA,NA,NA,NA,NA
2020-07-07,NA,0,NA,125,12.5,NA,NA,NA,NA,NA,NA,NA,NA
2020-07-08,NA,0,NA,125,12.5,NA,NA,NA,NA,NA,NA,NA,NA
2020-07-09,NA,0,NA,125,12.5,NA,NA,NA,NA,NA,NA,NA,NA
2020-07-10,NA,0,NA,125,12.5,NA,NA,NA,NA,NA,NA,NA,NA
2020-07-11,NA,0,NA,125,12.5,NA,NA,NA,NA,NA,NA,NA,NA
2020-07-12,NA,0,NA,125,12.5,NA,NA,NA,NA,NA,NA,NA,NA
2020-07-13,NA,0,NA,125,12.5,NA,NA,NA,NA,NA,NA,NA,NA
2020-07-14,NA,0,NA,125,12.5,NA,NA,NA,NA,NA,NA,NA,NA
2020-07-15,NA,0,NA,125,12.5,NA,NA,NA,NA,NA,NA,NA,NA
2020-07-16,NA,0,NA,125,12.5,NA,NA,NA,NA,NA,NA,NA,NA
2020-07-17,NA,0,NA,125,12.5,NA,NA,NA,NA,NA,NA,NA,NA
2020-07-18,NA,0,NA,125,12.5,NA,NA,NA,NA,NA,NA,NA,NA
2020-07-19,NA,0,NA,125,12.5,NA,NA,NA,NA,NA,NA,NA,NA
2020-07-20,NA,0,NA,125,12.5,NA,NA,NA,NA,NA,NA,NA,NA
2020-07-21,NA,0,NA,125,12.5,NA,NA,NA,NA,NA,NA,NA,NA
2020-07-22,NA,0,NA,125,12.5,NA,NA,NA,NA,NA,NA,NA,NA
2020-07-23,NA,0,NA,125,12.5,NA,NA,NA,NA,NA,NA,NA,NA
2020-07-24,NA,0,NA,125,12.5,NA,NA,NA,NA,NA,NA,NA,NA
2020-07-25,NA,0,NA,125,12.5,NA,NA,NA,NA,NA,NA,NA,NA
2020-07-26,NA,0,NA,125,12.5,NA,NA,NA,NA,NA,NA,NA,NA
2020-07-27,NA,0,NA,125,12.5,NA,NA,NA,NA,NA,NA,NA,NA
2020-07-28,NA,0,NA,125,12.5,NA,NA,NA,NA,NA,NA,NA,NA
2020-07-29,NA,0,NA,125,12.5,NA,NA,NA,NA,NA,NA,NA,NA
2020-07-30,NA,0,NA,125,12.5,NA,NA,NA,NA,NA,NA,NA,NA
2020-07-31,NA,0,NA,125,12.5,NA,NA,NA,NA,NA,NA,NA,NA
2020-08-01,NA,0,NA,125,12.5,NA,NA,NA,NA,NA,NA,NA,NA
2020-08-02,NA,0,NA,125,12.5,NA,NA,NA,NA,NA,NA,NA,NA
2020-08-03,NA,0,NA,125,12.5,NA,NA,NA,NA,NA,NA,NA,NA
2020-08-04,NA,0,NA,125,12.5,NA,NA,NA,NA,NA,NA,NA,NA
2020-08-05,NA,0,NA,125,12.5,NA,NA,NA,NA,NA,NA,NA,NA
2020-08-06,NA,0,NA,125,12.5,NA,NA,NA,NA,NA,NA,NA,NA
2020-08-07,NA,0,NA,125,12.5,NA,NA,NA,NA,NA,NA,NA,NA
2020-08-08,NA,0,NA,125,12.5,NA,NA,NA,NA,NA,NA,NA,NA
2020-08-09,NA,0,NA,125,12.5,NA,NA,NA,NA,NA,NA,NA,NA
2020-08-10,NA,0,NA,125,12.5,NA,NA,NA,NA,NA,NA,NA,NA
2020-08-11,NA,0,NA,125,12.5,NA,NA,NA,NA,NA,NA,NA,NA
2020-08-12,NA,0,NA,125,12.5,NA,NA,NA,NA,NA,NA,NA,NA
2020-08-13,NA,0,NA,125,12.5,NA,NA,NA,NA,NA,NA,NA,NA
2020-08-14,NA,0,NA,125,12.5,NA,NA,NA,NA,NA,NA,NA,NA
2020-08-15,NA,0,NA,125,12.5,NA,NA,NA,NA,NA,NA,NA,NA
2020-08-16,NA,0,NA,125,12.5,NA,NA,NA,NA,NA,NA,NA,NA
2020-08-17,NA,0,NA,125,12.5,NA,NA,NA,NA,NA,NA,NA,NA
2020-08-18,NA,0,NA,125,12.5,NA,NA,NA,NA,NA,NA,NA,NA
2020-08-19,NA,0,NA,125,12.5,NA,NA,NA,NA,NA,NA,NA,NA
2020-08-20,NA,0,NA,125,12.5,NA,NA,NA,NA,NA,NA,NA,NA
2020-08-21,NA,0,NA,125,12.5,NA,NA,NA,NA,NA,NA,NA,NA
2020-08-22,NA,0,NA,125,12.5,NA,NA,NA,NA,NA,NA,NA,NA
2020-08-23,NA,0,NA,125,12.5,NA,NA,NA,NA,NA,NA,NA,NA
2020-08-24,NA,0,NA,125,12.5,NA,NA,NA,NA,NA,NA,NA,NA
2020-08-25,NA,0,NA,125,12.5,NA,NA,NA,NA,NA,NA,NA,NA
2020-08-26,NA,0,NA,125,12.5,NA,NA,NA,NA,NA,NA,NA,NA
2020-08-27,NA,0,NA,125,12.5,NA,NA,NA,NA,NA,NA,NA,NA
2020-08-28,NA,0,NA,125,12.5,NA,NA,NA,NA,NA,NA,NA,NA
2020-08-29,NA,0,NA,125,12.5,NA,NA,NA,NA,NA,NA,NA,NA
2020-08-30,NA,0,NA,125,12.5,NA,NA,NA,NA,NA,NA,NA,NA
2020-08-31,NA,0,NA,125,12.5,NA,NA,NA,NA,NA,NA,NA,NA
2020-09-01,NA,0,NA,125,12.5,NA,NA,NA,NA,NA,NA,NA,NA
2020-09-02,NA,0,NA,125,12.5,NA,NA,NA,NA,NA,NA,NA,NA
2020-09-03,NA,0,NA,125,12.5,NA,NA,NA,NA,NA,NA,NA,NA
2020-09-04,NA,0,NA,125,12.5,NA,NA,NA,NA,NA,NA,NA,NA
2020-09-05,NA,0,NA,125,12.5,NA,NA,NA,NA,NA,NA,NA,NA
2020-09-06,NA,0,NA,125,12.5,NA,NA,NA,NA,NA,NA,NA,NA
2020-09-07,NA,0,NA,125,12.5,NA,NA,NA,NA,NA,NA,NA,NA
2020-09-08,NA,0,NA,125,12.5,NA,NA,NA,NA,NA,NA,NA,NA
2020-09-09,NA,0,NA,125,12.5,NA,NA,NA,NA,NA,NA,NA,NA
2020-09-10,NA,0,NA,125,12.5,NA,NA,NA,NA,NA,NA,NA,NA
2020-09-11,NA,0,NA,125,12.5,NA,NA,NA,NA,NA,NA,NA,NA
2020-09-12,NA,0,NA,125,12.5,NA,NA,NA,NA,NA,NA,NA,NA
2020-09-13,NA,0,NA,125,12.5,NA,NA,NA,NA,NA,NA,NA,NA
2020-09-14,NA,0,NA,125,12.5,NA,NA,NA,NA,NA,NA,NA,NA
2020-09-15,NA,0,NA,125,12.5,NA,NA,NA,NA,NA,NA,NA,NA
2020-09-16,NA,0,NA,125,12.5,NA,NA,NA,NA,NA,NA,NA,NA
2020-09-17,NA,0,NA,125,12.5,NA,NA,NA,NA,NA,NA,NA,NA
2020-09-18,NA,0,NA,125,12.5,NA,NA,NA,NA,NA,NA,NA,NA
2020-09-19,NA,0,NA,125,12.5,NA,NA,NA,NA,NA,NA,NA,NA
2020-09-20,NA,0,NA,125,12.5,NA,NA,NA,NA,NA,NA,NA,NA
2020-09-21,NA,0,NA,125,12.5,NA,NA,NA,NA,NA,NA,NA,NA
2020-09-22,NA,0,NA,125,12.5,NA,NA,NA,NA,NA,NA,NA,NA
2020-09-23,NA,0,NA,125,12.5,NA,NA,NA,NA,NA,NA,NA,NA
2020-09-24,NA,0,NA,125,12.5,NA,NA,NA,NA,NA,NA,NA,NA
2020-09-25,NA,0,NA,125,12.5,NA,NA,NA,NA,NA,NA,NA,NA
2020-09-26,NA,0,NA,125,12.5,NA,NA,NA,NA,NA,NA,NA,NA
2020-09-27,NA,0,NA,125,12.5,NA,NA,NA,NA,NA,NA,NA,NA
2020-09-28,NA,0,NA,125,12.5,NA,NA,NA,NA,NA,NA,NA,NA
2020-09-29,NA,0,NA,125,12.5,NA,NA,NA,NA,NA,NA,NA,NA
2020-09-30,NA,0,NA,125,12.5,NA,NA,NA,NA,NA,NA,NA,NA
2020-10-01,NA,0,NA,125,12.5,NA,NA,NA,NA,NA,NA,NA,NA
2020-10-02,NA,0,NA,125,12.5,NA,NA,NA,NA,NA,NA,NA,NA
2020-10-03,NA,0,NA,125,12.5,NA,NA,NA,NA,NA,NA,NA,NA
2020-10-04,NA,0,NA,125,12.5,NA,NA,NA,NA,NA,NA,NA,NA
2020-10-05,NA,0,NA,125,12.5,NA,NA,NA,NA,NA,NA,NA,NA
2020-10-06,NA,0,NA,125,12.5,NA,NA,NA,NA,NA,NA,NA,NA
2020-10-07,NA,0,NA,125,12.5,NA,NA,NA,NA,NA,NA,NA,NA
2020-10-08,NA,0,NA,125,12.5,NA,NA,NA,NA,NA,NA,NA,NA
2020-10-09,NA,0,NA,125,12.5,NA,NA,NA,NA,NA,NA,NA,NA
2020-10-10,NA,0,NA,125,12.5,NA,NA,NA,NA,NA,NA,NA,NA
2020-10-11,NA,0,NA,125,12.5,NA,NA,NA,NA,NA,NA,NA,NA
2020-10-12,NA,0,NA,125,12.5,NA,NA,NA,NA,NA,NA,NA,NA
2020-10-13,NA,0,NA,125,12.5,NA,NA,NA,NA,NA,NA,NA,NA
2020-10-14,NA,0,NA,125,12.5,NA,NA,NA,NA,NA,NA,NA,NA
2020-10-15,NA,0,NA,125,12.5,NA,NA,NA,NA,NA,NA,NA,NA
2020-10-16,NA,0,NA,125,12.5,NA,NA,NA,NA,NA,NA,NA,NA
2020-10-17,NA,0,NA,125,12.5,NA,NA,NA,NA,NA,NA,NA,NA
2020-10-18,NA,0,NA,125,12.5,NA,NA,NA,NA,NA,NA,NA,NA
2020-10-19,NA,0,NA,125,12.5,NA,NA,NA,NA,NA,NA,NA,NA
2020-10-20,NA,0,NA,125,12.5,NA,NA,NA,NA,NA,NA,NA,NA
2020-10-21,NA,0,NA,125,12.5,NA,NA,NA,NA,NA,NA,NA,NA
2020-10-22,NA,0,NA,125,12.5,NA,NA,NA,NA,NA,NA,NA,NA
2020-10-23,NA,0,NA,125,12.5,NA,NA,NA,NA,NA,NA,NA,NA
2020-10-24,NA,0,NA,125,12.5,NA,NA,NA,NA,NA,NA,NA,NA
2020-10-25,NA,0,NA,125,12.5,NA,NA,NA,NA,NA,NA,NA,NA
2020-10-26,NA,0,NA,125,12.5,NA,NA,NA,NA,NA,NA,NA,NA
2020-10-27,NA,0,NA,125,12.5,NA,NA,NA,NA,NA,NA,NA,NA
2020-10-28,NA,0,NA,125,12.5,NA,NA,NA,NA,NA,NA,NA,NA
2020-10-29,NA,0,NA,125,12.5,NA,NA,NA,NA,NA,NA,NA,NA
2020-10-30,NA,0,NA,125,12.5,NA,NA,NA,NA,NA,NA,NA,NA
2020-10-31,NA,0,NA,125,12.5,NA,NA,NA,NA,NA,NA,NA,NA
2020-11-01,NA,0,NA,125,12.5,NA,NA,NA,NA,NA,NA,NA,NA
2020-11-02,NA,0,NA,125,12.5,NA,NA,NA,NA,NA,NA,NA,NA
2020-11-03,NA,0,NA,125,12.5,NA,NA,NA,NA,NA,NA,NA,NA
2020-11-04,NA,0,NA,125,12.5,NA,NA,NA,NA,NA,NA,NA,NA
2020-11-05,NA,0,NA,125,12.5,NA,NA,NA,NA,NA,NA,NA,NA
2020-11-06,NA,0,NA,125,12.5,NA,NA,NA,NA,NA,NA,NA,NA
2020-11-07,NA,0,NA,125,12.5,NA,NA,NA,NA,NA,NA,NA,NA
2020-11-08,NA,0,NA,125,12.5,NA,NA,NA,NA,NA,NA,NA,NA
2020-11-09,NA,0,NA,125,12.5,NA,NA,NA,NA,NA,NA,NA,NA
2020-11-10,NA,0,NA,125,12.5,NA,NA,NA,NA,NA,NA,NA,NA
2020-11-11,NA,0,NA,125,12.5,NA,NA,NA,NA,NA,NA,NA,NA
2020-11-12,NA,0,NA,125,12.5,NA,NA,NA,NA,NA,NA,NA,NA
2020-11-13,NA,0,NA,125,12.5,NA,NA,NA,NA,NA,NA,NA,NA
2020-11-14,NA,0,NA,125,12.5,NA,NA,NA,NA,NA,NA,NA,NA
2020-11-15,NA,0,NA,125,12.5,NA,NA,NA,NA,NA,NA,NA,NA
2020-11-16,NA,0,NA,125,12.5,NA,NA,NA,NA,NA,NA,NA,NA
2020-11-17,NA,0,NA,125,12.5,NA,NA,NA,NA,NA,NA,NA,NA
2020-11-18,NA,0,NA,125,12.5,NA,NA,NA,NA,NA,NA,NA,NA
2020-11-19,NA,0,NA,125,12.5,NA,NA,NA,NA,NA,NA,NA,NA
2020-11-20,NA,0,NA,125,12.5,NA,NA,NA,NA,NA,NA,NA,NA
2020-11-21,NA,0,NA,125,12.5,NA,NA,NA,NA,NA,NA,NA,NA
2020-11-22,NA,0,NA,125,12.5,NA,NA,NA,NA,NA,NA,NA,NA
2020-11-23,NA,0,NA,125,12.5,NA,NA,NA,NA,NA,NA,NA,NA
2020-11-24,NA,0,NA,125,12.5,NA,NA,NA,NA,NA,NA,NA,NA
2020-11-25,NA,0,NA,125,12.5,NA,NA,NA,NA,NA,NA,NA,NA
2020-11-26,NA,0,NA,125,12.5,NA,NA,NA,NA,NA,NA,NA,NA
2020-11-27,NA,0,NA,125,12.5,NA,NA,NA,NA,NA,NA,NA,NA
2020-11-28,NA,0,NA,125,12.5,NA,NA,NA,NA,NA,NA,NA,NA
2020-11-29,NA,0,NA,125,12.5,NA,NA,NA,NA,NA,NA,NA,NA
2020-11-30,NA,0,NA,125,12.5,NA,NA,NA,NA,NA,NA,NA,NA
2020-12-01,NA,0,NA,125,12.5,NA,NA,NA,NA,NA,NA,NA,NA
2020-12-02,NA,0,NA,125,12.5,NA,NA,NA,NA,NA,NA,NA,NA
2020-12-03,NA,0,NA,125,12.5,NA,NA,NA,NA,NA,NA,NA,NA
2020-12-04,NA,0,NA,125,12.5,NA,NA,NA,NA,NA,NA,NA,NA
2020-12-05,NA,0,NA,125,12.5,NA,NA,NA,NA,NA,NA,NA,NA
2020-12-06,NA,0,NA,125,12.5,NA,NA,NA,NA,NA,NA,NA,NA
2020-12-07,NA,0,NA,125,12.5,NA,NA,NA,NA,NA,NA,NA,NA
2020-12-08,NA,0,NA,125,12.5,NA,NA,NA,NA,NA,NA,NA,NA
2020-12-09,NA,0,NA,125,12.5,NA,NA,NA,NA,NA,NA,NA,NA
2020-12-10,NA,0,NA,125,12.5,NA,NA,NA,NA,NA,NA,NA,NA
2020-12-11,NA,0,NA,125,12.5,NA,NA,NA,NA,NA,NA,NA,NA
2020-12-12,NA,0,NA,125,12.5,NA,NA,NA,NA,NA,NA,NA,NA
2020-12-13,NA,0,NA,125,12.5,NA,NA,NA,NA,NA,NA,NA,NA
2020-12-14,NA,0,NA,125,12.5,NA,NA,NA,NA,NA,NA,NA,NA
2020-12-15,NA,0,NA,125,12.5,NA,NA,NA,NA,NA,NA,NA,NA
2020-12-16,NA,0,NA,125,12.5,NA,NA,NA,NA,NA,NA,NA,NA
2020-12-17,NA,0,NA,125,12.5,NA,NA,NA,NA,NA,NA,NA,NA
2020-12-18,NA,0,NA,125,12.5,NA,NA,NA,NA,NA,NA,NA,NA
2020-12-19,NA,0,NA,125,12.5,NA,NA,NA,NA,NA,NA,NA,NA
2020-12-20,NA,0,NA,125,12.5,NA,NA,NA,NA,NA,NA,NA,NA
2020-12-21,NA,0,NA,125,12.5,NA,NA,NA,NA,NA,NA,NA,NA
2020-12-22,NA,0,NA,125,12.5,NA,NA,NA,NA,NA,NA,NA,NA
2020-12-23,NA,0,NA,125,12.5,NA,NA,NA,NA,NA,NA,NA,NA
2020-12-24,NA,0,NA,125,12.5,NA,NA,NA,NA,NA,NA,NA,NA
2020-12-25,NA,0,NA,125,12.5,NA,NA,NA,NA,NA,NA,NA,NA
2020-12-26,NA,0,NA,125,12.5,NA,NA,NA,NA,NA,NA,NA,NA
2020-12-27,NA,0,NA,125,12.5,NA,NA,NA,NA,NA,NA,NA,NA
2020-12-28,NA,0,NA,125,12.5,NA,NA,NA,NA,NA,NA,NA,NA
2020-12-29,NA,0,NA,125,12.5,NA,NA,NA,NA,NA,NA,NA,NA
2020-12-30,NA,0,NA,125,12.5,NA,NA,NA,NA,NA,NA,NA,NA
2020-12-31,NA,0,NA,125,12.5,NA,NA,NA,NA,NA,NA,NA,NA
