DateTime,Fsed_dic,Ksed_dic,theta_sed_dic,RMSE
2022-04-22 15:30:58,0.001,100,1.19999928223009,70.7779458402624
2022-04-22 15:30:35,0.001,100,1.19999928223009,70.7779458402624
2022-04-22 15:30:12,0.00100000253426606,100,1.19999927317536,70.7779458578073
2022-04-22 15:29:49,0.00100000646336181,99.9999980560302,1.19999930972765,70.7779458753526
2022-04-22 15:29:26,0.00100003462293454,100,1.19999929327309,70.7779460449566
2022-04-22 15:29:03,0.001,100,1.19999928223009,70.7779458402624
2022-04-22 15:28:40,0.00100002060589666,100,1.19999933897593,70.7779459630782
2022-04-22 15:28:17,0.001,99.9999830833892,1.19999925927395,70.7779458406984
2022-04-22 15:27:55,0.00100003683045541,100,1.19999932324852,70.7779460566526
2022-04-22 15:27:32,0.00100011621388616,100,1.1999992970169,70.7779465186751
2022-04-22 15:27:09,0.00100008075601046,99.9999432741045,1.1999992251299,70.7779463152855
2022-04-22 15:26:46,0.001,100,1.19999927259875,70.7779458402624
2022-04-22 15:26:23,0.001,99.9999636969768,1.19999925788896,70.7779458411327
2022-04-22 15:26:00,0.00100000826681425,99.9999889808757,1.19999924683223,70.777945887266
2022-04-22 15:25:37,0.001,99.9999882708769,1.1999992700074,70.77794584048
2022-04-22 15:25:13,0.001,100,1.19999929346955,70.7779458402624
2022-04-22 15:24:50,0.001,99.9999694586208,1.19999924536604,70.777945840914
2022-04-22 15:24:27,0.00100002623823616,99.9999917097254,1.19999927057206,70.7779459925376
2022-04-22 15:24:03,0.00100002053291415,99.9998704586923,1.19999923910712,70.7779459659047
2022-04-22 15:23:40,0.00100003001930973,99.9999912441122,1.19999927601154,70.7779460159319
2022-04-22 15:23:17,0.001,99.9998576677305,1.19999925447317,70.7779458433061
2022-04-22 15:22:54,0.001,100,1.19999923649433,70.7779458402624
2022-04-22 15:22:31,0.001,100,1.19999929042137,70.7779458402624
2022-04-22 15:22:09,0.001,100,1.1999992423966,70.7779458402624
2022-04-22 15:21:46,0.001,100,1.19999923009512,70.7779458402624
2022-04-22 15:21:23,0.00100006111905385,99.9998771277892,1.19999920198548,70.7779461996218
2022-04-22 15:21:00,0.001,100,1.19999927988371,70.7779458402624
2022-04-22 15:20:37,0.001,99.9998003915614,1.19999924647021,70.7779458446102
2022-04-22 15:20:13,0.00100000749788733,99.9998496127889,1.19999925827175,70.777945884461
2022-04-22 15:19:51,0.00100000402485082,100,1.19999924370787,70.7779458636577
2022-04-22 15:19:28,0.00100004725654405,99.9999827725548,1.19999918876101,70.7779461155714
2022-04-22 15:19:05,0.001,99.9998439885125,1.19999924241593,70.7779458437412
2022-04-22 15:18:42,0.001,100,1.19999920907021,70.7779458402624
2022-04-22 15:18:20,0.00100005395369022,100,1.19999921489568,70.7779461560747
2022-04-22 15:17:57,0.001,99.9998388535763,1.19999920800968,70.7779458437412
2022-04-22 15:17:34,0.001,99.9998571239468,1.199999237626,70.7779458433061
2022-04-22 15:17:11,0.001,100,1.19999926026373,70.7779458402624
2022-04-22 15:16:49,0.001,100,1.19999924237048,70.7779458402624
2022-04-22 15:16:26,0.00100000788672607,100,1.19999918611454,70.7779458870491
2022-04-22 15:16:03,0.0010000526436971,99.9998545013498,1.19999929681666,70.7779461534876
2022-04-22 15:15:40,0.001,99.9998899636628,1.19999921405646,70.7779458426536
2022-04-22 15:15:17,0.00100009484383807,100,1.19999924285031,70.7779463958588
2022-04-22 15:14:54,0.001,99.9998173893368,1.19999920808303,70.7779458441758
2022-04-22 15:14:31,0.001,99.9999695881308,1.19999926857888,70.777945840914
2022-04-22 15:14:08,0.001,100,1.19999921246056,70.7779458402624
2022-04-22 15:13:45,0.001,99.9999516049408,1.19999923841368,70.7779458413492
2022-04-22 15:13:22,0.001,100,1.19999927581412,70.7779458402624
2022-04-22 15:13:00,0.001,99.9998220278897,1.19999918848041,70.7779458441758
2022-04-22 15:12:37,0.00100006981555324,100,1.19999924699086,70.7779462496492
2022-04-22 15:12:14,0.001,100,1.19999919838948,70.7779458402624
2022-04-22 15:11:51,0.0010000784721709,99.9999123423464,1.19999921369406,70.7779462983931
2022-04-22 15:11:28,0.00100002537978319,99.9999458312584,1.19999914839546,70.7779459875596
2022-04-22 15:11:05,0.001,99.9998960479293,1.19999916297738,70.7779458424367
2022-04-22 15:10:41,0.001,100,1.19999918483814,70.7779458402624
2022-04-22 15:10:18,0.001000079225153,99.9997928835902,1.19999918016131,70.777946306851
2022-04-22 15:09:54,0.001,99.9997141757428,1.19999915802019,70.7779458465661
2022-04-22 15:09:31,0.001,100,1.19999922001478,70.7779458402624
2022-04-22 15:09:09,0.001,99.9998685034943,1.19999917578149,70.777945843089
2022-04-22 15:08:46,0.001,99.999804576813,1.19999913773591,70.7779458446102
2022-04-22 15:08:23,0.001,100,1.19999919900343,70.7779458402624
2022-04-22 15:08:00,0.00100002158882529,99.9998906192053,1.19999919718637,70.7779459713184
2022-04-22 15:07:37,0.00100001719977854,100,1.19999924334975,70.7779459396848
2022-04-22 15:07:14,0.00100003931501131,100,1.19999924308913,70.7779460683495
2022-04-22 15:06:51,0.001,100,1.1999992191206,70.7779458402624
2022-04-22 15:06:28,0.001,99.9997766375383,1.1999992217273,70.7779458450447
2022-04-22 15:06:05,0.00100005338609799,100,1.19999917123661,70.7779461502268
2022-04-22 15:05:42,0.001,100,1.19999920271619,70.7779458402624
2022-04-22 15:05:19,0.001,100,1.19999920294578,70.7779458402624
2022-04-22 15:04:56,0.00100007681044037,99.9999329296951,1.19999914331426,70.7779462921109
2022-04-22 15:04:33,0.001,99.9999431853929,1.19999918973254,70.7779458415675
2022-04-22 15:04:11,0.00100003203651367,99.9998183952846,1.19999912108377,70.7779460313236
2022-04-22 15:03:48,0.001,99.9999796152335,1.19999916542968,70.7779458406984
2022-04-22 15:03:25,0.001,99.9997246677613,1.19999913916114,70.77794584635
2022-04-22 15:03:02,0.001,99.9999207841992,1.19999915157318,70.7779458420013
2022-04-22 15:02:39,0.0010000303403393,99.9999250675095,1.19999913095069,70.777946017236
2022-04-22 15:02:15,0.00100014850058476,100,1.19999914582898,70.7779467116724
2022-04-22 15:01:52,0.001,99.999888683415,1.1999991615022,70.7779458426536
2022-04-22 15:01:29,0.001,100,1.19999916408732,70.7779458402624
2022-04-22 15:01:06,0.001,100,1.19999917584914,70.7779458402624
2022-04-22 15:00:42,0.001,100,1.19999916467369,70.7779458402624
2022-04-22 15:00:19,0.001,99.9998458861624,1.19999914340559,70.7779458435231
2022-04-22 14:59:55,0.00100006494155207,99.9998059449226,1.1999991438897,70.7779462245377
2022-04-22 14:59:32,0.00100002836075199,99.9997352015519,1.19999910170653,70.7779460096695
2022-04-22 14:59:09,0.00100002229871488,100,1.19999911452581,70.7779459689257
2022-04-22 14:58:46,0.001,99.9997997177485,1.19999910748024,70.7779458446102
2022-04-22 14:58:22,0.001,100,1.19999917102923,70.7779458402624
2022-04-22 14:57:59,0.00100014806400003,100,1.19999922741878,70.7779467058227
2022-04-22 14:57:36,0.001,99.9997770590728,1.19999906256631,70.7779458450447
2022-04-22 14:57:13,0.001,99.9997587972509,1.19999917482911,70.77794584548
2022-04-22 14:56:50,0.0010000076226395,100,1.19999916458988,70.7779458870491
2022-04-22 14:56:26,0.00100017341152152,99.999820468113,1.19999915666699,70.7779468559468
2022-04-22 14:56:03,0.0010001313279868,99.999881116915,1.19999906025017,70.7779466090098
2022-04-22 14:55:40,0.001,100,1.19999913929636,70.7779458402624
2022-04-22 14:55:17,0.001,100,1.19999911089893,70.7779458402624
2022-04-22 14:54:54,0.001,100,1.19999908440623,70.7779458402624
2022-04-22 14:54:31,0.001,99.9998832727697,1.19999917321623,70.7779458428707
2022-04-22 14:54:08,0.001,99.9999996815137,1.19999908249523,70.7779458402624
2022-04-22 14:53:45,0.001,100,1.19999916264599,70.7779458402624
2022-04-22 14:53:22,0.00100010303596926,99.9999437452316,1.19999916299981,70.7779464439507
2022-04-22 14:53:00,0.001,99.9996717187463,1.19999905767526,70.7779458474359
2022-04-22 14:52:37,0.001,100,1.19999914616147,70.7779458402624
2022-04-22 14:52:14,0.00100003479303859,100,1.19999911670927,70.7779460449566
2022-04-22 14:51:51,0.00100021046964536,100,1.19999908479139,70.7779470684236
2022-04-22 14:51:28,0.00100025294311196,100,1.19999920385886,70.7779473199033
2022-04-22 14:51:05,0.00100032549074903,100,1.19999909334933,70.7779477409869
2022-04-22 14:50:42,0.001,99.9999657839251,1.19999907938535,70.777945840914
2022-04-22 14:50:19,0.00100011640330266,99.9996880645772,1.19999913497772,70.777946525415
2022-04-22 14:49:56,0.00100016075101266,99.9992533813349,1.19999908487632,70.777946798159
2022-04-22 14:49:33,0.001,99.9999534075358,1.19999910891603,70.7779458413492
2022-04-22 14:49:10,0.001,100,1.19999914715546,70.7779458402624
2022-04-22 14:48:48,0.001,100,1.19999909293848,70.7779458402624
2022-04-22 14:48:25,0.001,99.9998602825996,1.1999990421243,70.7779458433061
2022-04-22 14:48:02,0.001,99.9998881617591,1.1999990419359,70.7779458426536
2022-04-22 14:47:39,0.00100036008839212,99.9998523235098,1.19999904448959,70.7779479489418
2022-04-22 14:47:16,0.00100030405455697,100,1.1999990755202,70.7779476181707
2022-04-22 14:46:53,0.001,99.9995786431514,1.19999908539738,70.7779458493923
2022-04-22 14:46:30,0.001,99.999943443805,1.19999904668523,70.7779458415675
2022-04-22 14:46:07,0.001,100,1.19999907197823,70.7779458402624
2022-04-22 14:45:43,0.001,99.9993678159209,1.19999901333186,70.777945853957
2022-04-22 14:45:19,0.00100036388388807,100,1.19999907764447,70.7779479690736
2022-04-22 14:44:56,0.0010001180864618,99.9996794473465,1.19999903491889,70.7779465373296
2022-04-22 14:44:32,0.001,99.9997568518299,1.19999910478099,70.77794584548
2022-04-22 14:44:09,0.00100006544980522,99.99967352297,1.19999896060929,70.7779462275811
2022-04-22 14:43:45,0.00100019158032033,100,1.19999906203373,70.7779469631518
2022-04-22 14:43:22,0.00100059237565873,100,1.19999913205571,70.7779493025054
2022-04-22 14:42:59,0.00100057819823141,99.9992123323295,1.19999914861043,70.7779492378125
2022-04-22 14:42:35,0.001,99.9999959427799,1.19999908125882,70.7779458402624
2022-04-22 14:42:12,0.00100029770842342,99.9995142636048,1.19999900501067,70.7779475937357
2022-04-22 14:41:49,0.00100011297100429,99.9998721599979,1.199999085243,70.7779465039564
2022-04-22 14:41:26,0.001,99.9995089527259,1.19999907727471,70.7779458509152
2022-04-22 14:41:03,0.001,99.9995553193357,1.19999905740861,70.7779458498274
2022-04-22 14:40:40,0.001,99.9998420979408,1.19999909966645,70.7779458437412
2022-04-22 14:40:17,0.001,99.9994079712383,1.19999896786612,70.7779458530902
2022-04-22 14:39:53,0.00100011211422402,99.9993916287302,1.19999900452256,70.7779465085444
2022-04-22 14:39:30,0.001,99.999464616365,1.19999904327869,70.7779458520015
2022-04-22 14:39:07,0.001,99.999338556257,1.19999904436856,70.7779458546106
2022-04-22 14:38:43,0.00100070808578105,99.9989784759769,1.19999893875658,70.7779500031065
2022-04-22 14:38:20,0.0010002462782479,99.9996840639169,1.19999899963435,70.7779472859238
2022-04-22 14:37:57,0.00100003243263046,99.999009755127,1.19999908792647,70.7779460489332
2022-04-22 14:37:34,0.00100030965290326,99.9991625365046,1.19999898642336,70.777947671527
2022-04-22 14:37:10,0.001,99.9992604276356,1.19999895696983,70.777945856349
2022-04-22 14:36:47,0.001,99.9997326778371,1.19999905510126,70.7779458461316
2022-04-22 14:36:24,0.00100010651644213,99.9991842049293,1.19999893252156,70.7779464838667
2022-04-22 14:36:01,0.00100062009386729,99.9994996755258,1.19999896731206,70.7779494771366
2022-04-22 14:35:38,0.00100041614135105,99.9989510936124,1.19999896981118,70.7779482960249
2022-04-22 14:35:15,0.001,99.9994427890753,1.19999903291956,70.7779458524364
2022-04-22 14:34:52,0.00100055152928762,99.9990531967214,1.19999897686853,70.7779490892322
2022-04-22 14:34:29,0.00100020668244143,99.9994141269332,1.19999885962807,70.7779470637067
2022-04-22 14:34:06,0.001,99.9990194292008,1.19999893724065,70.7779458615665
2022-04-22 14:33:43,0.00100033143673406,99.9988955156751,1.19999896756605,70.7779477999971
2022-04-22 14:33:19,0.00100030285253812,99.9997712183531,1.19999894270692,70.7779476173247
2022-04-22 14:32:56,0.001,99.9994898718504,1.19999898855891,70.7779458513496
2022-04-22 14:32:33,0.00100095288990696,99.9992446785789,1.1999989301719,70.7779514303084
2022-04-22 14:32:10,0.0010003548508271,99.9994112792471,1.19999896486535,70.777947929269
2022-04-22 14:31:47,0.0010004266512646,100,1.19999900857188,70.7779483375224
2022-04-22 14:31:24,0.00100116759157495,99.9990435076497,1.19999885659292,70.777952692067
2022-04-22 14:31:01,0.001,99.9992576524463,1.19999889006998,70.777945856349
2022-04-22 14:30:38,0.00100027136163685,100,1.19999891628125,70.7779474251745
2022-04-22 14:30:15,0.0010009284658639,99.9989127085742,1.19999905826511,70.7779512912795
2022-04-22 14:29:52,0.001,99.9992029446974,1.19999902442889,70.7779458576534
2022-04-22 14:29:29,0.00100014114220644,99.9999204726827,1.1999989237701,70.777946666624
2022-04-22 14:29:06,0.00100033026546079,99.9991341933509,1.19999892533203,70.7779477891487
2022-04-22 14:28:44,0.001,99.999299206294,1.19999894951028,70.7779458554799
2022-04-22 14:28:21,0.00100067042719536,99.9998120915463,1.19999896072998,70.7779497628116
2022-04-22 14:27:58,0.00100073382818925,99.9992039816386,1.19999895192258,70.7779501503788
2022-04-22 14:27:34,0.0010006747275862,99.9996213150675,1.19999890346649,70.7779497961866
2022-04-22 14:27:11,0.001,99.9988735559504,1.19999895873266,70.7779458648273
2022-04-22 14:26:49,0.001,99.9990906666695,1.19999899819864,70.7779458600454
2022-04-22 14:26:26,0.001,99.9998657928799,1.19999886253251,70.777945843089
2022-04-22 14:26:03,0.00100098844427345,99.9989971187048,1.19999891055802,70.7779516402252
2022-04-22 14:25:40,0.00100072421534616,100,1.19999890114556,70.7779500744922
2022-04-22 14:25:17,0.00100028009865774,99.9980240671869,1.19999893752867,70.7779475208647
2022-04-22 14:24:53,0.001,100,1.19999901198899,70.7779458402624
2022-04-22 14:24:30,0.00100105234678111,99.9994571409789,1.19999894022775,70.7779520045126
2022-04-22 14:24:06,0.001,99.9987728563308,1.19999892105889,70.7779458670009
2022-04-22 14:23:43,0.001,100,1.19999897319905,70.7779458402624
2022-04-22 14:23:20,0.00100024652282816,100,1.19999897425004,70.7779472848133
2022-04-22 14:22:56,0.001,99.9997446467297,1.19999899825643,70.7779458459148
2022-04-22 14:22:32,0.001,100,1.19999882094781,70.7779458402624
2022-04-22 14:22:09,0.00100169774901179,99.9990137153159,1.19999904315348,70.7779557923753
2022-04-22 14:21:45,0.001,99.9988281906823,1.19999905282799,70.7779458656967
2022-04-22 14:21:22,0.00100055884643583,99.9993128455629,1.1999990351013,70.7779491245171
2022-04-22 14:20:59,0.00100120342614424,99.9999295250418,1.1999989130868,70.777952877391
2022-04-22 14:20:36,0.001,99.9995855216889,1.19999893392394,70.777945849175
2022-04-22 14:20:14,0.001,99.9999894404778,1.19999896175566,70.77794584048
2022-04-22 14:19:51,0.001,99.997747774504,1.19999899274723,70.7779458891749
2022-04-22 14:19:28,0.001,99.999238916391,1.19999901309715,70.777945856784
2022-04-22 14:19:05,0.001,99.9988771180557,1.19999906997534,70.7779458646106
2022-04-22 14:18:43,0.001,99.9997492209495,1.19999911579137,70.7779458456973
2022-04-22 14:18:20,0.001,99.9998845374648,1.19999893882127,70.7779458428707
2022-04-22 14:17:58,0.001,99.9979545437886,1.19999913942517,70.777945884827
2022-04-22 14:17:35,0.00100028302436528,99.9971843205087,1.19999900629278,70.7779475566762
2022-04-22 14:17:12,0.001,100,1.19999899096142,70.7779458402624
2022-04-22 14:16:50,0.001,99.9999045926202,1.19999907547123,70.7779458424367
2022-04-22 14:16:27,0.001,99.9990937448857,1.19999887289728,70.7779458600454
2022-04-22 14:16:04,0.00100082404667511,100,1.19999870300379,70.7779506593299
2022-04-22 14:15:41,0.00100036456550441,99.9966161755292,1.19999886335356,70.7779480484264
2022-04-22 14:15:19,0.00100050330220934,99.9992163429059,1.19999895531888,70.7779487989635
2022-04-22 14:14:56,0.00100075100271443,99.997416051402,1.1999988088208,70.7779502885268
2022-04-22 14:14:34,0.00100003138022138,99.9993264819842,1.19999879469967,70.7779460361278
2022-04-22 14:14:11,0.001,99.9995859412111,1.19999892808887,70.777945849175
2022-04-22 14:13:48,0.00100014300870349,100,1.19999918492414,70.7779466765803
2022-04-22 14:13:25,0.00100019726340244,99.9983169963792,1.19999890602339,70.7779470289219
2022-04-22 14:13:02,0.00100053943051508,100,1.19999887841696,70.7779489925409
2022-04-22 14:12:39,0.001,99.9988489458575,1.19999898425604,70.7779458652621
2022-04-22 14:12:16,0.00100248623799925,99.996897383781,1.19999866434044,70.7779604469023
2022-04-22 14:11:52,0.0010012067809097,99.9980129030517,1.19999879226805,70.7779529425723
2022-04-22 14:11:29,0.001,100,1.19999916950868,70.7779458402624
2022-04-22 14:11:06,0.001,99.9935692325792,1.19999862549044,70.7779459800465
2022-04-22 14:10:43,0.00100314589940424,100,1.19999888864728,70.7779642392785
2022-04-22 14:10:20,0.001,99.9964030544523,1.19999868343213,70.7779459185238
2022-04-22 14:09:57,0.001,99.9993544972627,1.19999863192489,70.7779458543931
2022-04-22 14:09:34,0.001,99.9997432258912,1.19999887259475,70.7779458459148
2022-04-22 14:09:12,0.0010017562368984,99.9971201505743,1.19999902933375,70.7779561727408
2022-04-22 14:08:49,0.001,99.9949734124036,1.1999987648355,70.7779459496102
2022-04-22 14:08:26,0.00100439693196786,99.9966661861633,1.19999938338737,70.777971628318
2022-04-22 14:08:04,0.001,99.9977377778303,1.19999905679536,70.7779458893923
2022-04-22 14:07:41,0.00100229120175657,99.9934185189904,1.1999991619545,70.7779593822809
2022-04-22 14:07:18,0.00100128243422214,100,1.1999987777428,70.7779533378901
2022-04-22 14:06:56,0.001,99.9987573878505,1.19999924970466,70.7779458672186
2022-04-22 14:06:33,0.00100101358944621,100,1.1999993195395,70.7779517705222
2022-04-22 14:06:10,0.001,100,1.19999868904388,70.7779458402624
2022-04-22 14:05:48,0.001,99.9939409949937,1.19999914729185,70.777945972002
2022-04-22 14:05:25,0.001,99.9957792988325,1.19999886280342,70.7779459320015
2022-04-22 14:05:02,0.001,100,1.19999873846527,70.7779458402624
2022-04-22 14:04:40,0.001,100,1.19999917468083,70.7779458402624
2022-04-22 14:04:17,0.001,99.9890239671896,1.19999904965579,70.7779460789648
2022-04-22 14:03:54,0.001,99.9969970772242,1.19999919419105,70.7779459054802
2022-04-22 14:03:32,0.001,99.9927716149108,1.19999930492683,70.7779459974381
2022-04-22 14:03:08,0.001,99.9987723345464,1.19999879276833,70.7779458670009
2022-04-22 14:02:45,0.00100080140405823,99.9918225228856,1.19999949244906,70.7779507027882
2022-04-22 14:02:22,0.001,99.9920736178056,1.19999936836769,70.7779460126559
2022-04-22 14:01:59,0.00100348040114524,99.9925684037442,1.19999896551258,70.7779663547245
2022-04-22 14:01:36,0.00100051192575917,99.9911540890648,1.19999892514636,70.777949027127
2022-04-22 14:01:13,0.00100070682618848,99.9936710091723,1.19999838701026,70.7779501423633
2022-04-22 14:00:50,0.00100292419483651,99.99808694,1.19999864476955,70.7779629825788
2022-04-22 14:00:27,0.001,99.9934040155836,1.19999847922544,70.7779460133084
2022-04-22 14:00:05,0.001,99.9941462538755,1.19999889527184,70.7779459674378
2022-04-22 13:59:42,0.001,99.9949351346602,1.19999901924019,70.7779459502624
2022-04-22 13:59:19,0.001,99.9934235160156,1.19999887046492,70.7779459833066
2022-04-22 13:58:57,0.001,99.9971256707917,1.19999861062395,70.7779459026539
2022-04-22 13:58:34,0.00100887072172803,99.9999783713642,1.19999878252635,70.7779977217375
2022-04-22 13:58:11,0.00100066530453179,100,1.19999848384576,70.7779497590227
2022-04-22 13:57:48,0.0010004871869497,99.9958128567651,1.19999864260633,70.7779487795556
2022-04-22 13:57:24,0.00100460578298873,99.9994137948217,1.19999830104626,70.7779728205072
2022-04-22 13:57:02,0.001,99.9953784997283,1.19999881140478,70.7779459406973
2022-04-22 13:56:39,0.001,99.9932567546252,1.19999850335789,70.7779459867851
2022-04-22 13:56:17,0.00100335243460683,99.9950095659834,1.1999988968434,70.7779655528866
2022-04-22 13:55:54,0.001,99.9993754536404,1.19999846449711,70.7779458833069
2022-04-22 13:55:31,0.00100450425767516,100,1.19999854868719,70.7779721813868
2022-04-22 13:55:08,0.00100445785163239,99.9962650478858,1.19999971796474,70.7779719641105
2022-04-22 13:54:45,0.001,99.9980218743155,1.19999854523373,70.7779458833054
2022-04-22 13:54:23,0.001,99.9944415537751,1.19999866780427,70.7779459611331
2022-04-22 13:54:00,0.001,99.9978333170344,1.1999989635192,70.7779458874355
2022-04-22 13:53:37,0.00100101334108818,100,1.19999892685051,70.7779517646745
2022-04-22 13:53:15,0.001,99.9984089331781,1.1999985873323,70.7779458748276
2022-04-22 13:52:52,0.00100907641542161,99.99354728161,1.19999914036487,70.7779990617097
2022-04-22 13:52:29,0.00100332050873991,100,1.19999902206072,70.7779652627458
2022-04-22 13:52:07,0.001,99.9952577009673,1.19999785814334,70.7779459728725
2022-04-22 13:51:44,0.001,99.9920542350637,1.19999852156392,70.7779460130903
2022-04-22 13:51:21,0.001,100,1.19999894633828,70.7779458402624
2022-04-22 13:50:59,0.0010061465514772,100,1.19999785078492,70.777981820034
2022-04-22 13:50:36,0.001,100,1.19999846755877,70.7779458698286
2022-04-22 13:50:13,0.00100391929185363,100,1.19999801919504,70.7779687897618
2022-04-22 13:49:50,0.001,99.9921767172426,1.19999837757611,70.7779460398313
2022-04-22 13:49:27,0.00100327444640726,100,1.19999849633831,70.7779650175343
2022-04-22 13:49:05,0.001,100,1.19999870914797,70.7779458402624
2022-04-22 13:48:42,0.00101462845656039,99.9893680739932,1.19999826862035,70.7780316549728
2022-04-22 13:48:19,0.00101893653863709,100,1.19999915556473,70.7780565912446
2022-04-22 13:47:57,0.001,99.982188634863,1.19999906196738,70.7779462274589
2022-04-22 13:47:34,0.00100496855738122,99.9846173350827,1.19999875581191,70.7779752369114
2022-04-22 13:47:11,0.001,100,1.19999782589212,70.7779458698286
2022-04-22 13:46:49,0.001,100,1.19999834884615,70.7779458698286
2022-04-22 13:46:26,0.00100063724524044,100,1.19999899808555,70.7779495656821
2022-04-22 13:46:04,0.001,99.9985714936053,1.19999922804161,70.7779458713487
2022-04-22 13:45:41,0.00102218309096077,100,1.19999853981827,70.7780755751569
2022-04-22 13:45:18,0.00102600257109551,99.9953968826163,1.19999664753106,70.7780980793338
2022-04-22 13:44:56,0.00100440798752108,99.9931166304714,1.19999790817801,70.7779717998641
2022-04-22 13:44:33,0.0010007648274909,99.9907351063847,1.19999919803219,70.7779505157372
2022-04-22 13:44:10,0.001,100,1.19999698428478,70.7779458993953
2022-04-22 13:43:48,0.00100289995146246,100,1.19999869983122,70.7779628005756
2022-04-22 13:43:25,0.001,100,1.1999993801099,70.7779458402624
2022-04-22 13:43:02,0.001,100,1.19999734862941,70.7779458993953
2022-04-22 13:42:39,0.001,99.9950390626084,1.19999849168173,70.7779459776557
2022-04-22 13:42:16,0.0010073579765059,100,1.19999756798318,70.777988902469
2022-04-22 13:41:53,0.001,100,1.19999836970674,70.7779458698286
2022-04-22 13:41:30,0.001,99.9911079972422,1.2,70.7779460039601
2022-04-22 13:41:06,0.001,100,1.19999832222576,70.7779458698286
2022-04-22 13:40:44,0.001,100,1.19999723917054,70.7779458993953
2022-04-22 13:40:21,0.00102503437904057,99.9930103998688,1.1999978839104,70.7780924350262
2022-04-22 13:39:58,0.001,100,1.19999791477146,70.7779458698286
2022-04-22 13:39:36,0.00100013258156833,100,1.19999812983462,70.7779466476666
2022-04-22 13:39:13,0.001,99.9858671073085,1.19999702689805,70.7779462065842
2022-04-22 13:38:51,0.00100458823821525,99.9876570090426,1.19999962126023,70.7779729124475
2022-04-22 13:38:28,0.001,99.9736405773689,1.19999908896951,70.7779464133597
2022-04-22 13:38:05,0.001,100,1.2,70.7779458106964
2022-04-22 13:37:43,0.00100101043504684,99.9655353886412,1.19999758503919,70.7779525267136
2022-04-22 13:37:20,0.00102026798061005,99.9572885086893,1.19999771310715,70.7780653530927
2022-04-22 13:36:57,0.00101462829967285,100,1.19999833969936,70.7780314204967
2022-04-22 13:36:34,0.001,100,1.1999967185798,70.7779458993953
2022-04-22 13:36:12,0.00100709908572275,100,1.199998063655,70.7779873877275
2022-04-22 13:35:49,0.001,100,1.19999785358665,70.7779458698286
2022-04-22 13:35:26,0.001,99.9993841931025,1.19999857268302,70.7779458537402
2022-04-22 13:35:04,0.001,99.9820003789427,1.2,70.7779462020225
2022-04-22 13:34:41,0.00102284879674884,99.9889947721836,1.19999963054862,70.7780796847733
2022-04-22 13:34:18,0.00103002520150251,99.9989057571465,1.19999853269321,70.778121462768
2022-04-22 13:33:56,0.00100553005068517,99.9969930423044,1.19999864738615,70.7779782476269
2022-04-22 13:33:33,0.001,99.9866023568566,1.19999998194013,70.7779461020103
2022-04-22 13:33:10,0.001,99.9762876968157,1.19999877174253,70.7779463557393
2022-04-22 13:32:48,0.001,100,1.19999764264777,70.7779458698286
2022-04-22 13:32:25,0.00102646299886745,99.9790813480571,1.2,70.7781010428307
2022-04-22 13:32:02,0.001,100,1.2,70.7779458106964
2022-04-22 13:31:40,0.001,99.9593852605221,1.19999919605326,70.7779467232266
2022-04-22 13:31:17,0.001,99.9881779483951,1.2,70.77794606766
2022-04-22 13:30:54,0.00101087992305121,100,1.19999808174073,70.7780095006044
2022-04-22 13:30:30,0.00104007144048211,99.9785853342558,1.19999928743469,70.7781806756618
2022-04-22 13:30:07,0.001,99.974786459134,1.1999967376683,70.7779464474922
2022-04-22 13:29:45,0.001,99.9458196461295,1.19999799579518,70.7779470479151
2022-04-22 13:29:22,0.001,99.9677655624789,1.19999993067309,70.7779465114286
2022-04-22 13:28:59,0.001,99.9967900241233,1.2,70.7779458804791
2022-04-22 13:28:37,0.00100777341069078,99.951945469542,1.19999930903772,70.777992352651
2022-04-22 13:28:14,0.00101312458195055,99.9745009303918,1.19999878810178,70.7780231620351
2022-04-22 13:27:51,0.00100283242259525,99.9580570688228,1.2,70.7779632877003
2022-04-22 13:27:28,0.001,99.9592160264487,1.19999943589437,70.7779467269229
2022-04-22 13:27:05,0.001,99.9244055082004,1.19999971592148,70.7779474544591
2022-04-22 13:26:42,0.001,99.92078789945,1.19999908862578,70.77794756278
2022-04-22 13:26:19,0.001,99.9406808200063,1.2,70.7779471005626
2022-04-22 13:25:56,0.001,99.967656352443,1.19999914913528,70.7779465433895
2022-04-22 13:25:34,0.001,99.9650092894264,1.2,70.7779465714455
2022-04-22 13:25:11,0.001,99.9413266431627,1.19999989878183,70.7779470864257
2022-04-22 13:24:48,0.00103654963288324,99.9340654632375,1.19999974672788,70.7781610546563
2022-04-22 13:24:25,0.001,99.9383939969237,1.2,70.7779471503712
2022-04-22 13:24:03,0.00102254770161222,99.9462411773388,1.2,70.7780788748919
2022-04-22 13:23:40,0.00102248641091285,99.9279432470655,1.2,70.7780789192085
2022-04-22 13:23:17,0.001,99.9467998147256,1.199999666713,70.7779469674577
2022-04-22 13:22:55,0.001,99.9572150753118,1.2,70.7779467408461
2022-04-22 13:22:32,0.00103175381325644,99.9330792416538,1.2,70.7781330211459
2022-04-22 13:22:09,0.001,99.9415547659161,1.19999998778059,70.7779470816419
2022-04-22 13:21:47,0.00101121724817732,99.9444213828597,1.2,70.7780126338101
2022-04-22 13:21:24,0.00100961571314585,99.9352333353309,1.2,70.7780034704519
2022-04-22 13:21:01,0.001,99.9452474884604,1.19999975333044,70.7779470011689
2022-04-22 13:20:36,0.00102268749916991,99.9510568208781,1.19999941660838,70.7780796110159
2022-04-22 13:20:14,0.00101913690039349,99.9470944937231,1.2,70.7780589032663
2022-04-22 13:19:51,0.001,99.9398964297238,1.2,70.7779471175283
2022-04-22 13:19:28,0.00101344231757416,99.9372712742589,1.19999995746566,70.7780258067099
2022-04-22 13:19:05,0.001,99.9360677092626,1.2,70.7779472008327
2022-04-22 13:18:43,0.00100192321312305,99.934514330876,1.19999930449787,70.7779585135162
2022-04-22 13:18:20,0.00100930192256322,99.94359322189,1.19999950615194,70.7780014501008
2022-04-22 13:17:57,0.00100520808416725,99.945714062718,1.2,70.7779774555462
2022-04-22 13:17:35,0.001,99.9434843675078,1.2,70.7779470396646
2022-04-22 13:17:12,0.00103045289454147,99.9368919370079,1.19999982239306,70.7781253251118
2022-04-22 13:16:49,0.00103857875826561,99.9253143901598,1.19999944823616,70.7781731525602
2022-04-22 13:16:27,0.00100601507626646,99.9286976282616,1.2,70.7779825483267
2022-04-22 13:16:04,0.00101232389065037,99.930723790416,1.2,70.7780194109412
2022-04-22 13:15:41,0.00102283904375825,99.9206567281362,1.19999965077997,70.7780811462166
2022-04-22 13:15:19,0.001,99.9288896726035,1.19999985076855,70.777947357008
2022-04-22 13:14:55,0.001,99.9426945576138,1.2,70.777947056846
2022-04-22 13:14:33,0.00101798071677362,99.9347089484914,1.19999887588871,70.778052445431
2022-04-22 13:14:10,0.00100614535580561,99.9266227251868,1.2,70.7779833543375
2022-04-22 13:13:48,0.001,99.9326262074885,1.2,70.7779472756561
2022-04-22 13:13:25,0.001,99.9308773744605,1.19999959526918,70.7779473137211
2022-04-22 13:13:02,0.0010120050938746,99.9334276459591,1.19999979900496,70.778017485177
2022-04-22 13:12:39,0.00100501021806019,99.9345002102874,1.2,70.7779765423779
2022-04-22 13:12:16,0.00103291448824808,99.9326266596473,1.19999950595257,70.7781398170683
2022-04-22 13:11:53,0.001,99.9324077071573,1.2,70.7779472804417
2022-04-22 13:11:30,0.001,99.9326882188728,1.1999992898252,70.7779473039241
2022-04-22 13:11:07,0.00102192561570388,99.9222693163011,1.19999966176592,70.7780757692837
2022-04-22 13:10:44,0.001,99.9301400822696,1.19999906145126,70.7779473593898
2022-04-22 13:10:21,0.001,99.9302420387524,1.2,70.7779473276423
2022-04-22 13:09:59,0.001,99.9251426356637,1.19999933261595,70.777947468154
2022-04-22 13:09:36,0.00100739862512525,99.9269207467418,1.19999910391092,70.7779907133988
2022-04-22 13:09:13,0.001,99.9260830372022,1.1999997172937,70.7779474181324
2022-04-22 13:08:51,0.00100179000471215,99.9278566438913,1.2,70.7779578507744
2022-04-22 13:08:28,0.00100221151377109,99.9264418334777,1.19999917304556,70.7779603800378
2022-04-22 13:08:05,0.001,99.9285981582687,1.19999951088806,70.7779473633168
2022-04-22 13:07:43,0.00101296886589292,99.9208992142014,1.19999899529346,70.7780234304479
2022-04-22 13:07:20,0.00100343728237704,99.9199456774281,1.19999995936275,70.7779676582575
2022-04-22 13:06:57,0.001,99.920302386852,1.2,70.7779475438661
2022-04-22 13:06:35,0.001,99.9245329026622,1.1999992574874,70.7779474814226
2022-04-22 13:06:12,0.001,99.9263070368899,1.2,70.7779474131295
2022-04-22 13:05:50,0.001,99.9270973271995,1.19999941171177,70.7779474255185
2022-04-22 13:05:27,0.00102595528394635,99.9210136769116,1.19999969520439,70.7780993673203
2022-04-22 13:05:04,0.0010106204409515,99.9191408576171,1.2,70.7780096973363
2022-04-22 13:04:41,0.00102153372643493,99.923105239068,1.199999877243,70.7780734573934
2022-04-22 13:04:19,0.00100712292497954,99.9190974851508,1.19999935466523,70.7779892701281
2022-04-22 13:03:56,0.00101786403617341,99.9229033491105,1.19999899065794,70.7780520224867
2022-04-22 13:03:33,0.00100257560261435,99.921132680946,1.2,70.7779625955881
2022-04-22 13:03:11,0.001,99.9216000087018,1.2,70.7779475155859
2022-04-22 13:02:48,0.00101886618278241,99.9189995148902,1.19999943339705,70.7780579707031
2022-04-22 13:02:25,0.00102835113136382,99.9216941469989,1.2,70.778113368939
2022-04-22 13:02:03,0.00103166657827399,99.9246383548071,1.19999976775398,70.7781327016119
2022-04-22 13:01:40,0.00100659077158831,99.9230133861803,1.19999988909734,70.7779860424635
2022-04-22 13:01:17,0.00101649614024202,99.9223603777872,1.2,70.7780440014619
2022-04-22 13:00:54,0.00102844918969418,99.9228083365962,1.2,70.7781139171896
2022-04-22 13:00:32,0.00101448731385214,99.9235011756417,1.2,70.7780322235412
2022-04-22 13:00:09,0.00100458397841196,99.9217451399516,1.1999997729444,70.777974328983
2022-04-22 12:59:46,0.001,99.9226565727215,1.2,70.7779474925278
2022-04-22 12:59:23,0.00100648728764118,99.918212003088,1.19999968815737,70.7779855391557
2022-04-22 12:59:01,0.00103451589426047,99.9180697435225,1.19999942761149,70.7781495467775
2022-04-22 12:58:38,0.00100290644410426,99.9270643379586,1.2,70.7779643967408
2022-04-22 12:58:15,0.001,99.9199910541136,1.2,70.7779475506102
2022-04-22 12:57:52,0.001,99.9208532565804,1.2,70.7779475319004
2022-04-22 12:57:29,0.001,99.9180408673142,1.199998963376,70.7779476226043
2022-04-22 12:57:06,0.001,99.9209514379036,1.2,70.7779475297258
2022-04-22 12:56:43,0.00100966855290286,99.9230936016938,1.19999975269971,70.7780040471123
2022-04-22 12:56:20,0.001,99.9202768530091,1.2,70.7779475443009
2022-04-22 12:55:57,0.001,99.919366957465,1.2,70.7779475640974
2022-04-22 12:55:35,0.001,99.9208492983539,1.2,70.7779475319004
2022-04-22 12:55:12,0.00101597289458792,99.9164944326995,1.19999922398298,70.7780411016666
2022-04-22 12:54:49,0.001,99.9180537366765,1.19999781745565,70.777947651962
2022-04-22 12:54:27,0.00102248714252072,99.9206734892808,1.19999966149541,70.7780790867584
2022-04-22 12:54:04,0.001,99.9191216575026,1.2,70.7779475695353
2022-04-22 12:53:41,0.001,99.9217900265125,1.2,70.7779475114529
2022-04-22 12:53:19,0.001,99.9154879540282,1.2,70.7779476485045
2022-04-22 12:52:56,0.0010067948662744,99.9155767309092,1.19999916684606,70.7779874283759
2022-04-22 12:52:33,0.0010121687671714,99.9259386199628,1.2,70.7780186094519
2022-04-22 12:52:10,0.001,99.9177327299241,1.19999972716824,70.7779475997743
2022-04-22 12:51:48,0.001,99.9175774687019,1.2,70.7779476030359
2022-04-22 12:51:25,0.00107323299861402,99.9186177059745,1.19999969592149,70.7783760049543
2022-04-22 12:51:03,0.00103861327710525,99.9264872275756,1.2,70.7781732940858
2022-04-22 12:50:40,0.00100573092674228,99.9240062045795,1.2,70.7779809895576
2022-04-22 12:50:17,0.00102150714337937,99.9150744173561,1.19999964824914,70.7780734781059
2022-04-22 12:49:54,0.00101434148562901,99.928182416403,1.19999955263285,70.7780312661745
2022-04-22 12:49:32,0.001,99.9085775737595,1.2,70.7779477988333
2022-04-22 12:49:09,0.001,99.9196293720361,1.2,70.7779475584413
2022-04-22 12:48:47,0.001,99.9166351334606,1.2,70.7779476234863
2022-04-22 12:48:24,0.001,99.9167945887718,1.19999976186743,70.7779476202231
2022-04-22 12:48:01,0.00103844184037995,99.9137163081099,1.19999901793378,70.7781726129272
2022-04-22 12:47:39,0.00104520058718176,99.9294019261147,1.2,70.7782117676639
2022-04-22 12:47:16,0.001,99.9136909595015,1.2,70.7779476876621
2022-04-22 12:46:53,0.001,99.9150601825134,1.2,70.7779476578589
2022-04-22 12:46:30,0.00101484501695186,99.9122245414303,1.19999964980226,70.7780345668835
2022-04-22 12:46:07,0.00100970952348405,99.91881723664,1.19999986665053,70.7780043807549
2022-04-22 12:45:45,0.001,99.922264335118,1.2,70.7779475012285
2022-04-22 12:45:22,0.00104484803030753,99.9138291184412,1.2,70.7782100565347
2022-04-22 12:44:59,0.00101292742608899,99.9120812854177,1.2,70.7780233491415
2022-04-22 12:44:36,0.0010064294848013,99.9074226743499,1.19999996228983,70.7779854360955
2022-04-22 12:44:14,0.001,99.9170177742695,1.2,70.7779476152194
2022-04-22 12:43:51,0.001,99.9134099856632,1.2,70.7779476937544
2022-04-22 12:43:28,0.001,99.9092527668779,1.2,70.7779477842569
2022-04-22 12:43:06,0.00100966858337205,99.9090835501979,1.19999939777501,70.7780043847039
2022-04-22 12:42:43,0.00100155658605756,99.9066074993482,1.19999925691734,70.777956980363
2022-04-22 12:42:20,0.001,99.9102699380895,1.19999869559671,70.7779477916408
2022-04-22 12:41:58,0.001,99.9081350316642,1.19999975745468,70.7779478084054
2022-04-22 12:41:35,0.001,99.9066248695622,1.19999967675593,70.7779478414753
2022-04-22 12:41:12,0.00100084038919261,99.9074935426403,1.2,70.7779527368547
2022-04-22 12:40:50,0.00100878351540293,99.9055481306679,1.1999998250911,70.7779992547663
2022-04-22 12:40:27,0.001,99.9112894498337,1.2,70.7779477398751
2022-04-22 12:40:04,0.001,99.9075481972543,1.19999987415555,70.7779478212423
2022-04-22 12:39:42,0.001,99.9096188462631,1.19999891633205,70.7779478057826
2022-04-22 12:39:19,0.001,99.9074106729452,1.19999869036221,70.7779478538632
2022-04-22 12:38:56,0.001,99.908802343755,1.19999934311127,70.7779478236225
2022-04-22 12:38:33,0.00100959197991504,99.9077037737528,1.19999911376488,70.7780039645367
2022-04-22 12:38:10,0.001,99.9066934340671,1.2,70.7779478399522
2022-04-22 12:37:47,0.00101123328930942,99.9069202486135,1.19999965521247,70.778013552295
2022-04-22 12:37:24,0.001,99.9064944359792,1.19999974609957,70.777947844303
2022-04-22 12:37:02,0.00101478087174367,99.9095977144178,1.19999970578906,70.7780342503086
2022-04-22 12:36:39,0.00100118395466789,99.9056414259688,1.19999999163518,70.7779547896761
2022-04-22 12:36:17,0.001,99.9078340466703,1.19999849510099,70.777947874302
2022-04-22 12:35:54,0.001,99.9081288404076,1.19999911263931,70.7779478381992
2022-04-22 12:35:31,0.00104188663321274,99.9071226220418,1.19999775501274,70.7781929476174
2022-04-22 12:35:09,0.001,99.9047591527734,1.2,70.7779478819424
2022-04-22 12:34:46,0.00104243094565119,99.9083200957714,1.19999883507301,70.7781960722271
2022-04-22 12:34:23,0.001,99.9056953005622,1.2,70.7779478614912
2022-04-22 12:34:01,0.001,99.9065575528039,1.2,70.7779478427799
2022-04-22 12:33:38,0.00105680950761601,99.9090789348401,1.2,70.7782801467266
2022-04-22 12:33:15,0.001,99.9041056678976,1.19999975954166,70.7779478960853
2022-04-22 12:32:53,0.00101435831994758,99.9096258786762,1.2,70.7780317749555
2022-04-22 12:32:30,0.001,99.9105132774515,1.19999920562269,70.7779477864201
2022-04-22 12:32:08,0.00101801335366248,99.906511057355,1.2,70.7780532270268
2022-04-22 12:31:45,0.001,99.9024700260459,1.19999949642063,70.7779479613428
2022-04-22 12:31:22,0.001,99.9049708010432,1.19999971643538,70.7779478773746
2022-04-22 12:31:00,0.00101439787714747,99.9098908611377,1.2,70.7780320032307
2022-04-22 12:30:37,0.00100190029558627,99.9044894111559,1.19999913889479,70.7779590332684
2022-04-22 12:30:14,0.001,99.9045767287097,1.2,70.7779478858591
2022-04-22 12:29:51,0.001,99.9082814451787,1.2,70.7779478053596
2022-04-22 12:29:29,0.001,99.9065541514296,1.19999762777252,70.7779479021504
2022-04-22 12:29:06,0.0010039951343609,99.9125739745199,1.2,70.7779710838024
2022-04-22 12:28:43,0.001,99.9022019761881,1.19999768152908,70.7779479967937
2022-04-22 12:28:21,0.001,99.9072834721032,1.19999802243645,70.7779478862672
2022-04-22 12:27:58,0.00102995649266501,99.9015078241142,1.2,70.7781232104999
2022-04-22 12:27:36,0.001,99.9072335609911,1.19999877135389,70.7779478577806
2022-04-22 12:27:13,0.00100193256354643,99.9031035727911,1.19999837638702,70.7779592862678
2022-04-22 12:26:50,0.00109366578184833,99.9012618728766,1.2,70.7784959551679
2022-04-22 12:26:28,0.001,99.9065454522698,1.2,70.7779478429984
2022-04-22 12:26:05,0.001,99.8992393038546,1.19999971466937,70.7779480020425
2022-04-22 12:25:42,0.00104633373440827,99.9083241386385,1.2,70.7782188754618
2022-04-22 12:25:20,0.00101726278780875,99.906263031179,1.2,70.7780488447572
2022-04-22 12:24:57,0.001,99.9047648089626,1.19999873601466,70.7779479115194
2022-04-22 12:24:34,0.001,99.9060581650032,1.2,70.7779478536592
2022-04-22 12:24:11,0.001,99.9027253152954,1.19999898570192,70.7779479556851
2022-04-22 12:23:49,0.001,99.9033334310472,1.2,70.7779479130552
2022-04-22 12:23:26,0.001,99.9024265565852,1.2,70.7779479326364
2022-04-22 12:23:03,0.001,99.9012080764624,1.2,70.7779479591804
2022-04-22 12:22:41,0.001,99.8980377397999,1.19999801848446,70.7779480873056
2022-04-22 12:22:18,0.00107269928982824,99.8944175109039,1.19999901383415,70.7783734774692
2022-04-22 12:21:55,0.001,99.9024083565741,1.19999974397047,70.7779479330723
2022-04-22 12:21:32,0.00102365894537824,99.8965304116604,1.19999773809266,70.7780865412479
2022-04-22 12:21:10,0.00108459642413152,99.905478357749,1.19999943285978,70.7784428228688
2022-04-22 12:20:47,0.001,99.892294475318,1.19999593648288,70.7779482715764
2022-04-22 12:20:23,0.00101791064915025,99.9018396056674,1.19999789729592,70.7780527939223
2022-04-22 12:20:00,0.001,99.9030644989705,1.2,70.7779479189295
2022-04-22 12:19:37,0.00105051233753515,99.9012597277131,1.19999734883346,70.7782435729751
2022-04-22 12:19:14,0.00100784712485512,99.8980531276523,1.19999974668031,70.7779939373886
2022-04-22 12:18:51,0.00117347169515984,99.9060094972704,1.1999934609586,70.778962991859
2022-04-22 12:18:28,0.001,99.9014249797224,1.19999708521269,70.7779480433408
2022-04-22 12:18:05,0.001,99.8961756746429,1.2,70.7779480686229
2022-04-22 12:17:42,0.00113229160501678,99.9071164533702,1.2,70.7787217963154
2022-04-22 12:17:19,0.001,99.8988047064147,1.19999758609292,70.7779480707701
2022-04-22 12:16:57,0.00122910750087593,99.9114036731772,1.19999908892824,70.7792881442853
2022-04-22 12:16:34,0.00107688138592652,99.9010680097074,1.19999975428727,70.7783977576317
2022-04-22 12:16:11,0.001,99.8977612604968,1.19999748090255,70.7779481229755
2022-04-22 12:15:49,0.001,99.9037489751365,1.19999580706152,70.7779480222228
2022-04-22 12:15:26,0.00111356428935771,99.9145826466558,1.19999985265062,70.7786120476465
2022-04-22 12:15:03,0.001,99.9101163002893,1.19999789222031,70.777947824481
2022-04-22 12:14:40,0.001,99.9033984439184,1.19999988714697,70.777947911533
2022-04-22 12:14:18,0.00114831749282137,99.9023420935096,1.1999971364414,70.7788157719609
2022-04-22 12:13:55,0.001,99.896189338601,1.19999815015145,70.7779481275589
2022-04-22 12:13:32,0.00115877057292272,99.9164949830798,1.2,70.7788764757262
2022-04-22 12:13:09,0.001,99.8951890326088,1.19999894201591,70.777948119741
2022-04-22 12:12:47,0.00106699749397254,99.8996795782464,1.2,70.7783399628484
2022-04-22 12:12:24,0.00100364955802581,99.8953956160714,1.19999752011345,70.777969499763
2022-04-22 12:12:01,0.001,99.9060514822059,1.19999982152936,70.7779478538772
2022-04-22 12:11:37,0.00119620659201841,99.9016054442249,1.19999775817328,70.779095946887
2022-04-22 12:11:14,0.00106862747135707,99.8978205128732,1.19999725603767,70.7783496373929
2022-04-22 12:10:51,0.001,99.9031950133249,1.19999641181052,70.7779480341889
2022-04-22 12:10:28,0.001,99.8991183617733,1.19999945125441,70.7779480342305
2022-04-22 12:10:05,0.001,99.8948308814244,1.19999886929835,70.777948127574
2022-04-22 12:09:42,0.00105187466571058,99.8991617294672,1.19999874751356,70.7782515332327
2022-04-22 12:09:20,0.0010405327196896,99.8973634351518,1.19999931000627,70.7781852162654
2022-04-22 12:08:57,0.001,99.9013727470571,1.2,70.7779479556994
2022-04-22 12:08:34,0.0010751189885138,99.8965137341913,1.2,70.7783875555879
2022-04-22 12:08:12,0.001,99.9025058131365,1.19999765025467,70.7779479900484
2022-04-22 12:07:49,0.001,99.8993801080733,1.2,70.7779479989965
2022-04-22 12:07:27,0.00105743878077577,99.8901811880558,1.19999867282324,70.7782842927396
2022-04-22 12:07:04,0.00105668383705769,99.8958395973783,1.19999926396112,70.7782797452281
2022-04-22 12:06:41,0.001,99.8982364815843,1.19999887653122,70.7779480533782
2022-04-22 12:06:18,0.001,99.8944479913573,1.199999879786,70.7779481062655
2022-04-22 12:05:56,0.00103418521409318,99.8900564136809,1.19999930944715,70.7781482406119
2022-04-22 12:05:33,0.00111190753159979,99.8925093156354,1.19999983161277,70.7786028934448
2022-04-22 12:05:09,0.001,99.8975347916439,1.2,70.777948039249
2022-04-22 12:04:46,0.001,99.894296708761,1.19999988299342,70.7779481095293
2022-04-22 12:04:23,0.001,99.8920709364038,1.2,70.7779481580512
2022-04-22 12:04:01,0.00102995773850894,99.893876285708,1.2,70.7781233931898
2022-04-22 12:03:38,0.00105959396553155,99.8894559250528,1.19999824436653,70.7782969492115
2022-04-22 12:03:15,0.001,99.8958798275394,1.19999529348556,70.7779482230379
2022-04-22 12:02:53,0.001,99.8916880405602,1.1999979531621,70.7779482254745
2022-04-22 12:02:30,0.001,99.8911252206683,1.19999811078552,70.7779482376606
2022-04-22 12:02:07,0.00113778200427601,99.8869370344708,1.19999501372934,70.778754583417
2022-04-22 12:01:44,0.001,99.8792479128677,1.19999558486096,70.7779485553365
2022-04-22 12:01:21,0.001,99.8931621550358,1.19999852678732,70.7779481639113
2022-04-22 12:00:58,0.00126048118892445,99.8926181842924,1.19999569971589,70.7794723201333
2022-04-22 12:00:35,0.001,99.8958051276316,1.19999816419181,70.7779481358281
2022-04-22 12:00:12,0.00102544123129443,99.8979847714248,1.19999932447214,70.7780969044864
2022-04-22 11:59:50,0.001,99.8863737806291,1.2,70.7779482820818
2022-04-22 11:59:27,0.001,99.8880696750028,1.1999990538603,70.7779482746681
2022-04-22 11:59:04,0.00100170783534937,99.8973723292445,1.19999934285686,70.7779580651589
2022-04-22 11:58:42,0.00113403217109887,99.9093804766976,1.2,70.7787319204207
2022-04-22 11:58:19,0.00110558478649164,99.8898136449395,1.19999643045658,70.7785660946429
2022-04-22 11:57:56,0.00147652799361718,99.9007657396483,1.2,70.7807360073262
2022-04-22 11:57:34,0.00116688113307079,99.8982544404875,1.19999630029725,70.7789245229555
2022-04-22 11:57:11,0.00126831280930495,99.9000776899595,1.19999546394604,70.7795179772218
2022-04-22 11:56:49,0.00119440038936847,99.9000149833711,1.19999859436956,70.7790853808638
2022-04-22 11:56:26,0.001,99.8934851583746,1.2,70.7779481271539
2022-04-22 11:56:03,0.001,99.876596567458,1.2,70.77794849469
2022-04-22 11:55:41,0.00146114698141337,99.9011078393374,1.1999964075093,70.7806461759314
2022-04-22 11:55:18,0.001,99.8886030623233,1.19999213230393,70.7779484701873
2022-04-22 11:54:55,0.001,99.8973751364242,1.19999850874554,70.7779480720894
2022-04-22 11:54:32,0.00131903466157985,99.9011493931634,1.2,70.779814523265
2022-04-22 11:54:10,0.001,99.8950851029926,1.2,70.7779480923393
2022-04-22 11:53:47,0.001,99.9008808148245,1.19999403836278,70.7779481438227
2022-04-22 11:53:24,0.0012001731619372,99.900816275635,1.2,70.7791191005468
2022-04-22 11:53:01,0.001,99.8889275936845,1.19999539164073,70.777948374268
2022-04-22 11:52:38,0.001,99.8784797656249,1.2,70.7779484537771
2022-04-22 11:52:15,0.001,99.8947286795422,1.2,70.7779481001734
2022-04-22 11:51:52,0.001,99.8882359465871,1.19999922117511,70.7779482709684
2022-04-22 11:51:29,0.00134190390473979,99.8739776346637,1.2,70.7799491188863
2022-04-22 11:51:06,0.00102991340036404,99.8937101104641,1.19999956617771,70.7781231337186
2022-04-22 11:50:42,0.001,99.8831496297725,1.19999495311865,70.7779485000451
2022-04-22 11:50:19,0.001,99.8903672944477,1.2,70.7779481950428
2022-04-22 11:49:57,0.001,99.8878267513623,1.2,70.777948250312
2022-04-22 11:49:34,0.00131425038710017,99.9238255087717,1.19999376556919,70.7797861119153
2022-04-22 11:49:11,0.00164804000964059,99.8968464962227,1.2,70.7817396709872
2022-04-22 11:48:49,0.00158873011708164,99.8824276123827,1.19999353765689,70.7813934183246
2022-04-22 11:48:26,0.001,99.9133882684336,1.2,70.7779476941893
2022-04-22 11:48:04,0.00108207336469785,99.8912971020486,1.19999896648837,70.7784283958724
2022-04-22 11:47:41,0.00216052840530193,99.9087747718923,1.19998911406246,70.7847386076019
2022-04-22 11:47:19,0.001,99.8862444323124,1.2,70.7779482849114
2022-04-22 11:46:56,0.0012984999468205,99.8710346273497,1.19999274807419,70.779695497241
2022-04-22 11:46:33,0.00123133760977099,99.8871167610765,1.2,70.7793018050511
2022-04-22 11:46:11,0.001,99.8477970133738,1.19997838728414,70.7779497723967
2022-04-22 11:45:48,0.001,99.8886769273883,1.2,70.7779482318158
2022-04-22 11:45:25,0.00209566357608925,99.9069532663113,1.2,70.7843584428738
2022-04-22 11:45:02,0.00173285386859221,99.8700043583077,1.19999979007611,70.7822369508395
2022-04-22 11:44:39,0.001,99.8979677935062,1.19999372557383,70.7779482071403
2022-04-22 11:44:16,0.00169511326703858,99.867721818228,1.2,70.7820161803321
2022-04-22 11:43:53,0.001,99.8876345747545,1.19999606198229,70.7779483729766
2022-04-22 11:43:30,0.00247004807935009,99.9258959538234,1.19999468527251,70.7865485263729
2022-04-22 11:43:08,0.00350866724594837,99.9056568462295,1.19999695318331,70.7926278344851
2022-04-22 11:42:45,0.001,99.8794933831821,1.2,70.7779484317973
2022-04-22 11:42:22,0.00149267852864796,99.8773050792342,1.19999035163688,70.7808317098602
2022-04-22 11:42:00,0.00217244908159932,99.8956222999942,1.2,70.784808281133
2022-04-22 11:41:37,0.00136548891890535,99.8976917803951,1.2,70.7800864202
2022-04-22 11:41:15,0.00229233476490361,99.8892981264705,1.2,70.7855101424635
2022-04-22 11:40:52,0.00227638435755617,99.8876400737784,1.2,70.7854168800546
2022-04-22 11:40:29,0.00241775745141193,99.864244268959,1.2,70.7862454344038
2022-04-22 11:40:06,0.00242169272732736,99.8836573059742,1.19997700344364,70.7862690945845
2022-04-22 11:39:43,0.00178272236404151,99.8644008131739,1.19997745965901,70.7825302032947
2022-04-22 11:39:21,0.00318708194785851,99.8926627022072,1.19998855932894,70.7907473534309
2022-04-22 11:38:58,0.00233948431650663,99.8924015376578,1.19998610629116,70.785786869129
2022-04-22 11:38:35,0.001,99.9010869475983,1.2,70.7779479617907
2022-04-22 11:38:12,0.001,99.8763506176897,1.2,70.7779485001302
2022-04-22 11:37:50,0.00364104545321054,99.8784064077365,1.2,70.7934044665421
2022-04-22 11:37:27,0.001,99.8590737434588,1.19999447878029,70.7779490536998
2022-04-22 11:37:05,0.001,99.8580983393337,1.19999311030106,70.7779491043959
2022-04-22 11:36:42,0.001,99.8695406625173,1.2,70.7779486483347
2022-04-22 11:36:19,0.002009819822083,99.882676652558,1.19995983213881,70.783859578734
2022-04-22 11:35:57,0.001,99.8878435674398,1.2,70.7779482500947
2022-04-22 11:35:34,0.001,99.8731445494751,1.19999826585743,70.777948629146
2022-04-22 11:35:11,0.00215348160325633,99.8682866309922,1.19999159946071,70.784699082372
2022-04-22 11:34:48,0.00162140891315282,99.851249275496,1.19996548101417,70.7815871362892
2022-04-22 11:34:25,0.001,99.8410518577182,1.2,70.7779492684548
2022-04-22 11:34:03,0.001,99.8669259086626,1.19998947425349,70.7779490305368
2022-04-22 11:33:40,0.00125958915416372,99.876292141199,1.19997692596759,70.7794682566261
2022-04-22 11:33:18,0.001,99.865487676688,1.1999962651927,70.7779488548012
2022-04-22 11:32:55,0.00100999693952256,99.8303551513732,1.19997546513963,70.7780087511936
2022-04-22 11:32:33,0.001,99.832150987524,1.19999026369834,70.7779497580593
2022-04-22 11:32:10,0.00168081911818696,99.8630716998031,1.19999944423833,70.7819327534887
2022-04-22 11:31:48,0.001,99.8423500465266,1.19997679966026,70.7779499206354
2022-04-22 11:31:25,0.001,99.8751358870056,1.19998426196955,70.7779489997668
2022-04-22 11:31:02,0.00184775448175179,99.8652855563355,1.2,70.7829095259143
2022-04-22 11:30:39,0.0012186944565203,99.8754537751215,1.2,70.7792281342734
2022-04-22 11:30:17,0.001,99.8312098788388,1.19999525831422,70.7779496305937
2022-04-22 11:29:54,0.00270677229875647,99.8418988864584,1.19999857856028,70.7879383687848
2022-04-22 11:29:31,0.0028366223764739,99.8704173889361,1.19999661783576,70.7886968496467
2022-04-22 11:29:08,0.001,99.8795608417966,1.19998273318799,70.777948933154
2022-04-22 11:28:45,0.00320191730252641,99.8834843252886,1.2,70.7908337814385
2022-04-22 11:28:22,0.001,99.8222856950266,1.19997183490874,70.7779505053686
2022-04-22 11:27:58,0.00212183602205583,99.8496097345929,1.2,70.7845142342016
2022-04-22 11:27:34,0.00282391984379122,99.8654925695749,1.19999596845162,70.7886228918183
2022-04-22 11:27:10,0.00178282877717812,99.87649066089,1.19999128662172,70.7825296218697
2022-04-22 11:26:47,0.00249315686652873,99.8559110613003,1.2,70.7866871776996
2022-04-22 11:26:23,0.00536317411926991,99.8660055606955,1.19996230221835,70.8034937610288
2022-04-22 11:25:59,0.001,99.8536677494454,1.2,70.7779489937453
2022-04-22 11:25:36,0.00223211040082201,99.835351459865,1.19994144651073,70.7851642284016
2022-04-22 11:25:12,0.00185595427609113,99.8765362118447,1.2,70.7829570585111
2022-04-22 11:24:49,0.001,99.8184641960731,1.2,70.7779497602656
2022-04-22 11:24:25,0.00301630822883612,99.8308114850712,1.19999045169519,70.7897517893972
2022-04-22 11:24:02,0.001,99.8230223839479,1.2,70.7779496609804
2022-04-22 11:23:38,0.001,99.8662460299963,1.19999606907047,70.77794883826
2022-04-22 11:23:15,0.00191709001808833,99.8726982340641,1.19999256610595,70.7833153755363
2022-04-22 11:22:51,0.001,99.835090483478,1.2,70.7779493982008
2022-04-22 11:22:27,0.00247566330781624,99.8337798909448,1.19995223729786,70.7865894972286
2022-04-22 11:22:04,0.001,99.8159294388226,1.19998849558921,70.7779501703997
2022-04-22 11:21:40,0.00646539301963059,99.803672090164,1.2,70.8099509541758
2022-04-22 11:21:16,0.001,99.8304767071936,1.2,70.777949498563
2022-04-22 11:20:52,0.001,99.8556455246039,1.1999862170131,70.7779493648148
2022-04-22 11:20:29,0.00638457126183024,99.8566281272381,1.19999597884107,70.809470911693
2022-04-22 11:20:05,0.001,99.7947587299685,1.19998854326898,70.7779506018298
2022-04-22 11:19:41,0.001,99.8401123731604,1.2,70.777949288917
2022-04-22 11:19:18,0.001,99.7961731316778,1.19991305510738,70.777952820918
2022-04-22 11:18:56,0.001,99.7946338982031,1.19999195181296,70.7779505158891
2022-04-22 11:18:33,0.001,99.8359381939177,1.19998354505855,70.7779498530693
2022-04-22 11:18:10,0.00322462486853301,99.7968424604277,1.19996135576896,70.790976496902
2022-04-22 11:17:48,0.00777517846475766,99.7825274248629,1.19999295957959,70.8176293292633
2022-04-22 11:17:25,0.00536472908145171,99.8183064375688,1.2,70.8035024079283
2022-04-22 11:17:03,0.001,99.8194707738324,1.19997865337072,70.7779503596289
2022-04-22 11:16:40,0.001,99.8183343215541,1.19999202078529,70.7779499997879
2022-04-22 11:16:17,0.001,99.7835316369121,1.19988919520519,70.7779538071812
2022-04-22 11:15:55,0.001,99.7894744127634,1.2,70.7779503915539
2022-04-22 11:15:32,0.001,99.7669210488084,1.19997937739498,70.7779515041906
2022-04-22 11:15:09,0.00656052184375141,99.7978313187519,1.19996505797417,70.8105158332466
2022-04-22 11:14:46,0.001,99.8196081652204,1.2,70.7779497352256
2022-04-22 11:14:24,0.00510737024772664,99.8012550239291,1.19998809268976,70.8019989559514
2022-04-22 11:14:01,0.0106523454599589,99.7626195550801,1.19995268372696,70.8345096060599
2022-04-22 11:13:38,0.001,99.8245389456253,1.2,70.7779496278865
2022-04-22 11:13:16,0.001,99.7809827525815,1.19997063507259,70.7779514346816
2022-04-22 11:12:53,0.00797064105903239,99.88459841421,1.2,70.8187553061442
2022-04-22 11:12:30,0.00506999868064005,99.8279092592602,1.2,70.8017753345225
2022-04-22 11:12:07,0.0027079067097494,99.8381363793691,1.19994222213864,70.7879498025034
2022-04-22 11:11:44,0.001,99.7494497222442,1.2,70.7779512632976
2022-04-22 11:11:22,0.001,99.8287795066331,1.19997297689197,70.7779503344561
2022-04-22 11:10:59,0.00380031212382266,99.8856836827628,1.2,70.7943361412888
2022-04-22 11:10:35,0.00307007798393987,99.809168130727,1.2,70.7900671104758
2022-04-22 11:10:13,0.00337736708691818,99.803349778367,1.2,70.7918665887244
2022-04-22 11:09:50,0.0106701851947333,99.8206388573866,1.19995307676273,70.8346007133975
2022-04-22 11:09:27,0.00437156325258671,99.7665511488765,1.19995008848737,70.7976979042466
2022-04-22 11:09:05,0.0101316688711348,99.8163160352429,1.19996063800831,70.8314422291363
2022-04-22 11:08:42,0.00498081721964108,99.855154437322,1.2,70.8012501416525
2022-04-22 11:08:20,0.00436670779184531,99.8235000961067,1.19983816659624,70.7976785333861
2022-04-22 11:07:57,0.00403351436500246,99.7328418088379,1.19987913941302,70.7957290925341
2022-04-22 11:07:34,0.001,99.7969340439131,1.19999963001036,70.7779502290881
2022-04-22 11:07:12,0.001,99.7487802785856,1.19994508162888,70.7779529059611
2022-04-22 11:06:49,0.001,99.840603099681,1.19998127133935,70.7779498403796
2022-04-22 11:06:26,0.001,99.7243684002466,1.19978479182175,70.7779581798332
2022-04-22 11:06:04,0.0117182511646111,99.8335662410363,1.19990671861566,70.8407583404964
2022-04-22 11:05:41,0.00169858877495043,99.9362141238597,1.2,70.7820339900451
2022-04-22 11:05:18,0.001,99.7875749966003,1.19992206959891,70.7779527417706
2022-04-22 11:04:56,0.001,99.8636274952769,1.19988733720708,70.7779521214768
2022-04-22 11:04:33,0.00168443968772776,99.7354827654652,1.19979606158196,70.781968755257
2022-04-22 11:04:11,0.001,99.7851706275803,1.2,70.7779504852046
2022-04-22 11:03:48,0.00509272569852586,99.9449820735618,1.2,70.8018954403486
2022-04-22 11:03:26,0.00935896885539748,99.8614376602571,1.19985089587926,70.8269342080461
2022-04-22 11:03:03,0.001,99.8101828407983,1.19998657904779,70.7779503252008
2022-04-22 11:02:40,0.0108098403592849,99.9988036240472,1.2,70.8353624355111
2022-04-22 11:02:18,0.0245697938009508,99.8869603069798,1.19999974498183,70.9160892231839
2022-04-22 11:01:55,0.0177776932108348,99.9527266796803,1.1999976897831,70.8762084918343
2022-04-22 11:01:32,0.0114582994564395,99.9501575775478,1.19995973162385,70.8391867158697
2022-04-22 11:01:09,0.001,99.9162379421868,1.2,70.7779476321872
2022-04-22 11:00:47,0.00305723758821118,100,1.19986859594608,70.7899910938537
2022-04-22 11:00:24,0.00491019927837757,100,1.19989218912465,70.8008368730269
2022-04-22 11:00:01,0.0137263443893179,99.9338861308017,1.19984128750658,70.8525309993512
2022-04-22 10:59:38,0.0284326214747641,99.9303348771601,1.2,70.9387494619908
2022-04-22 10:59:15,0.0291080931111676,99.8855045150586,1.19983439971717,70.9428893386943
2022-04-22 10:58:52,0.00257405008096018,99.8593871597368,1.2,70.7871604431493
2022-04-22 10:58:29,0.0088738562473149,99.9413039833737,1.2,70.8240351995903
2022-04-22 10:58:06,0.0104347681523924,99.8306258677601,1.19982925205105,70.8332566327668
2022-04-22 10:57:43,0.001,99.8376031653096,1.19985432890617,70.7779536659411
2022-04-22 10:57:18,0.001,99.861894092326,1.2,70.7779488148316
2022-04-22 10:56:55,0.00751150800327615,99.8868955734485,1.19986769200123,70.8160950785711
2022-04-22 10:56:32,0.001,99.9814340684121,1.2,70.7779462144158
2022-04-22 10:56:10,0.001,99.7980353488068,1.1999441756821,70.7779518622898
2022-04-22 10:55:47,0.001,99.8476512735519,1.2,70.7779491247837
2022-04-22 10:55:25,0.001,99.8393465592036,1.2,70.7779493054621
2022-04-22 10:55:02,0.0238301602774184,99.81428355007,1.19977598696622,70.9119431646749
2022-04-22 10:54:39,0.0219561232651972,99.8156339944865,1.19992307310122,70.9008309284571
2022-04-22 10:54:17,0.001,99.8317536240798,1.19983154557755,70.7779544452841
2022-04-22 10:53:54,0.00873908111413143,99.8153767501867,1.19970791794891,70.8233454801432
2022-04-22 10:53:31,0.001,99.8706021590844,1.19983139670084,70.7779536285534
2022-04-22 10:53:08,0.001,99.6918653726076,1.19987869021633,70.7779561017988
2022-04-22 10:52:46,0.0119311266051055,99.8314623569166,1.19981359569728,70.8420403040578
2022-04-22 10:52:23,0.0193375983532927,99.7645865476758,1.19983222687739,70.8855306842908
2022-04-22 10:52:00,0.0248571765449478,99.8171705830781,1.19944382870148,70.9182257258863
2022-04-22 10:51:38,0.001,99.7811756438648,1.19988440465972,70.7779540065128
2022-04-22 10:51:15,0.0212324212834028,99.7267805656588,1.19969471900217,70.8967661962306
2022-04-22 10:50:53,0.001,99.7788274506557,1.19975784408394,70.7779577928766
2022-04-22 10:50:29,0.0368962611639101,99.828198724457,1.19990086290977,70.9886505082307
2022-04-22 10:50:07,0.0205755355519593,99.7712041770243,1.1999390332784,70.8927344731863
2022-04-22 10:49:44,0.00338416059801497,99.7622959030045,1.19973574780555,70.7919358734662
2022-04-22 10:49:21,0.001,99.8674928059786,1.19982558526549,70.7779538444557
2022-04-22 10:48:58,0.023667585709341,99.7884745301624,1.19993001555757,70.9108924998818
2022-04-22 10:48:36,0.001,99.6020294939621,1.2,70.7779544771595
2022-04-22 10:48:13,0.001,99.8459114938308,1.19953444151058,70.7779629810487
2022-04-22 10:47:50,0.0119447321237391,99.6521818639192,1.2,70.8421009743515
2022-04-22 10:47:28,0.001,99.4877475578813,1.19962740236159,70.7779680413934
2022-04-22 10:47:05,0.001,99.8353176810005,1.19933996053089,70.7779689846077
2022-04-22 10:46:42,0.001,99.7287608152991,1.19989623786287,70.7779547936305
2022-04-22 10:46:20,0.001,99.5535257459279,1.19967615980198,70.7779651463903
2022-04-22 10:45:57,0.001,99.7260935124654,1.2,70.7779517722833
2022-04-22 10:45:34,0.001,99.7275586825371,1.19976376353982,70.7779587331848
2022-04-22 10:45:12,0.001,99.8107683048401,1.2,70.7779499277076
2022-04-22 10:44:49,0.001,99.7520894432852,1.19983694581857,70.7779560333975
2022-04-22 10:44:26,0.0187720583326079,99.626366533715,1.2,70.882171997656
2022-04-22 10:44:04,0.001,99.5979552413199,1.19978418123196,70.7779609686621
2022-04-22 10:43:41,0.013422184117829,99.7979024022791,1.19979291242124,70.8508061889361
2022-04-22 10:43:18,0.0752400009824359,99.7358415997534,1.19990660761124,71.2149451196102
2022-04-22 10:42:55,0.001,99.6286138617544,1.1995752382403,70.7779665074402
2022-04-22 10:42:32,0.001,99.855582311727,1.19995799274001,70.7779501948494
2022-04-22 10:42:09,0.0259295002313303,99.6636832674322,1.19909004414398,70.9249038296651
2022-04-22 10:41:46,0.001,99.7841829005066,1.19996053673047,70.7779516609674
2022-04-22 10:41:23,0.001,99.6078051492504,1.19938662314683,70.7779725582118
2022-04-22 10:41:01,0.001,99.6442499269932,1.19946012062185,70.7779695870442
2022-04-22 10:40:37,0.001,99.6650084847331,1.19991025802174,70.7779557690506
2022-04-22 10:40:13,0.0722955072050318,99.7932223014483,1.19952936918539,71.1982519004142
2022-04-22 10:39:50,0.001,99.7745728918331,1.19932520901859,70.7779707587892
2022-04-22 10:39:27,0.001,99.4156142430107,1.19927072719749,70.777980228082
2022-04-22 10:39:05,0.001,99.817086525047,1.19946039709689,70.7779658106171
2022-04-22 10:38:42,0.001,99.7487564540001,1.19987241380936,70.7779550687064
2022-04-22 10:38:20,0.10828891506122,99.6200718475273,1.19902729682766,71.4142140234297
2022-04-22 10:37:57,0.0238607968008868,99.8769843391789,1.19992306104589,70.9119864019922
2022-04-22 10:37:34,0.001,99.5903545256155,1.19934235714509,70.7779742814699
2022-04-22 10:37:11,0.0368501480885596,99.3677747484036,1.19977345422008,70.9888917527194
2022-04-22 10:36:49,0.001,99.1999791411261,1.19930391317155,70.7779839758161
2022-04-22 10:36:26,0.001,99.4835759669883,1.19978231598754,70.7779635272786
2022-04-22 10:36:03,0.001,100,1.19933092174901,70.7779656581403
2022-04-22 10:35:41,0.088292786948448,100,1.19996533913061,71.2916099842267
2022-04-22 10:35:18,0.001,99.7979056556459,1.19892414985206,70.777982220567
2022-04-22 10:34:55,0.0657823068635535,99.5090736812899,1.19954042169505,71.1600749137298
2022-04-22 10:34:33,0.118075648499135,100,1.1994888412477,71.4701308488632
2022-04-22 10:34:10,0.201924822259535,99.886797129587,1.19880053059635,71.9784916039197
2022-04-22 10:33:47,0.001,99.5941516244943,1.19874775132783,70.7779919599933
2022-04-22 10:33:24,0.001,99.5116038164769,1.19857430495208,70.7779989980511
2022-04-22 10:33:02,0.00956731591495924,99.7849190879029,1.19974637062232,70.8282016757694
2022-04-22 10:32:39,0.0201664262344695,99.9627908725159,1.2,70.8902116680186
2022-04-22 10:32:16,0.001,100,1.19978912127606,70.7779520557763
2022-04-22 10:31:54,0.001,100,1.1977302060795,70.7780137135088
2022-04-22 10:31:31,0.001,99.0568254710983,1.19952953131629,70.7779803772911
2022-04-22 10:31:08,0.0414174094184865,99.3362822912085,1.2,71.0155722931434
2022-04-22 10:30:46,0.001,99.7775744077906,1.19958475553421,70.7779629566836
2022-04-22 10:30:23,0.001,100,1.19951618599912,70.7779601560247
2022-04-22 10:30:00,0.0358440062529712,99.4496431381759,1.19871703999053,70.984030488156
2022-04-22 10:29:38,0.001,99.1111391712903,1.19962593548991,70.777976324289
2022-04-22 10:29:15,0.0130589190445857,99.608845373719,1.2,70.8486480640488
2022-04-22 10:28:53,0.001,99.2016580122112,1.2,70.7779632266415
2022-04-22 10:28:30,0.001,98.825699374189,1.19886213826934,70.7780054610941
2022-04-22 10:28:07,0.275554230727129,99.6620960238615,1.19958733232897,72.4224042441933
2022-04-22 10:27:45,0.001,99.9410738071441,1.19907792520041,70.7779744869437
2022-04-22 10:27:22,0.001,100,1.2,70.7779458106964
2022-04-22 10:27:00,0.001,99.1961063096844,1.1997745937538,70.7779700278615
2022-04-22 10:26:36,0.001,99.1684493004419,1.19760845902698,70.778035771062
2022-04-22 10:26:13,0.001,100,1.19878124283021,70.7779820777176
2022-04-22 10:25:50,0.001,100,1.2,70.7779458106964
2022-04-22 10:25:27,0.001,100,1.2,70.7779458106964
2022-04-22 10:25:04,0.001,99.3429836533057,1.19831935252251,70.7780103878075
2022-04-22 10:24:42,0.001,100,1.19911116555947,70.777972214832
2022-04-22 10:24:19,0.001,99.8424698607884,1.19679147751018,70.7780457516196
2022-04-22 10:23:56,0.001,100,1.19907331891524,70.7779733488531
2022-04-22 10:23:34,0.369106480149903,99.6655122563961,1.19968147593638,72.9973513095271
2022-04-22 10:23:11,0.141893014912006,99.4773725791825,1.2,71.6119509198649
2022-04-22 10:22:48,0.001,100,1.2,70.7779458106964
2022-04-22 10:22:26,0.552732091189447,100,1.19819798595846,74.1778073531147
2022-04-22 10:22:03,0.001,100,1.19659095009013,70.7780483866144
2022-04-22 10:21:40,0.001,97.8273961464897,1.1973161873758,70.7780746048593
2022-04-22 10:21:18,0.001,99.5515988725428,1.19816397793424,70.7780104658315
2022-04-22 10:20:55,0.001,96.9727805113679,1.19577360696896,70.7781416487224
2022-04-22 10:20:32,0.001,100,1.2,70.7779458106964
2022-04-22 10:20:09,0.001,100,1.19830615458115,70.777996333184
2022-04-22 10:19:46,0.421675551384992,98.8412619015364,1.2,73.3295783299646
2022-04-22 10:19:24,0.001,98.0079241509772,1.1977643984996,70.778056867946
2022-04-22 10:19:01,0.001,100,1.2,70.7779458106964
2022-04-22 10:18:38,0.150353235112194,100,1.19925079821674,71.6642781422847
2022-04-22 10:18:16,0.001,98.6313127150528,1.19575208051262,70.7781047726755
2022-04-22 10:17:53,0.001,99.4372955697143,1.19919543417018,70.7779820219092
2022-04-22 10:17:30,0.664487038276896,100,1.19635058794153,74.9431238567411
2022-04-22 10:17:08,0.0770595253857688,99.3382987960433,1.19327665837154,71.2421899049887
2022-04-22 10:16:45,0.161303838545964,100,1.19729934861594,71.7397222804781
2022-04-22 10:16:22,0.001,100,1.19499955102637,70.7780975050559
2022-04-22 10:16:00,0.001,97.1471071453621,1.19701927156487,70.778099069563
2022-04-22 10:15:37,0.001,97.3919511354784,1.19664332542617,70.7781051301361
2022-04-22 10:15:14,0.116607802831459,100,1.2,71.4595903699587
2022-04-22 10:14:52,0.131348518045664,98.870648688215,1.19728420866612,71.5615512214668
2022-04-22 10:14:29,0.001,99.9800455857189,1.19674709619314,70.7780440545544
2022-04-22 10:14:06,1.04643095723285,99.9204976288052,1.19935775149115,77.4343390901081
2022-04-22 10:13:44,0.001,100,1.19773538619077,70.7780135621952
2022-04-22 10:13:21,0.829710032265995,99.8730886802819,1.2,75.95230602867
2022-04-22 10:12:58,0.001,100,1.2,70.7779458106964
2022-04-22 10:12:36,0.200219453854552,100,1.1994975464155,71.9633899685603
2022-04-22 10:12:13,0.001,100,1.1970807227061,70.7780334203502
2022-04-22 10:11:50,0.001,100,1.2,70.7779458106964
2022-04-22 10:11:28,0.001,99.8273474416151,1.2,70.7779495667087
2022-04-22 10:11:05,0.001,100,1.2,70.7779458106964
2022-04-22 10:10:41,0.177290268863547,96.4026006024781,1.19490775334537,71.8650896497135
2022-04-22 10:10:19,0.001,100,1.2,70.7779458106964
2022-04-22 10:09:56,1.43116175840719,96.7448026364715,1.19725786132897,80.3612078511943
2022-04-22 10:09:33,1.17534271881897,100,1.18881314950992,78.7527630833575
2022-04-22 10:09:11,0.001,98.4344881682569,1.2,70.7779800788803
2022-04-22 10:08:48,1.22227782053175,99.0273349784541,1.19974913825224,78.6661940052269
2022-04-22 10:08:25,0.001,97.9358057507329,1.19022206053891,70.7782975633579
2022-04-22 10:08:03,0.001,100,1.2,70.7779458106964
2022-04-22 10:07:40,1.08215343093347,98.5554601583333,1.2,77.6946699487519
2022-04-22 10:07:17,2.00467181213876,92.3120578128264,1.2,84.815551372541
2022-04-22 10:06:54,0.001,100,1.2,70.7779458106964
2022-04-22 10:06:30,0.001,96.9743334372233,1.19872321649237,70.7780509069831
2022-04-22 10:06:08,0.678743321418651,100,1.2,74.9581520167085
2022-04-22 10:05:45,0.001,97.2920465184905,1.1843384724282,70.7785129575836
2022-04-22 10:05:22,2.39058860048133,99.7559622345827,1.19768810530424,87.6100696274809
2022-04-22 10:05:00,2.71849005757542,95.8051677833011,1.19196677759601,91.2429836606852
2022-04-22 10:04:37,0.21951796388181,91.0744083498272,1.2,72.1226158062973
2022-04-22 10:04:14,2.52242555778066,93.9894637121287,1.2,88.9216099405187
2022-04-22 10:03:51,0.001,100,1.2,70.7779458106964
2022-04-22 10:03:29,0.001,100,1.19441554787412,70.7781157376389
2022-04-22 10:03:06,1.12431158768215,98.6921442002912,1.1945978375566,78.1860056875584
2022-04-22 10:02:43,0.001,100,1.18813553558061,70.7783189024037
2022-04-22 10:02:21,0.001,100,1.2,70.7779458106964
2022-04-22 10:01:58,1.94465028200041,91.8167423254519,1.2,84.3671330406637
2022-04-22 10:01:35,2.6350599721633,100,1.19937126738643,89.4415752953606
2022-04-22 10:01:12,0.001,96.8894790521856,1.18911022535793,70.7783590279151
2022-04-22 10:00:48,0.001,100,1.18855362734599,70.7783049663758
2022-04-22 10:00:25,0.001,100,1.2,70.7779458106964
2022-04-22 10:00:02,0.001,95.2205851123952,1.19996711279577,70.7780529412484
2022-04-22 09:59:39,0.001,78.8451646483318,1.2,70.7784537981464
2022-04-22 09:59:16,0.001,100,1.2,70.7779458106964
2022-04-22 09:58:53,2.39582722778533,97.191155824528,1.19262056054354,88.2851284502688
2022-04-22 09:58:30,1.8211814943271,93.9580033552664,1.19554433193076,83.5663972041718
2022-04-22 09:58:07,0.001,99.131580509552,1.18820709681509,70.7783366679818
2022-04-22 09:57:44,0.50232983515,96.1420969787673,1.19143286215789,74.013936506045
2022-04-22 09:57:22,0.001,80.9498099929111,1.18845899871234,70.7787885632646
2022-04-22 09:56:59,0.001,95.2769713868404,1.18744671532333,70.7784538814183
2022-04-22 09:56:36,1.20034032234153,96.8687807486429,1.1754610800803,79.6866603069219
2022-04-22 09:56:14,0.001,100,1.2,70.7779458106964
2022-04-22 09:55:50,1.25055498993695,96.8829787739986,1.19415222768119,79.1750078208161
2022-04-22 09:55:26,2.92353455716562,77.015863572406,1.2,94.1327829750382
2022-04-22 09:55:03,0.001,96.1891489789222,1.17017581453942,70.7790774804758
2022-04-22 09:54:41,0.001,79.9451359596965,1.2,70.7784247310734
2022-04-22 09:54:18,1.45453291588723,89.9488288456909,1.2,80.6757431414619
2022-04-22 09:53:55,8.91261326592035,100,1.1967799302593,156.622551017957
2022-04-22 09:53:32,11.5945431326528,84.1028044213594,1.19841972642975,200.214775196004
2022-04-22 09:53:10,0.943311699783794,100,1.2,76.7103980436966
2022-04-22 09:52:47,5.1529386954904,86.2247066316911,1.2,115.277956772605
2022-04-22 09:52:24,0.001,75.7354231790712,1.18004564076589,70.7792583892854
2022-04-22 09:52:01,0.001,100,1.2,70.7779458106964
2022-04-22 09:51:39,0.001,100,1.2,70.7779458106964
2022-04-22 09:51:16,7.82109164011016,100,1.19583983625139,143.547403674251
2022-04-22 09:50:53,0.001,100,1.2,70.7779458106964
2022-04-22 09:50:30,0.001,90.1210024618429,1.17334870646823,70.7791117663123
2022-04-22 09:50:07,2.39073832823992,57.1613742809671,1.1891776179126,92.3259652438809
2022-04-22 09:49:44,15.1923831451555,65.564402113716,1.2,278.703063168804
2022-04-22 09:49:21,0.001,100,1.18612430269133,70.7783868319174
2022-04-22 09:48:58,3.02548535563073,64.5872698658327,1.2,96.6969741849668
2022-04-22 09:48:36,20.5525989533303,94.9617559416256,1.2,362.156791426298
2022-04-22 09:48:13,0.001,100,1.2,70.7779458106964
2022-04-22 09:47:50,0.001,100,1.15165108786657,70.7798026436871
2022-04-22 09:47:27,0.001,100,1.13775710863049,70.7805366322822
2022-04-22 09:47:05,0.001,75.1002814001835,1.2,70.7785552780927
2022-04-22 09:46:42,0.402350818771148,100,1.18966334768614,73.3323309430659
2022-04-22 09:46:19,0.001,49.3123516479403,1.2,70.7793855687644
2022-04-22 09:45:57,14.2594578532023,100,1.2,229.051655988588
2022-04-22 09:45:34,0.001,100,1.2,70.7779458106964
2022-04-22 09:45:11,0.33383234784819,85.9315951456927,1.2,72.8876911318633
2022-04-22 09:44:49,0.316923404724768,91.8097211318356,1.19558270031636,72.7758924481032
2022-04-22 09:44:26,0.001,100,1.2,70.7779458106964
2022-04-22 09:44:03,0.001,99.3023798134109,1.18189197486213,70.7785511418754
2022-04-22 09:43:41,0.001,83.3055572573073,1.19359505657786,70.7785466734629
2022-04-22 09:43:18,4.8855698966064,88.899978592248,1.17830928630738,116.493645322225
2022-04-22 09:42:56,0.001,100,1.2,70.7779458106964
2022-04-22 09:42:33,0.001,100,1.19495187441251,70.77809899949
2022-04-22 09:42:10,0.001,100,1.2,70.7779458106964
2022-04-22 09:41:48,0.001,92.3327425888828,1.2,70.7781183397279
2022-04-22 09:41:25,0.001,100,1.14583959988506,70.7800963656458
2022-04-22 09:41:02,4.84992944653024,82.888938398274,1.19214136436858,114.253694902847
2022-04-22 09:40:40,0.001,55.4147719553452,1.19651255873231,70.7792913931517
2022-04-22 09:40:17,0.001,73.3749291215365,1.16660839913734,70.7799131492402
2022-04-22 09:39:54,0.001,79.9313309532722,1.17858621630352,70.7791909329274
2022-04-22 09:39:32,0.001,84.8151438411182,1.2,70.7782998474431
2022-04-22 09:39:09,2.68188326245624,45.0380936813715,1.16741462862604,100.708545437687
2022-04-22 09:38:46,0.001,74.1284335755048,1.2,70.7785822743346
2022-04-22 09:38:23,0.001,31.6266416087302,1.14314145539638,70.7832939359999
2022-04-22 09:38:01,0.001,49.9998426870594,1.14901170065049,70.7818193672006
2022-04-22 09:37:38,0.001,69.6965744248285,1.19740505894925,70.7787969078766
2022-04-22 09:37:15,1.02659872504669,23.9403809838146,1.2,80.4398686908278
2022-04-22 09:36:52,0.001,46.0635620378241,1.18415339428153,70.7801558247873
2022-04-22 09:36:29,0.001,44.7891897883056,1.16751586382709,70.781015777781
2022-04-22 09:36:06,0.001,66.5657248622418,1.19843433735589,70.7788559288665
2022-04-22 09:35:43,4.59997345553098,58.7621003121841,1.2,115.277816200949
2022-04-22 09:35:20,0.001,67.5434652973682,1.2,70.7787729156166
2022-04-22 09:34:57,16.448445224612,33.677740390218,1.2,370.907517249075
2022-04-22 09:34:35,5.41291153537747,65.762945627425,1.18640441027868,126.713814356655
2022-04-22 09:34:12,0.001,29.8903277971464,1.11580280957025,70.785759931565
2022-04-22 09:33:49,0.001,27.4370328112764,1.2,70.7803692648832
2022-04-22 09:33:27,10.5809690308689,51.2176490495753,1.18323880962237,215.482122169228
2022-04-22 09:33:04,0.001,50.8881067119561,1.16985651923334,70.7806168970227
2022-04-22 09:32:41,0.001,33.6476357683101,1.2,70.7800520152347
2022-04-22 09:32:18,0.001,39.7607026991616,1.19915005711177,70.7798054039683
2022-04-22 09:31:55,0.001,29.4506275976596,1.18149608310899,70.7811041152757
2022-04-22 09:31:32,0.001,52.1272183947036,1.2,70.7792813777634
2022-04-22 09:31:10,3.19538209062354,43.4898644077681,1.2,102.003917457725
2022-04-22 09:30:47,7.79053653992779,76.3641674867765,1.19050001506882,153.652440792359
2022-04-22 09:30:23,12.2708677626004,17.2931978855344,1.17877639140256,298.233672972118
2022-04-22 09:30:00,0.001,33.9816388394313,1.19892651659398,70.7800793497544
2022-04-22 09:29:37,6.8850962998367,25.0284803310677,1.1795373764421,172.517091260768
2022-04-22 09:29:14,0.0282261307714712,12.8665314469359,1.2,71.0328997130728
2022-04-22 09:28:51,0.001,59.1103146965232,1.2,70.7790390381653
2022-04-22 09:28:28,12.1708127639299,28.4171356375638,1.2,263.400551765326
2022-04-22 09:28:05,0.001,33.9530022617028,1.2,70.7800373358242
2022-04-22 09:27:42,17.8580062161231,35.3703892361513,1.2,413.563472286844
2022-04-22 09:27:19,10.4731960782536,11.319370219652,1.19745960401238,253.532916766202
2022-04-22 09:26:56,0.966353680249023,25.6604910472421,1.1542782943598,82.4357747904846
2022-04-22 09:26:33,0.473378296400684,16.6395228817616,1.19098137421771,75.4502336781397
2022-04-22 09:26:10,0.001,12.0484030990103,1.13672220095529,70.7855486982415
2022-04-22 09:25:47,0.001,30.3396334850304,1.2,70.7802163487927
2022-04-22 09:25:24,1.64834084590848,18.8482407325022,1.2,87.8634267397554
2022-04-22 09:25:01,0.001,19.0986259564622,1.17219668220443,70.7822923820012
2022-04-22 09:24:39,0.001,21.7905087261193,1.17660242280907,70.7818451756239
2022-04-22 09:24:16,0.001,17.2354409173593,1.15406822157479,70.7836267802754
2022-04-22 09:23:53,0.001,27.2113943083993,1.18606680757697,70.7810097758128
2022-04-22 09:23:30,0.001,26.9692703216785,1.1256645791953,70.7850762865299
2022-04-22 09:23:07,0.001,11.0659790226866,1.2,70.7814565093248
2022-04-22 09:22:45,0.001,24.8166410885833,1.12924948206124,70.7849409270767
2022-04-22 09:22:22,20.5667132173564,0.1,1.15203057866062,729.050330606195
2022-04-22 09:21:59,0.001,15.6044564458052,1.09612060969502,70.7895851449889
2022-04-22 09:21:35,0.001,25.8337877355983,1.2,70.7804576182918
2022-04-22 09:21:12,0.001,25.8310115465093,1.15143751131572,70.7831171314068
2022-04-22 09:20:49,0.001,14.803460096659,1.2,70.7811631683829
2022-04-22 09:20:25,0.160275012120817,31.4435620418524,1.11493733650083,73.0037271871949
2022-04-22 09:20:01,23.0727822571206,16.1021373487829,1.14932240560111,724.470546480645
2022-04-22 09:19:38,26.395736629597,20.0043052664641,1.2,800.459784719081
2022-04-22 09:19:15,0.514324802522029,0.1,1.2,76.6860437182449
2022-04-22 09:18:52,0.001,26.183385217301,1.2,70.7804381014632
2022-04-22 09:18:29,53.0187175693504,37.2387199751155,1.09273451050832,2146.01046797449
2022-04-22 09:18:05,11.4689575304563,31.6473095818816,1.06965833143436,435.160371399268
2022-04-22 09:17:42,25.1886567128418,0.1,1.2,891.888821852857
2022-04-22 09:17:19,25.5069751662648,68.1745118556115,1.12502228630758,643.280877023053
2022-04-22 09:16:56,28.2020317718054,43.9247659900363,1.01712835015314,1624.99103820962
2022-04-22 09:16:33,0.001,15.0855470400313,1.13647904058191,70.7852337455753
2022-04-22 09:16:10,0.001,0.1,1.08944649975687,70.7938303752027
2022-04-22 09:15:46,0.001,27.5740301028044,1.2,70.780361848456
2022-04-22 09:15:22,0.001,69.2546808309723,1.06667661730795,70.7885747954038
2022-04-22 09:14:59,0.001,42.4691530617815,1.14102756002623,70.7827547005272
2022-04-22 09:14:36,68.4193925825117,93.6250480096215,1.2,1872.20881383607
2022-04-22 09:14:13,32.4172611895888,91.7571296860245,1.02869248976239,1392.78531953625
2022-04-22 09:13:49,2.65918523924082,47.5600501632286,1.2,95.2180205045327
2022-04-22 09:13:26,18.6602877163309,96.6025934605337,1.2,313.51651258089
2022-04-22 09:13:03,62.0517385367128,47.8844444446975,1.2,2027.40499976613
2022-04-22 09:12:40,0.001,56.5002690833838,1.14918237591275,70.7814983792685
2022-04-22 09:12:17,0.001,12.5095968589346,0.993780966325696,70.8171652828832
2022-04-22 09:11:53,0.001,42.601643987099,1.2,70.7796513861402
2022-04-22 09:11:30,26.527576045908,0.1,1.2,953.901807639057
2022-04-22 09:11:07,0.001,100,1.2,70.7779458106964
2022-04-22 09:10:44,97.0464039559467,92.8161797462345,1.04700073442942,4216.61910110406
2022-04-22 09:10:19,3.81108254441732,50.0709881587805,1.18263735890092,111.21449019138
2022-04-22 09:09:53,0.001,0.1,1.14158329620091,70.7871138650149
2022-04-22 09:09:30,0.001,6.00017189324886,1.15235555197881,70.784978257089
2022-04-22 09:09:06,32.0552419302769,25.157296624863,0.987848683477117,2746.65090755899
