DateTime,lw_factor,sed_temp_amplitude,sed_temp_amplitude.1,sed_temp_amplitude.2,sed_temp_mean,sed_temp_mean.1,sed_temp_mean.2,sed_temp_peak_doy,sed_temp_peak_doy.1,sed_temp_peak_doy.2,RMSE
4/20/22 4:27,0.9,2.880883866,4.585146737,3.535254469,11.99519498,16.72065925,20,268.5273198,276.2059077,279.0656343,1.972725904
4/20/22 4:36,0.9,2.906737459,4.595817882,3.496893216,12.05839081,16.8649115,19.97413688,267.1409741,275.3847167,278.6949931,1.984405091
4/20/22 4:29,0.90627107,2.865915123,4.701274257,3.447162493,12.06676526,16.9687311,20,269.0719193,275.9888206,278.8246016,1.985574256
4/20/22 3:20,0.9,3.30052992,4.622077236,3.399983502,11.97648273,16.08339827,19.83460304,265.5758634,274.3637094,277.451855,1.986754568
4/20/22 4:30,0.902188267,2.836314031,5.085842866,3.996524212,12.15598297,16.93217783,20,266.7917811,275.1657418,278.2072347,1.987391223
4/20/22 4:23,0.900272577,2.641442138,4.549393926,3.637151329,12.32839819,16.50635182,20,266.5952459,275.4191053,278.3270978,1.988801216
4/20/22 4:11,0.902464882,2.568439298,5.088626863,3.432567264,12.1699556,16.96149695,20,266.3935826,275.8838912,278.1508245,1.991184025
4/20/22 3:37,0.900601435,2.998756699,4.684409656,3.378809875,11.96637721,16.76596248,19.82954676,266.4592968,276.0373829,278.8390764,1.992585231
4/20/22 4:15,0.9,2.653605531,4.566817047,2.928905724,11.6448917,17.23774267,20,266.4598057,277.0989977,278.6644922,1.992662303
4/20/22 4:11,0.906182142,2.392263038,5.211187079,3.738312551,11.77137453,17.16780605,19.85944191,265.1967686,273.6242013,278.348135,1.992682338
4/20/22 3:19,0.911628544,2.466528267,4.858903994,3.63300336,12.16174401,16.29318543,20,263.7884528,274.5807258,276.2416082,1.992685886
4/20/22 3:10,0.902897599,3.040648629,5.159967215,3.756779964,11.86698694,16.69493972,19.68305522,264.80077,276.8691721,275.9587333,1.992737098
4/20/22 4:20,0.9,2.869937493,4.938106153,2.90044504,12.42745877,16.8928905,20,267.0337721,275.6488691,279.2566646,1.993360147
4/20/22 2:50,0.9,2.673811793,3.59533906,3.386485548,11.50908657,16.90745914,20,267.3653102,277.4438948,277.1682034,1.99338787
4/20/22 3:21,0.901074281,2.559632493,4.090339109,3.404923713,11.72731775,16.50609587,20,265.6065015,276.0846896,277.8734715,1.993463795
4/20/22 4:37,0.9,2.568111357,4.445616051,2.801451804,12.31846614,16.85392128,20,266.3271186,275.6403821,279.1855726,1.993711686
4/20/22 2:42,0.9,3.192675726,4.20432575,3.941081064,12.39536708,16.04862456,19.84132925,267.1968926,276.8732864,275.9500407,1.995352211
4/20/22 3:24,0.90518092,3.138489754,5.118057285,4.144055624,12.38868885,16.46723129,20,262.7927659,275.8041905,276.5576517,1.995847882
4/20/22 4:28,0.90887729,2.863411361,4.489466951,3.013351093,12.69632431,16.09731371,20,268.2242977,275.9680434,278.7484398,1.996423585
4/20/22 3:33,0.903471133,2.52858641,4.688207803,3.421178358,11.9480122,17.26776726,19.70931298,264.3724644,275.8920241,277.9199334,1.996589541
4/20/22 4:31,0.9,2.382841846,4.753630575,3.397251358,12.47110382,17.10813333,20,267.6273628,275.2588693,277.8897215,1.997329775
4/20/22 4:37,0.905074191,2.85272319,4.229035232,3.524381175,12.59224492,16.52097071,19.99325768,267.4825298,276.3886198,279.5386163,1.997532513
4/20/22 4:22,0.901055451,2.800917068,4.663092485,3.43388888,12.1591528,16.93249818,20,268.6186902,276.2553735,278.6173767,1.997839471
4/20/22 4:30,0.9,2.817961958,4.907852202,3.439562514,11.92248781,16.63198285,19.77769533,266.7281512,274.9876904,278.4940395,1.999286082
4/20/22 3:15,0.903828145,3.459040339,4.575176748,3.530723846,11.79996861,16.60948385,20,265.0657866,275.8415343,277.0901634,1.999946326
4/20/22 2:28,0.9,3.715459316,2.750231345,2.762868959,11.80478041,16.6982679,20,268.2012038,280,275.7877207,2.000478497
4/20/22 4:34,0.900632454,2.578929697,4.817788488,3.064774957,12.45721631,17.58773172,20,266.4389303,276.0404037,279.2173264,2.001011567
4/20/22 2:39,0.902588345,3.168841966,4.609081094,3.732753212,11.87062636,17.12461178,20,266.3782202,278.1416094,279.6334268,2.001501124
4/20/22 3:12,0.9,2.636215463,4.638333101,3.381963948,11.94368089,15.98318182,19.75015685,266.9541391,274.1757075,276.6521189,2.003435676
4/20/22 4:26,0.9,3.197999776,4.43889504,2.884841367,11.86221814,16.80266153,20,266.8293765,276.5049583,279.0551959,2.003744064
4/20/22 4:12,0.9,2.359410722,4.165757575,4.187687007,11.91073048,16.88382277,19.71100798,266.8727984,274.1983249,278.610052,2.003921123
4/20/22 4:19,0.900911932,2.314829889,4.664142595,3.156136915,12.03414752,17.47891234,19.92226419,267.3313464,275.8166527,277.0251879,2.004519367
4/20/22 3:35,0.915892044,2.662338125,5.273575291,3.868650846,11.85598631,16.79807821,20,263.6755694,275.3543152,278.4226322,2.006105885
4/20/22 3:40,0.908526894,2.517726137,4.366462434,3.664750752,12.11424319,16.16882053,19.82269929,264.4326205,276.3576709,278.1088317,2.006222723
4/20/22 2:11,0.915573784,3.676981437,2.64464599,2.27442825,11.93499926,16.05625556,20,266.596347,279.5558265,280,2.006832803
4/20/22 4:33,0.904575854,2.907529647,4.536947112,3.30109583,12.45582788,16.59989942,20,268.0150397,276.1397312,278.5819773,2.006869999
4/20/22 4:09,0.906794974,2.829307234,5.212363721,3.423938309,12.18495601,16.98719171,19.62848718,266.3447943,275.1210671,277.7057197,2.007102772
4/20/22 2:36,0.905517098,3.514550908,4.027527603,2.697735545,12.3329454,17.52099887,20,265.8092584,278.047106,275.8482289,2.00713477
4/20/22 3:30,0.904933125,2.360456022,3.868261729,3.571183582,12.55467044,17.01330778,20,264.7391175,277.0850158,277.8613947,2.007224955
4/20/22 4:38,0.902549072,3.03421512,4.357001832,3.568556393,12.83273491,16.64699611,20,267.5739383,276.4694992,278.4864279,2.00731217
4/20/22 4:31,0.9,2.905171326,4.274025523,3.369188322,12.74523389,16.82306748,20,268.1368989,276.5803378,279.7846628,2.008131952
4/20/22 4:34,0.9,2.805174682,4.856356589,3.200486767,12.39420486,16.83490755,19.63451297,268.0404477,276.3656022,278.3159741,2.009730459
4/20/22 4:18,0.911025794,2.31928949,4.948305614,3.162667795,12.51446424,16.90598089,20,265.2605814,275.3585275,277.8609432,2.009741841
4/20/22 3:26,0.9,3.134722732,4.934389977,3.758137854,12.27001177,16.35940293,20,264.8550395,275.3869908,276.5393069,2.010212515
4/20/22 4:39,0.904137385,2.956271484,4.759868322,3.688810627,11.94827154,18.06169483,20,267.5355651,276.1032948,278.5674479,2.011054694
4/20/22 4:25,0.9,2.736798952,5.081453588,2.989912182,12.07781439,17.24214955,20,267.9058223,277.3753975,278.4293695,2.011313015
4/20/22 3:30,0.9,3.127203451,5.376505334,3.333664409,12.4895955,16.44654691,20,265.8718595,276.5013695,276.7693166,2.012422133
4/20/22 3:18,0.907682988,2.58896897,5.012683831,3.160534141,12.14148718,16.52060988,19.44682065,264.4002797,274.9547109,276.0928559,2.012485144
4/20/22 4:17,0.914622161,2.295419838,4.974909312,3.44510443,11.91703061,16.72236217,20,266.0760225,276.4505838,278.0400435,2.012567032
4/20/22 4:33,0.91175422,2.985560874,5.016729576,3.650697528,12.19755688,17.22096456,20,267.4479191,275.4811654,278.3456188,2.012645698
4/20/22 3:36,0.903780071,2.912154668,5.33488885,4.133072221,12.31188583,16.41526423,20,263.6882254,275.5042228,276.4845528,2.012820075
4/20/22 4:32,0.910968538,3.229084854,4.52849852,3.494961709,12.25150086,17.02999345,19.77325539,268.3390945,276.3218509,278.8576272,2.013381503
4/20/22 3:14,0.90033626,2.722294103,4.465900871,3.963457465,11.90217299,16.34980013,19.5536165,264.8902748,275.2777837,276.9917325,2.014757896
4/20/22 3:15,0.907852798,3.066919338,5.001015479,2.787568806,11.89340422,16.45973233,19.40238146,264.7405696,275.6540215,276.8636717,2.016304365
4/20/22 3:33,0.912444042,2.909544502,5.303308352,3.724615928,12.47416026,16.5763076,19.92985278,262.5985867,276.1524646,276.8741479,2.016540784
4/20/22 4:16,0.906120127,2.631139094,5.637585776,3.702667315,11.92093516,17.30108119,19.61826645,266.0327515,275.8802146,277.6329696,2.016558062
4/20/22 3:10,0.9,3.350072203,5.138087755,2.705261078,12.21950385,17.38751795,19.40145884,264.3065699,276.8774574,277.1884407,2.017416561
4/20/22 4:21,0.908430438,2.211501835,4.767372094,3.281198174,12.41066092,17.53333265,19.90026492,267.1197795,276.5772156,278.5884812,2.018341895
4/20/22 3:01,0.9,2.953352133,4.386244171,4.03168786,12.06391928,17.34918774,19.4259406,266.3861202,275.3636614,277.5848606,2.01846253
4/20/22 4:25,0.907290747,2.808742056,5.273256451,3.027353184,12.37576137,17.32759304,20,266.4717691,275.5837115,279.0036131,2.01893488
4/20/22 3:16,0.908915238,2.224162057,4.828372615,3.837177815,11.91247114,15.97488297,19.6325783,264.7729599,274.5305121,274.8123605,2.019393376
4/20/22 3:03,0.9,2.847138214,5.706250395,3.037281859,12.53150106,16.72288853,19.99293854,265.6339917,276.194475,276.9900035,2.020246734
4/20/22 4:19,0.9,3.07687722,4.533891143,3.410114692,12.16701918,16.5653089,19.26913662,265.7506453,275.8021076,279.0658774,2.020579926
4/20/22 4:20,0.9,2.724741238,4.340514913,3.167921491,11.33984138,16.20402197,19.98579869,264.6492279,276.7442069,278.5719415,2.020736284
4/20/22 4:35,0.907593138,2.35144835,4.597145872,3.700218165,11.87729972,17.47268891,19.86985118,267.8477334,277.5354901,280,2.022626279
4/20/22 4:13,0.908384907,2.438319478,5.522790821,3.433262473,11.68086758,17.04742205,19.82611379,266.2503472,274.7656995,277.9394187,2.023594447
4/20/22 3:29,0.918386244,2.840597557,5.168513714,4.054914752,11.9060213,15.58053859,19.66671524,264.0105971,274.1430879,276.3647721,2.02369599
4/20/22 2:54,0.911535674,3.36609711,4.125446149,3.808206829,12.73191223,16.27472464,19.86973122,265.8377501,275.5935367,275.0595469,2.025300466
4/20/22 4:15,0.903209184,2.356205803,4.97118595,2.92206741,12.78191941,16.59437753,20,265.628397,276.1730032,277.8995563,2.025395956
4/20/22 3:44,0.906564658,3.007162538,4.824126152,3.412022118,12.62910945,16.66581182,19.65782072,265.0410207,277.440917,277.5896587,2.026338612
4/20/22 3:42,0.9,3.250991489,4.503088047,3.858443866,12.41243614,16.61899176,19.35600868,265.3933864,275.6466183,277.3274023,2.026388575
4/20/22 3:09,0.902012597,3.334022294,4.004046156,2.953234324,12.29271511,16.04787716,19.62477078,266.0182191,276.2507929,277.4194465,2.026403781
4/20/22 3:07,0.9,3.302424573,4.194162556,3.78004171,12.14092379,16.08742651,19.53124941,264.472609,275.7974877,276.1430579,2.026455518
4/20/22 4:28,0.9,2.491588947,4.731590552,3.530065602,11.94583431,16.70361816,19.3052033,266.2117872,275.8189065,277.9132102,2.027093274
4/20/22 4:23,0.9,2.66858249,4.500684068,2.875976597,12.32634859,15.89495038,20,265.6828792,274.5412725,277.4734986,2.027405138
4/20/22 4:17,0.9,2.65538769,4.837470301,3.14419334,12.29683647,17.43453485,19.33680878,267.4771618,276.9571022,280,2.028001664
4/20/22 3:19,0.906406578,2.623558513,3.800858487,3.18972179,12.70914833,17.40713016,20,264.9799717,274.8169691,277.3780028,2.028299473
4/20/22 4:10,0.904313487,2.457233531,4.552775243,3.801151208,11.47686964,16.07587714,20,266.1063342,276.4276034,277.9595622,2.02849299
4/20/22 2:59,0.914619114,3.360083806,4.999101483,3.16584088,12.44291305,16.08538516,20,265.3589432,277.3800241,277.1905515,2.029106475
4/20/22 3:03,0.9,3.180754944,3.924405355,4.213455062,11.34539726,16.03860706,19.72210333,264.0896744,276.8379123,276.1117189,2.029116756
4/20/22 3:09,0.9,3.070348429,4.89083452,3.25638416,12.16684716,15.30544046,20,264.5332819,274.7200668,277.5069665,2.029627507
4/20/22 2:52,0.902854921,3.277860862,4.153062137,2,12.69889601,17.69909039,20,265.3112273,279.3236768,278.2178821,2.029877239
4/20/22 3:31,0.901812053,2.889586992,5.038595864,4.367168755,12.56597396,15.64550208,20,263.733925,274.6468576,276.7899194,2.030042305
4/20/22 4:12,0.90514865,2.410649829,5.517103135,3.568950419,12.47861942,17.46121749,20,265.209459,275.9436938,278.4542747,2.03015449
4/20/22 3:28,0.920268965,2.038182776,4.349242103,2.740770301,12.18607016,16.59602943,20,265.1925422,276.5311968,277.513936,2.031940471
4/20/22 4:20,0.908262867,2.179206312,4.223666533,2.969103267,12.29891499,17.52751702,19.77512673,267.8833208,275.2025469,278.114417,2.032821111
4/20/22 4:24,0.907540156,2.587280019,4.771125799,3.278098753,12.84429782,17.1832294,20,266.4541554,275.5182494,278.0450596,2.03287643
4/20/22 3:25,0.9,3.054120735,3.935862574,3.760865984,11.39903615,16.06857093,20,265.205403,274.5263224,277.4143235,2.033073195
4/20/22 2:43,0.9,3.031428055,4.626721769,3.597843979,11.51627909,17.54871803,19.84662434,267.564573,278.0002949,280,2.033143105
4/20/22 2:59,0.9,2.958758923,4.225996943,3.491971012,12.84454408,17.4580741,20,267.3363061,276.1735326,276.8221052,2.034271549
4/20/22 2:55,0.9,2.785011036,4.473691261,3.9835687,11.32913336,16.68982116,19.8011306,268.0101591,278.3253334,277.25973,2.034435301
4/20/22 2:44,0.9,2.908928886,4.335660447,3.081276662,11.16003374,16.78017438,19.76751957,265.3741009,279.4374428,275.7412753,2.035082934
4/20/22 2:38,0.9,2.959431345,4.351465262,4.128297593,11.48900854,16.94671399,19.83791327,266.8219471,279.8559564,278.1476006,2.035225615
4/20/22 3:38,0.913617712,2.466609996,4.801950506,3.133656466,12.62863221,16.8462388,20,264.4495808,276.7775441,278.462903,2.036161211
4/20/22 4:22,0.902686735,2.177196968,4.795402222,3.32399344,11.33369483,16.96382482,20,267.0198577,275.992738,277.7648296,2.036686699
4/20/22 3:31,0.9,2.803114221,5.146162148,3.395406086,12.46480244,15.68525783,19.88068903,264.0070791,275.8677055,276.8118049,2.037487026
4/20/22 2:58,0.9,3.048160759,4.027157777,2.572075501,11.51163501,15.58058615,20,265.4208389,276.2065408,276.9145932,2.038777575
4/20/22 3:05,0.9,2.897991122,3.028430789,3.609289912,11.35561379,15.87747512,20,265.1358254,276.2752105,276.7449119,2.040003456
4/20/22 3:07,0.9,3.01070151,5.259810586,3.68693541,12.55433305,16.85415152,19.19757295,266.0853663,274.3532563,276.3801614,2.040363023
4/20/22 2:58,0.9,2.826555267,5.568489158,3.114623493,12.18158084,15.91685351,20,266.8019351,277.133695,278.2433927,2.040795218
4/20/22 4:35,0.910951608,2.906244176,5.334831395,3.664156421,12.86967011,16.98420249,19.76364933,268.0921084,274.5417312,278.2849607,2.040835768
4/20/22 2:56,0.9,3.829707016,3.334441536,3.176708644,11.6647384,15.54421807,20,268.4360211,276.8762397,275.5531174,2.041026091
4/20/22 3:37,0.918685761,2.323111338,4.487230871,3.509476658,12.70077306,17.03039428,20,263.3246841,275.4819107,278.8611769,2.041463463
4/20/22 2:53,0.929532023,2.787889668,3.81688391,3.065141891,11.78288046,16.8070033,20,267.7586621,275.5513427,277.4739821,2.041892944
4/20/22 3:27,0.902693255,2.930972819,4.279489519,2.985738852,11.47778378,15.58400983,20,266.8037672,275.4869845,277.7590416,2.042600791
4/20/22 3:39,0.9,2.941505965,4.37702084,3.422424667,11.95393202,18.30106782,19.67875139,264.5352703,276.0477788,278.7839639,2.043483295
4/20/22 3:02,0.9,3.763091463,4.042906956,3.384409841,12.36026834,16.53530362,19.88343806,268.0218074,275.8478476,276.9122749,2.043552592
4/20/22 2:55,0.901450591,2.808534051,4.013520266,2.833871928,11.15774019,17.03499903,20,267.5961125,276.7381806,278.5940204,2.044237683
4/20/22 4:32,0.9,2.863315287,4.757736967,3.35743755,11.70930703,17.14265051,20,268.05619,275.7427607,278.7294906,2.044653735
4/20/22 3:34,0.909822292,3.323121529,4.705689733,3.77841424,12.55597569,15.66403602,20,264.3400723,275.1080028,276.673635,2.044707551
4/20/22 4:10,0.9,2.270737504,4.693829415,3.733214684,11.76496922,16.62363384,19.61057886,263.6202879,275.2081091,277.8754315,2.045798186
4/20/22 2:49,0.914851642,4.026965553,3.451640407,2.969470452,11.37336951,16.68164246,20,268.5650512,276.7421673,278.9304561,2.047131897
4/20/22 3:06,0.912274477,3.621806411,4.940733203,3.832034675,12.35052501,15.75207701,20,264.2743127,277.3477284,276.7601107,2.047359241
4/20/22 4:27,0.908198778,2.39680821,4.692921924,3.367002681,11.8197127,17.53644672,19.48892133,266.3573777,275.880792,277.9675061,2.047869747
4/20/22 4:38,0.907495578,2.703510723,5.122480928,2.883958288,12.73102478,16.8830324,19.62360797,266.9099297,275.7317774,277.8994954,2.048243297
4/20/22 2:19,0.9,4.15026645,4.947840427,2.301896467,12.70141012,17.03758998,20,269.3225745,280,276.2440778,2.048303083
4/20/22 3:32,0.902356717,2.639997196,4.082047972,4.598362492,11.92561139,15.60932747,19.49079304,263.1498572,274.9585955,276.2646828,2.048944992
4/20/22 3:11,0.917221301,3.295540493,4.510795177,3.921517713,11.57528352,15.36628276,19.65965382,264.6768157,276.1782558,276.9971048,2.049341508
4/20/22 4:26,0.905118156,2.859509461,4.500568657,3.394125111,11.46656004,17.36831107,19.77993964,266.4705307,276.2277902,278.7718482,2.049603603
4/20/22 3:08,0.900917143,2.344120989,3.851278403,3.276614285,11.46718189,15.33105026,20,266.409729,276.9123622,276.4515694,2.050193274
4/20/22 4:29,0.9,2.854209987,4.529775869,3.383267018,12.81660529,16.64170315,19.40714916,267.3966384,276.5146286,278.0295652,2.050519364
4/20/22 2:34,0.9,2.475634669,3.68674069,3.927030093,11.5256219,16.51977014,20,265.1638182,280,277.9326468,2.05239132
4/20/22 3:29,0.913692068,3.400241519,3.869363953,3.406715869,12.59416039,15.82739839,19.59839336,264.6387314,275.664624,276.8581694,2.052642791
4/20/22 3:36,0.901237679,2.375399876,4.38230625,3.796444252,11.52297754,17.94315229,19.76860947,263.7027004,275.5754377,278.9161123,2.053318513
4/20/22 3:20,0.9,2.603540324,4.582741456,3.622583365,11.90411511,17.54523215,19.03238763,265.4650577,276.3701867,278.4964583,2.053382741
4/20/22 4:36,0.9,2.742023786,5.243035082,3.261236338,12.75395478,16.58881986,19.9060765,266.7274931,274.9166808,279.344456,2.055728816
4/20/22 2:57,0.91124566,2.991008102,4.908011267,3.301541256,12.88842611,17.77109126,20,267.5471086,276.9639066,276.7561992,2.055819846
4/20/22 3:41,0.901868919,2.75586061,4.89833641,3.319185726,12.94030659,16.27302748,19.60356862,266.7551358,275.2528738,278.5166159,2.056167472
4/20/22 4:13,0.911668396,2.436251205,5.272858762,4.143174203,12.48850009,16.41101612,19.66260286,264.2309218,275.1806312,279.9896891,2.056330453
4/20/22 3:16,0.915237518,2.015241513,4.270350096,4.447506888,11.87983886,16.62801947,18.95890975,266.2615682,275.7144864,275.4007103,2.056888357
4/20/22 3:22,0.913711697,3.40755675,4.92278324,2.992107876,12.46296133,16.43556396,19.18195585,264.5220802,273.8762071,276.6156314,2.057276076
4/20/22 3:47,0.901668478,2.728251583,4.380652586,3.108652246,11.48301115,17.35884193,20,264.280127,275.7965406,277.9346742,2.057882696
4/20/22 3:38,0.902918564,2.627146845,5.13924283,3.973121123,11.57727675,16.89940466,19.18914114,266.1434689,278.0960224,277.3301954,2.059776479
4/20/22 2:56,0.916698699,2.854033114,4.175209226,3.458643538,11.81591483,17.36314645,19.07628793,267.147065,276.9510755,278.1758129,2.062170887
4/20/22 3:25,0.9,2.685965377,5.123719605,3.461931165,12.77651734,16.46572428,19.50454344,264.3365288,274.1156483,275.0109752,2.064394171
4/20/22 2:46,0.933445228,2.242609707,5.278280877,2.420947958,12.21728742,16.2347945,20,269.1939496,278.7646294,277.4484502,2.065857914
4/20/22 3:35,0.911906199,2.708463712,4.332691837,3.986656787,12.49092585,17.857287,19.48377044,264.0921537,276.0086011,278.4528856,2.066859273
4/20/22 4:14,0.9,2.732772168,6.0598361,3.674321239,12.35603472,16.20150125,19.39591171,264.5766374,275.2956844,276.7763883,2.066884433
4/20/22 2:20,0.939834198,3.588691391,2.214136243,2,12.66632197,16.03966631,20,266.8911445,276.7707784,276.9147248,2.068179811
4/20/22 2:15,0.9,3.840694138,2.800491461,2.232659383,11.6846108,15.61205431,19.49506685,268.8489319,276.944066,280,2.068937989
4/20/22 3:22,0.9,3.841141893,4.884192639,3.390614397,11.98596396,17.35120461,19.18765588,265.8239823,274.7791442,275.2045351,2.069551332
4/20/22 3:04,0.9,2.935805668,4.031801656,3.79207634,11.85626639,17.48305096,18.98958453,266.4938277,276.6023531,279.2660989,2.070635581
4/20/22 2:53,0.915655454,3.829707437,2.817579826,3.218703979,11.58980733,16.58675298,20,267.0260843,278.0984767,279.3990265,2.071936821
4/20/22 2:31,0.9,3.978757124,3.942154513,3.184441469,11.43019132,15.78372095,20,264.0835905,280,280,2.072080391
4/20/22 4:14,0.91619483,2.555969893,5.62734744,3.399176037,12.70037751,16.77276287,19.75068548,263.8590628,274.2089457,277.3028437,2.073809522
4/20/22 2:50,0.913126211,3.181151076,4.407307949,3.247571316,11.89707267,15.91958561,19.10157328,266.351884,278.8180149,277.7122068,2.074521422
4/20/22 3:01,0.906503039,3.239338516,5.210480327,4.944737058,12.7331518,16.83866065,19.41260862,266.7845107,277.6180657,276.601331,2.075387607
4/20/22 3:28,0.91221956,2.749482942,5.394881276,2.991538046,11.12676089,16.21773208,19.86747373,267.0433168,276.4820742,276.9150437,2.075662296
4/20/22 3:04,0.919580071,2.814714551,5.070800022,3.272442362,10.91108528,16.15422547,19.97242631,265.5517491,275.486964,276.4303445,2.076973442
4/20/22 4:21,0.9,2.362179084,4.708586336,3.74587231,11.07915555,16.57459703,19.95961997,266.6637812,276.7349133,279.7845355,2.077348914
4/20/22 4:24,0.904972932,2.230303163,5.01368435,3.054691975,12.91049047,17.61119728,19.81923981,267.5776274,276.6022501,278.3789367,2.07811935
4/20/22 1:19,0.922283121,2.19554005,2.906524819,6.609510523,12.60938861,16.20290226,20,263.5628019,280,275.6215916,2.080060846
4/20/22 3:40,0.91403455,3.076274454,5.568574746,3.899918407,12.91133494,17.10672502,19.51741864,263.6957952,275.1413567,276.594395,2.080807076
4/20/22 2:47,0.9,2.457243032,4.758483855,3.087750669,11.21692282,15.18896655,20,267.3423025,277.6269515,275.1753368,2.0824316
4/20/22 3:17,0.9,2.927198954,5.263460004,3.620215531,12.04104088,15.77879614,19.29097213,265.7311964,274.8075401,276.5554,2.082832601
4/20/22 2:22,0.905901972,4.596983591,3.63927077,2.648053773,12.21514886,16.28767343,19.88737297,268.2263846,280,279.5564748,2.083003085
4/20/22 3:41,0.905413501,3.033074516,4.666875843,4.110977132,11.19804832,16.4570473,19.36460792,265.2433792,277.5934463,278.5424595,2.084478454
4/20/22 2:57,0.917820568,3.189827322,4.720606276,2,11.24585848,16.05851749,19.58397473,266.3451408,277.7980674,276.7005821,2.08576199
4/20/22 3:27,0.905371957,2.93548023,4.293057667,3.675261352,11.40891561,17.57470065,18.90748322,263.178246,272.833849,276.8378239,2.086856927
4/20/22 3:18,0.9,3.111761123,5.147912799,3.205095043,11.08664067,16.5718827,19.44939756,265.5047995,276.5699449,274.1831671,2.087349649
4/20/22 3:05,0.916768599,3.594333304,4.169834379,3.073252007,12.56652132,15.45425281,18.87905708,266.7986228,275.6198317,275.5170621,2.087785
4/20/22 2:54,0.90619034,2.379728969,3.608596572,2.37887186,11.22813959,15.37418613,20,270.6575524,278.4701843,277.1404405,2.088767949
4/20/22 3:14,0.9,3.490032606,5.115097798,3.543909885,11.36098447,16.08467126,19.47064158,264.8432218,273.7682843,276.6587143,2.092484014
4/20/22 2:26,0.935971304,2.832091102,2.730267354,2.204471019,12.02313274,18.29996893,20,269.8686688,280,276.8076886,2.096216603
4/20/22 2:37,0.915602598,2.963826281,4.932551627,3.558401763,11.31038111,17.90533412,19.44231826,268.2564161,278.4278867,276.744124,2.097760187
4/20/22 2:41,0.917475368,3.011160557,3.894408312,2.40223488,12.9281236,17.49252621,19.45142644,266.4280852,280,276.322572,2.097781326
4/20/22 2:40,0.91511507,4.355153548,3.663081803,2,11.08829599,17.35933399,20,268.1211513,276.7113545,273.0382244,2.098565919
4/20/22 2:51,0.925891553,3.611282068,4.024209486,3.877287246,11.11724384,16.42503529,20,265.8764916,278.893001,277.5909627,2.100624101
4/20/22 2:09,0.9,3.844531035,2.288333628,2.098757928,13.06105925,16.51911852,19.27860248,272.9332938,276.6020444,278.6486241,2.100868514
4/20/22 3:08,0.906546377,3.280542962,4.900367287,3.652794598,12.44126673,14.87171757,19.90224282,265.7901085,277.1246642,275.1123416,2.101030428
4/20/22 3:23,0.9,3.600639268,4.312373578,3.76046679,11.83369145,18.44417135,19.21435567,265.8325276,275.1197771,275.9135976,2.101967113
4/20/22 3:13,0.9,2.928814189,5.165040748,3.931626573,12.01996023,15.2783318,19.09086933,263.0130174,274.2649458,274.906026,2.103273153
4/20/22 4:18,0.909871789,2.165195232,4.742826548,3.605919654,11.076445,17.93582077,19.65228734,266.9481682,274.5999563,280,2.103603203
4/20/22 2:33,0.919857327,2.711694931,4.272723067,3.309806888,13.26796851,17.92134055,20,269.6649541,279.3127886,276.7759954,2.110244522
4/20/22 1:46,0.920209267,2,2,2,13.31144519,16.12417845,20,277.1176212,277.9818665,278.6910273,2.110991955
4/20/22 2:46,0.920745255,3.069226394,4.489247999,2.871512531,11.21373386,14.83391194,20,265.0534496,277.6013649,275.4012501,2.111581463
4/20/22 4:16,0.9,3.013222093,5.552054605,3.314453812,13.12759672,17.30191666,19.63732021,266.4527036,275.645834,278.4420634,2.115274022
4/20/22 3:02,0.914182549,3.858686118,4.63044471,3.604426739,12.10781063,17.95840274,18.73945211,263.9699706,275.6031989,277.6835985,2.119693104
4/20/22 2:40,0.9,4.651050085,4.161570434,2.449586921,12.44075909,17.49632299,19.38050655,268.6755706,278.1315577,278.2068652,2.120685409
4/20/22 2:48,0.910084932,2,4.461971265,2.891547394,10.73693673,15.91418488,20,263.8108084,277.8026313,277.4723152,2.12177123
4/20/22 2:29,0.912811483,2.134256136,5.16957611,4.602497833,12.515732,18.50334626,19.61276603,269.3820704,278.749529,279.6566713,2.122189193
4/20/22 2:29,0.940351395,3.492038658,2,2.248171244,11.03792533,16.4658806,20,269.2157508,279.7259301,279.0499908,2.122465545
4/20/22 3:23,0.9,3.488968732,5.045689588,3.477495787,11.35532045,15.63575174,19.30761985,263.9999132,275.1881757,277.2462257,2.123947972
4/20/22 3:13,0.90244487,3.147660651,4.361451231,4.492289252,13.18583658,16.34833677,19.69227044,262.8960812,275.565283,275.9722696,2.124380048
4/20/22 2:36,0.935423414,2,3.688868648,2.3118301,11.02118758,16.97912602,20,272.9349545,279.7393922,277.6869891,2.130418911
4/20/22 3:34,0.910123707,2.896285544,5.739084251,3.848637515,12.96350822,16.12912638,19.52577082,263.8687298,275.4861299,277.5655922,2.134821801
4/20/22 3:24,0.9,2.969906129,4.296460493,3.873326997,10.59487826,15.84102042,19.89727101,262.7754822,275.3107721,276.3904488,2.135881461
4/20/22 2:11,0.9,5.07745494,4.542304769,3.076713344,11.64542026,15.47707036,20,271.5966553,273.9512219,276.6195892,2.135973465
4/20/22 2:35,0.912445862,3.849862125,2.006492394,3.573645106,11.20827208,15.10327553,20,267.0763259,278.2442282,278.9046666,2.136086501
4/20/22 3:11,0.900056533,4.066336497,4.545254306,3.685014406,10.72280214,16.33921498,20,265.172028,276.7773621,275.9398129,2.136394872
4/20/22 2:44,0.907666674,3.640493998,4.372878398,3.496845397,11.96403409,19.10438153,20,264.9533545,278.0965956,278.60754,2.138240022
4/20/22 2:30,0.947586852,2,5.213129005,3.567553014,13.13743212,17.19996097,20,268.2628029,280,278.9655004,2.145199547
4/20/22 2:32,0.941826339,4.028266923,4.602745461,3.446205566,11.25568198,18.07136717,19.9517165,266.8803436,278.7277419,278.898551,2.15090513
4/20/22 3:06,0.907896795,2.255501995,5.683143729,3.323694944,13.11926037,16.00796539,18.89994497,267.5484695,274.4091672,277.565158,2.155145631
4/20/22 1:58,0.9,2.623132391,7.089536502,3.439257627,13.45713351,17.49686779,20,270.8095468,276.2547268,280,2.156156342
4/20/22 2:47,0.904985152,3.346432603,4.187845999,3.426463265,10.54662007,18.02787835,20,267.7044381,278.2781472,276.2083181,2.156963568
4/20/22 1:52,0.919935947,4.771212557,4.662236473,2.650989051,13.15199483,14.92739611,20,266.8182166,268.2419547,276.1248224,2.161431939
4/20/22 2:17,0.922236741,2.115606108,2.382770935,3.232898906,11.00471518,15.644343,20,272.0066323,280,279.5672656,2.162845715
4/20/22 2:48,0.90036085,2.382540922,3.989937778,2.861278498,13.75218197,15.80179391,20,265.687841,279.4424229,275.534139,2.165332661
4/20/22 1:55,0.91271028,2.528310972,2.475786387,3.851873444,11.35647075,17.05797673,18.41819571,273.7696161,273.5127549,273.8093206,2.166492932
4/20/22 2:42,0.915085723,3.082375546,4.615192673,3.221060348,11.97636197,19.18344848,18.16251556,264.0662763,280,274.4603923,2.169346628
4/20/22 2:34,0.9,3.610783882,2.911379868,3.522572147,10.58114001,17.31154569,19.22280466,267.1948493,277.2517842,278.5606159,2.180382282
4/20/22 2:21,0.926066548,4.027395282,2.174765201,2.388411679,10.781959,16.34324405,19.63370449,269.8771073,276.7972682,280,2.18185607
4/20/22 3:00,0.907447597,3.062438593,4.027229715,2.757010196,12.58817906,18.09757276,17.90876429,264.2866713,277.2165144,278.1719075,2.183801186
4/20/22 2:52,0.906306496,2.932341651,4.293879665,3.556469196,12.26144668,15.49781915,17.97528311,267.5188637,279.0318555,275.3878597,2.18562594
4/20/22 2:30,0.92625991,3.673468734,2,2.536966219,11.82515386,18.79969594,20,268.8336365,280,276.6060174,2.190318811
4/20/22 2:23,0.90158179,2,3.669838022,3.258705747,11.80596683,13.76622663,20,266.6279806,279.1267954,275.680189,2.193759091
4/20/22 2:49,0.9,3.547655021,4.169465676,4.317639613,11.80701188,15.05743641,18.4696549,265.8893589,277.3408254,280,2.195814504
4/20/22 1:59,0.928501555,5.563498,3.609892716,2.951940394,11.75521997,17.24733529,20,273.7781357,279.9602576,278.5594634,2.199149321
4/20/22 2:21,0.923493743,4.762570071,2.699508083,4.621924786,11.50270983,15.0201503,20,271.188218,279.4879179,279.0072328,2.199338127
4/20/22 2:25,0.936944915,3.792672899,2,2.409672934,13.36201822,17.12056202,20,268.260306,279.8764376,280,2.208252492
4/20/22 2:31,0.939566286,4.48680404,3.943834748,2.468020985,13.4740472,16.73327444,20,266.8913183,280,278.9967374,2.210784693
4/20/22 2:41,0.907024709,3.37365265,3.274117044,3.377611464,13.6461251,17.60167964,19.71906667,264.4132958,280,275.7351487,2.211050743
4/20/22 2:10,0.929098018,2.664762659,4.072745969,2.40709505,11.3579894,13.77834366,19.58672098,266.9749157,273.6078773,272.6616521,2.221455974
4/20/22 2:43,0.925267526,2.258331895,5.803366932,4.659365139,11.03665361,17.68270403,18.21506508,265.271071,279.5981741,280,2.237946358
4/20/22 2:46,0.9,4.344357316,4.22554894,3.443486135,12.9486732,17.83782114,18.15727034,271.3000638,276.8472022,277.663038,2.238284752
4/20/22 2:23,0.91745362,4.602692517,5.337202447,3.888868078,13.73877106,15.40655631,20,270.526812,279.956033,274.357651,2.239897507
4/20/22 2:24,0.914224439,4.692019337,5.971097548,2.79618591,11.78002825,15.28837692,18.9537741,268.673828,274.1817211,278.0444122,2.240685329
4/20/22 1:49,0.935011679,2,7.057397811,3.283108816,14.7670196,14.06930178,19.61247787,267.2743276,272.982738,270.7629737,2.240932014
4/20/22 2:45,0.917196241,2.840305535,3.397676046,3.432329459,10.48586558,18.14541079,19.11640722,269.0180059,279.1306716,280,2.24674024
4/20/22 1:28,0.926322928,4.070157156,2,8.409833791,11.62833515,14.6661527,20,265.1562429,277.5344247,280,2.252158507
4/20/22 0:59,0.954968009,2,8.35983465,5.228104633,12.54348747,15.91219959,20,260,280,280,2.256377026
4/20/22 2:27,0.918672796,4.05460672,3.382491995,3.351156614,12.2633029,20,20,267.7253762,278.9184593,279.8245189,2.260091128
4/20/22 2:32,0.901526154,2.837786864,2.255896051,2,10.49190338,18.2474832,18.99155895,268.6567977,280,278.1727567,2.26391025
4/20/22 2:27,0.913935217,4.132313558,3.493257576,2.662655965,14.87342882,13.26455451,20,267.1388147,277.9401193,276.0898259,2.267232204
4/20/22 1:43,0.909491143,5.550727578,2.363901481,2.021531741,15.86343308,12.14814747,20,265.0166414,279.1777107,276.3238096,2.267753122
4/20/22 1:42,0.9,2.924025109,3.782547738,2.172678543,16.78252701,11.91000846,20,268.5098619,278.3924822,271.8833577,2.272460179
4/20/22 2:16,0.922160842,5.73157189,2,2.719863588,11.14450946,15.58078205,19.50825653,268.0031877,276.1539846,280,2.276131135
4/20/22 2:10,0.9,5.189284129,4.667859403,2.015425289,11.39372151,18.74439389,18.56342557,274.038615,276.6826319,278.9597865,2.293618584
4/20/22 2:39,0.9,5.145011672,4.228483132,3.080551869,11.55008475,20,19.47336729,266.10887,279.4730275,275.2386874,2.297788855
4/20/22 1:33,0.9,5.227461088,2.946646396,3.728802648,16.10675106,11.47821023,20,268.6138796,280,280,2.302465641
4/20/22 2:05,0.908684995,3.076204074,2,2,14.01640977,17.59950948,20,268.3783809,280,277.3527885,2.303587824
4/20/22 2:17,0.909729616,6.225384066,2.463225325,4.135232208,13.72326497,13.73105532,19.4749818,268.9828353,280,277.8363507,2.306835026
4/20/22 2:35,0.9,4.821153957,3.5046488,2.838659002,13.03359031,19.50227683,20,266.2264246,278.5988004,277.5947354,2.30698588
4/20/22 2:45,0.928144135,2,4.881742541,3.391351355,10.22844079,18.32144882,19.19472775,266.6936926,280,278.3717385,2.30868715
4/20/22 2:05,0.9,2,4.727419286,3.42210803,14.75049935,15.91223,20,270.2551464,278.5948809,278.1295202,2.309722951
4/20/22 2:26,0.9,2.786045577,2,2,14.17094578,16.50600908,20,267.5707279,280,279.5490872,2.310457154
4/20/22 1:31,0.9,2,2,4.589735566,14.35280487,12.37167776,20,264.7698686,280,280,2.314509047
4/20/22 1:27,0.9,2,2,4.27883787,15.71359422,11.84282833,20,270.4656238,278.4323861,278.1358768,2.321667889
4/20/22 2:28,0.906457523,2.685249632,2.740945697,2.751699126,14.1774954,17.54047115,19.65576323,267.0889892,277.4564149,277.6589588,2.322199929
4/20/22 2:06,0.939908891,4.264625995,5.503326336,2,11.39185964,13.81670444,19.24232607,273.8139687,268.1370517,279.3649371,2.322570518
4/20/22 1:40,0.9,4.820969944,2.488578691,4.811239875,13.06242781,15.06253396,18.00789841,267.5687102,277.8700345,277.0473254,2.328985319
4/20/22 1:50,0.9,3.880204357,6.774053415,2,14.60169325,13.56433093,20,273.5053502,276.1952647,274.73529,2.334026243
4/20/22 2:14,0.916848058,4.996121817,3.373640742,2,14.31200962,15.03420517,19.08865062,270.3416127,276.0088466,279.1269339,2.334331735
4/20/22 2:02,0.914994332,4.464115493,3.442543095,2.044379816,12.0266156,20,18.58976372,278.8780297,276.6350939,279.874153,2.338264987
4/20/22 2:37,0.922687795,4.626787386,3.753740024,2.506880015,9.865454418,17.5224166,19.48217361,268.0760482,280,275.9559854,2.338918569
4/20/22 1:57,0.921350407,5.440635523,4.32629358,2.640979018,12.81521614,18.29501763,18.06671358,269.8088146,271.1089796,276.5791136,2.343328404
4/20/22 1:49,0.9,5.450732586,2.216371749,2,14.53898976,15.79215998,20,269.4407366,277.5406162,274.56242,2.346510943
4/20/22 2:38,0.903460089,4.565404173,3.323682236,3.807113471,13.28123945,16.05074298,19.62507244,262.0928699,280,278.923076,2.360258082
4/20/22 1:54,0.936190768,2,2.443452965,4.112664085,14.93282128,14.25695441,20,268.1782666,280,280,2.36527364
4/20/22 2:13,0.904458542,4.944287255,2,3.272745093,13.26865252,14.80622331,17.34058863,272.7399646,277.4810086,276.6612039,2.367612068
4/20/22 1:39,0.9,4.287091825,3.399919045,7.340832589,13.51282841,12.23083576,20,262.7824393,274.9482947,278.4004088,2.369748706
4/20/22 2:12,0.9,4.555598534,4.576199138,2,13.61089332,14.97134769,17.54802021,272.9045926,273.8117743,277.7102009,2.371530168
4/20/22 1:29,0.949899168,2,5.417856483,7.341417657,16.59778287,12.33440911,20,266.5272205,271.3813853,270.1475397,2.37194043
4/20/22 2:00,0.9,2.60806041,4.950643313,2,14.46482333,11.19311325,20,268.2273451,275.342105,276.3360931,2.371988125
4/20/22 2:33,0.928069873,3.847791448,4.501270354,3.518222377,10.12043712,17.23011125,18.03414687,267.4385683,278.0332567,278.4454931,2.375468416
4/20/22 1:25,0.92833003,6.222653644,4.239696722,5.219997468,16.43532302,10.59492965,20,260,280,270.6029156,2.382311332
4/20/22 2:04,0.9,4.813517473,6.117378682,3.293643007,12.96756745,17.95379594,17.01866252,267.9768694,274.403026,280,2.387135277
4/20/22 2:14,0.9,4.119083467,3.789217964,2,10.52682759,13.6065395,20,269.2376898,274.5304286,278.3081804,2.391840105
4/20/22 1:45,0.9,3.621474592,3.818927843,5.949796428,18.28113896,8.976267897,20,260,276.3950636,276.1649854,2.398679326
4/20/22 2:24,0.909735868,3.980920777,4.490442294,2.0513992,14.53227429,15.24189189,18.46664681,269.9897595,277.2704608,278.8248536,2.41606372
4/20/22 2:22,0.921148778,5.044460266,3.120986818,2,13.71226285,18.55887129,17.99818919,274.7575241,279.2281852,277.4561033,2.42251719
4/20/22 2:07,0.914006506,5.684906443,4.777672365,4.367926409,14.5974111,17.28519986,20,273.8279601,279.0296896,275.0673946,2.422545063
4/20/22 2:13,0.909305553,3.08931194,3.971069203,3.115815539,12.71563268,11.65473223,20,276.1758408,274.0636414,279.2931324,2.425603572
4/20/22 2:18,0.901241779,3.604315975,3.425258551,2,13.11603347,14.86790926,16.46093757,265.2668437,277.9258804,280,2.426552242
4/20/22 1:26,0.936350342,2,2.410948453,6.797760811,17.51318122,12.51438681,19.57085526,267.7942168,275.6017872,273.4943266,2.429352044
4/20/22 1:51,0.9,5.483157315,3.629765257,2,11.68430357,20,17.10859856,267.644218,278.7906529,272.6046887,2.433592717
4/20/22 1:50,0.903090686,5.714644728,4.810255228,2,14.2667169,16.69487277,17.65760293,277.5526017,278.0211682,278.6370093,2.43958546
4/20/22 1:28,0.985393829,2,8.71163552,4.048586169,14.41223895,18.21979612,20,273.0621132,280,273.3760691,2.443160052
4/20/22 1:04,0.931077467,2,2.201489661,4.209410404,12.9093434,19.95752447,17.07948237,260,270.0455268,280,2.455956203
4/20/22 1:54,0.903583036,2.440502222,2,3.809427376,20,11.35273481,20,270.4393203,280,280,2.456400426
4/20/22 1:34,0.9,4.045552487,5.01141905,4.509752207,16.98723056,9.90697378,19.65052226,272.0822646,275.0269365,275.0057378,2.473016699
4/20/22 1:47,0.906597236,2,4.8622363,2.882435157,20,12.05888603,19.01902957,264.4058001,280,270.6839927,2.481073311
4/20/22 1:46,0.9,4.335006383,3.60999254,2.184115082,20,11.86938217,18.51930703,270.4183169,278.1583125,277.9334987,2.504245759
4/20/22 2:02,0.9,5.205674166,3.952768414,2,11.34479953,13.10072802,18.96658395,276.1117259,278.5536022,273.5810745,2.515326242
4/20/22 1:57,0.925629674,4.609837518,6.638231067,5.206154269,15.04011167,15.8639949,19.47695631,272.6918002,276.7733314,278.416765,2.51731635
4/20/22 1:47,0.906611349,3.906602246,3.891806664,5.099134013,13.80164861,10.42665452,20,264.2212074,280,273.1136477,2.52311461
4/20/22 1:55,0.944132402,3.62873114,4.262944491,4.053808373,13.74362852,17.64356341,15.03085422,271.0871311,276.3523411,269.7492773,2.524659577
4/20/22 2:18,0.9,4.529727025,4.147204029,2,9.211709231,17.51793151,20,268.1818786,279.7068474,279.3551315,2.527133671
4/20/22 1:48,0.9,4.375662141,5.701235584,5.880348822,13.27514207,11.81868524,19.81367805,263.8964225,280,275.6622219,2.53798579
4/20/22 2:09,0.933833978,2.330021204,6.195495485,3.463319981,15.07164425,13.27901762,16.64757061,267.9595227,280,280,2.577070895
4/20/22 1:41,0.933483238,4.582350741,4.15453852,3.672975677,19.02056318,11.86784366,17.12231797,280,280,279.2901509,2.586105134
4/20/22 2:07,0.9,3.33294213,4.219783704,5.722004336,15.48795952,14.33105093,16.80873969,269.4461637,277.4710225,276.3103796,2.612875095
4/20/22 1:44,0.933118868,3.951848914,4.195204031,2,15.91387022,8.029447259,20,260,276.6709502,274.6658444,2.621309813
4/20/22 1:08,0.975948127,5.531677942,2.169662036,5.451771414,10.34277943,20,20,268.9861313,268.0161205,280,2.631423096
4/20/22 1:51,0.955067089,3.30555138,5.687659337,2,13.83464205,10.34329369,19.25131843,272.0056595,276.2623452,271.8446964,2.676734837
4/20/22 1:44,0.904119296,2,8.294226611,3.530332387,17.20414682,16.87200971,20,272.1342256,278.9541975,280,2.677621853
4/20/22 2:19,0.908246955,6.084073296,3.48943493,2.350749798,10.50412509,13.10743229,19.07081117,271.2058274,277.5011538,278.2707088,2.681008768
4/20/22 1:40,0.935580949,5.590857127,5.765840915,4.287792054,11.14523394,13.95587969,16.64061457,266.0897751,275.2290885,273.258765,2.700681468
4/20/22 2:12,0.916177703,5.663604223,5.306122239,2.776737768,9.059284688,17.19769124,20,271.1141883,274.6990871,278.5669338,2.701379191
4/20/22 2:15,0.927822624,2.111387841,2,4.146673092,14.74836237,19.13991773,17.29669187,270.0743175,277.77472,279.4437566,2.705560322
4/20/22 1:58,0.9,4.371909879,5.525286404,2,14.35793415,14.02850288,15.25367722,269.6584476,268.9624591,273.3017622,2.711845594
4/20/22 1:52,0.982144711,5.304837893,4.766581801,2.489884475,10.71669554,12.78130127,19.20982231,271.6588559,277.0808765,273.585003,2.732219699
4/20/22 1:16,0.991864204,4.643553351,2.806067836,7.914316018,20,12.54907591,20,279.0231585,279.3059527,279.4002461,2.73795958
4/20/22 2:01,0.924504321,5.36756082,5.955245174,2.255263266,18.6310551,14.05221168,18.68315062,273.1769125,271.0915108,275.1423897,2.748628377
4/20/22 1:32,0.947076922,2.400561131,2.820914875,4.721112109,11.21618369,10.80555699,20,272.0371058,276.0727253,274.9846915,2.754556066
4/20/22 1:21,0.924214716,3.250946284,3.186294683,7.263320688,10.31536677,13.13860152,17.05069119,264.469927,267.1304175,279.9943525,2.761627371
4/20/22 1:26,0.932006232,2.600186938,2.190519678,9.156486248,18.70018208,14.11604944,19.20455417,274.1907671,272.8889439,279.5131385,2.771368431
4/20/22 2:08,0.906681387,3.364112626,2,5.681276629,15.45960664,18.89510013,19.39391901,274.096412,276.0564922,280,2.78096154
4/20/22 2:00,0.9,6.491610328,6.293068701,4.056213656,10.83991757,14.22043185,18.69133641,274.5322271,277.3107859,277.5474108,2.78999527
4/20/22 1:48,0.9,2.420758217,2.246159448,2,14.53524581,19.04586276,14.06369655,261.6552864,279.4883023,277.2446808,2.827863426
4/20/22 1:24,1.009551931,5.799437664,2,7.33544847,15.92757994,12.81890569,16.45660648,269.4765053,280,279.9124127,2.828461707
4/20/22 1:07,0.913159775,3.111015723,2,9.105040785,15.52085561,17.7032637,20,260,280,280,2.834337061
4/20/22 1:30,0.947786543,7.223030193,2,4.399949267,11.01024165,14.076535,16.2490182,264.4418111,277.9878636,279.9580693,2.837235022
4/20/22 1:43,0.946208966,2,6.576735428,7.216500726,18.5257981,14.98991354,20,268.9857482,273.6387074,276.4353398,2.849804836
4/20/22 1:56,0.925218956,4.746847121,5.102451371,2,10.22798099,13.63032293,15.94323036,272.6817324,269.6547444,275.6833889,2.852853672
4/20/22 1:56,0.9,7.421760738,3.710975244,2,14.4009024,8.673634267,20,269.2842425,274.5034883,278.6656108,2.853011849
4/20/22 1:35,0.908800065,4.748172214,2.436602437,3.416662487,20,14.33645086,20,268.5974407,280,280,2.861058115
4/20/22 1:15,1.009126362,6.198831363,4.961283057,7.270500669,9.722756099,20,20,264.262863,275.6555589,278.5575565,2.868558847
4/20/22 2:03,0.9,4.753088371,7.389976225,4.08127701,15.2018337,11.31173309,17.45643427,275.3921008,275.333519,277.7749893,2.870681822
4/20/22 1:41,0.9,6.160354677,2,2,17.96508235,15.88637861,20,266.7063035,280,278.330933,2.904670022
4/20/22 1:21,0.968252704,5.843499267,2,6.95046723,9.355570698,20,19.00315518,275.5966968,280,280,2.911761245
4/20/22 1:01,0.942407724,4.986552462,2,11.01172999,13.96403562,11.52953028,16.82666143,260,264.4770464,280,2.948703392
4/20/22 1:34,0.951456757,5.22632373,3.522095216,5.364630809,19.10487466,15.31486445,20,270.6844194,280,280,2.970390336
4/20/22 2:01,0.9,5.475829098,6.457989177,2,10.27542812,13.8638032,16.03097389,270.2755452,279.3897514,277.1848033,2.992681239
4/20/22 1:38,0.901293621,5.211330907,3.612348352,3.363179756,8.790583117,16.15958153,14.92294761,261.4042462,272.1301698,280,3.004301124
4/20/22 1:35,0.9,4.584224384,2.24148175,2.423220543,16.13771484,5.85078667,20,263.685487,275.7771243,273.3720853,3.00431854
4/20/22 1:33,0.966157635,2,2,6.601273979,11.87347436,13.22892487,14.16000679,270.8877309,274.1352644,280,3.016462847
4/20/22 1:42,0.972805595,5.908260268,4.253472363,5.838775603,16.44247152,7.558106555,20,270.4334021,280,280,3.029260926
4/20/22 1:36,0.9,9.603892929,2.514259662,5.15955344,11.90768554,11.45361228,18.34671322,269.925311,270.3936042,278.8551031,3.050580658
4/20/22 1:03,0.998977201,6.408106259,2.303625664,8.124994363,16.29785656,13.87555698,14.63079425,260,275.599957,280,3.063484778
4/20/22 1:25,0.919151123,2,6.030487728,6.983153937,7.798602217,20,20,260,270.1208841,277.8299111,3.078889235
4/20/22 2:03,0.902238202,3.98501089,5.734112015,4.354069261,16.63703602,19.49868897,17.30570474,273.6656342,275.3606283,274.836122,3.082600215
4/20/22 1:59,0.909576769,2,7.289197118,2,17.97610002,17.52825131,16.63924409,272.7253016,274.8607557,275.8242437,3.086364811
4/20/22 1:24,1.045010963,2,5.677517421,5.099619315,8.818652748,20,16.29765573,271.9148529,278.9689869,276.4094488,3.096485162
4/20/22 1:32,0.9,2,6.753892733,8.836236893,9.646409224,11.97248396,20,260,278.3773901,275.9588308,3.13177191
4/20/22 1:36,0.904008308,2,2,4.495307372,11.54622076,8.786174521,20,268.7460653,273.7728001,280,3.135309719
4/20/22 1:29,0.951548261,3.40534749,2,6.307837147,15.75540846,6.007564946,20,265.7313653,273.0839095,274.7760018,3.136925048
4/20/22 2:06,0.9,5.534900183,2,4.890158863,16.84888306,18.32033234,16.35382224,270.1445102,278.2693492,280,3.157615443
4/20/22 1:20,1.025540558,7.074468203,2.607540467,11.22038811,20,14.56648316,20,273.6578434,280,276.4561896,3.222598449
4/20/22 1:39,0.9,2,2,3.525803395,16.63282077,9.297482074,13.1426738,276.1714489,270.5562197,276.9967194,3.229227658
4/20/22 1:27,0.935358105,5.516570536,4.418164001,2,15.07560589,9.709459148,13.68346336,274.9817564,274.4125242,274.4644578,3.262542779
4/20/22 1:22,1.023628088,8.705647902,7.883739336,3.929887757,15.97803713,18.37801847,18.22921883,276.4270933,272.5895463,276.576464,3.28224557
4/20/22 1:11,0.957455582,2,4.440801433,12,18.85164503,17.52032977,14.64878479,274.3193427,277.7985712,274.5529494,3.28284919
4/20/22 1:06,0.967423372,4.728723211,4.819480872,9.693901223,8.180634684,13.20313053,19.73711159,260.6107965,280,280,3.3023013
4/20/22 1:18,1.02330507,8.0966961,2,7.841898515,17.21670403,16.74845472,13.39568327,268.2995094,276.9215016,280,3.324108055
4/20/22 1:31,1.010953628,5.414766352,2.892375643,8.474295925,17.44481161,17.28286367,20,267.1795531,279.596451,271.5019814,3.337658998
4/20/22 1:07,1.030562091,6.586077126,6.119426138,4.334341766,10.13202452,10.71130809,19.95363092,264.6124591,271.7901316,268.4625194,3.361788072
4/20/22 1:38,0.9,2.56640965,3.527274439,8.109718105,13.95258521,7.295954199,18.24080753,266.8450303,269.4203589,275.6324688,3.367789742
4/20/22 1:09,0.915175857,2,2,9.095885267,20,19.69452224,13.13883269,260,280,280,3.373181722
4/20/22 1:08,0.9,9.042451986,2,4.697985072,7.932483035,20,18.93046061,260,268.0447755,276.5479726,3.384901215
4/20/22 1:10,0.9,2,3.762288559,4.107675417,16.9713169,20,8.016723558,267.3008961,279.5532205,277.719446,3.387284826
4/20/22 1:53,0.928169608,2,4.696324632,3.347316417,19.95272098,17.1406965,16.18070157,271.2438434,274.4189682,274.8993224,3.409065792
4/20/22 1:05,1.083311814,2,4.500206381,5.299404101,20,16.3910786,11.62829575,260,280,275.4620479,3.450467435
4/20/22 1:23,1.040317971,4.755776741,2,9.183166973,20,13.31916561,10.8213556,278.8841055,264.2934184,280,3.555669951
4/20/22 1:12,0.980977956,7.997938088,5.435773515,8.396007935,19.38591973,17.01436615,19.65786365,260,273.944585,264.0066395,3.620415997
4/20/22 1:17,1.030829975,8.601488283,3.750935208,7.424591877,20,15.92485131,20,262.8154805,265.994264,275.3592824,3.684866554
4/20/22 1:30,0.904692178,4.350851374,3.724423746,7.168667812,10.63434665,9.276751138,15.64984243,271.2624036,280,271.6494616,3.688876143
4/20/22 1:13,0.9,2.617106256,2,12,20,20,20,269.6012361,280,277.467725,3.759620039
4/20/22 1:23,0.930148107,6.46360161,2,8.781048633,20,20,17.15259265,272.3905599,280,275.7540095,3.766491476
4/20/22 2:04,0.905847083,2.358289797,4.839390139,4.288705733,6.089762862,20,20,271.7918433,273.3136099,280,3.788397153
4/20/22 1:17,0.924173654,5.735812046,2.850602372,10.49941588,20,20,20,280,279.4273782,273.4395368,3.827002404
4/20/22 1:37,0.900749942,3.715262876,5.858553494,3.748441053,6.803098233,12.65243977,17.72217854,264.4783004,275.2500752,278.9864196,3.845082709
4/20/22 0:58,1.076901714,2,2,4.62605255,7.448366128,17.69757692,11.84314492,261.4099188,280,280,3.887183212
4/20/22 1:20,1.042829324,7.068248329,3.198068299,11.98411177,20,18.22771615,20,276.3118023,268.7402873,280,3.935914544
4/20/22 1:14,1.091378515,6.233139737,7.425650435,9.191501526,11.6842194,16.57364675,10.15562478,271.1630733,265.3200079,272.8849646,3.946848728
4/20/22 1:15,0.948656935,7.964055094,2.411762233,10.58155145,20,20,20,270.3654762,280,280,3.956961402
4/20/22 1:13,0.94747137,2,3.134978709,2.481333061,6.013821243,16.96716485,14.83862004,261.2886614,280,280,4.046926563
4/20/22 1:14,0.9,6.310316995,3.260545754,12,5.551607024,20,18.11893296,262.1695478,273.0422935,280,4.079464356
4/20/22 1:19,0.942352943,7.092145277,2.616051673,2,20,20,19.68219025,260.012248,280,276.2602439,4.195961692
4/20/22 1:11,1.055000195,3.64383472,5.488147574,11.53401291,5.520649166,16.49584861,19.18990552,260,272.9028791,280,4.392244832
4/20/22 1:07,0.944670583,5.280364887,9.648139777,6.999321846,9.409489181,9.933227121,14.82263543,260,277.5585914,280,4.396796148
4/20/22 1:02,1.1,2.420776041,2,3.931348617,7.262524646,16.27906639,8.855956481,267.59495,276.8882563,274.0639449,4.456423525
4/20/22 1:00,0.98534368,2,8.749804683,4.873346496,7.088370721,10.40797405,15.92301123,260,267.7616942,278.7316084,4.507383677
4/20/22 1:09,0.974247726,3.226206471,5.526622739,4.727472166,5,14.22393303,16.27373598,260.5708853,277.3459163,280,4.551114809
4/20/22 1:00,0.9,2.224745083,2,4.711676053,7.161382,17.61093332,6.75297555,260,260,266.2398488,4.570855266
4/20/22 1:18,1.014263429,3.544517455,3.879610883,10.32463331,11.51699556,5,19.08769846,266.284357,274.5269885,279.0631107,4.676655374
4/20/22 0:58,0.963506434,5.562221607,2.872483049,12,14.96651202,7.331071406,10.51276686,275.5239916,273.7023881,274.209131,4.780244046
4/20/22 1:04,0.963545042,5.48653466,9.392456097,2,5,11.26148955,20,260,280,280,4.798111295
4/20/22 1:01,0.9,2,7.446642433,2,5,15.6115398,14.7187875,280,280,274.9144901,4.810143243
4/20/22 1:12,0.9,2,4.695930544,6.790476928,8.951480126,5,20,260,275.9431705,280,4.944936775
4/20/22 1:16,0.994771776,7.173750369,10.14017767,7.961292195,11.92959554,5,15.52884376,268.077374,267.6332409,280,5.143616901
4/20/22 1:00,1.066608442,7.819329521,2,5.749156455,5,9.467024758,20,280,279.2865216,273.4031651,5.295191493
4/20/22 1:02,1.050830795,2,4.980780727,2,10.24099137,5,11.33710994,270.1467503,280,276.5248031,5.531669457
4/20/22 1:05,0.9,2.540592248,7.375617539,2,7.985175723,5.33952863,10.74924414,260,268.8287792,280,5.736744669
4/20/22 1:03,0.993856274,2,2,12,5,5,20,260,263.0399129,280,6.040797351