DateTime,Fsed_oxy,Fsed_oxy.1,Fsed_oxy.2,RMSE
2022-04-21 10:37:12,-32.776776924717,-5.25423474646541,-0.174176955158895,105.595323229611
2022-04-21 10:36:47,-32.7668855067449,-5.36304394897132,-0.14650712578943,105.418008587995
2022-04-21 10:36:22,-32.7275390567314,-5.25531246842221,-0.135958423954001,106.673348938328
2022-04-21 10:35:56,-32.8122881310608,-5.17662581409068,-0.198282190214396,108.064561725843
2022-04-21 10:35:31,-32.7943453741962,-5.30053221277045,-0.205435800514145,107.976701266803
2022-04-21 10:35:06,-32.7945171999574,-5.50761202259985,-0.165057490866552,107.470522655702
2022-04-21 10:34:42,-32.8613988601,-5.09695315504863,-0.260139065567166,108.158734531064
2022-04-21 10:34:17,-32.7610722561975,-5.26180007134788,-0.161542383026756,106.521693936554
2022-04-21 10:33:53,-32.842525192904,-5.33884383394913,-0.237112825386593,109.523063115806
2022-04-21 10:33:27,-32.7971346158984,-5.23014498554502,-0.225420931169626,107.858968708057
2022-04-21 10:33:03,-32.7395176646635,-5.26998704883391,-0.18514237025089,104.04330762138
2022-04-21 10:32:39,-32.8747074304934,-5.22658962547729,-0.251015807092127,106.520854061312
2022-04-21 10:32:15,-32.8082006359544,-5.23230270253963,-0.217762916528638,109.549972433571
2022-04-21 10:31:52,-32.7977377039441,-5.14936216719386,-0.198101990346203,105.326406230251
2022-04-21 10:31:28,-32.9297773165928,-5.28676551341948,-0.310928372588045,105.927614319575
2022-04-21 10:31:04,-32.9002152773058,-5.32578204904117,-0.275040648110249,108.99453206094
2022-04-21 10:30:38,-32.7078849614397,-5.19125255345776,-0.122448570727702,106.314186574414
2022-04-21 10:30:13,-32.7332577897882,-5.10310234568108,-0.149183715990926,108.26447079164
2022-04-21 10:29:48,-32.7383167226272,-5.12273266735709,-0.16425200382724,108.764981766226
2022-04-21 10:29:23,-32.8566788172972,-5.26806887894008,-0.2525571798374,105.705295755517
2022-04-21 10:28:58,-32.7713938207785,-5.22031454781694,-0.164563041106476,107.489889071861
2022-04-21 10:28:33,-32.7457308871294,-4.96618682714827,-0.16812948733104,106.888971972679
2022-04-21 10:28:08,-32.7637168996004,-5.29447783249014,-0.176482487104028,107.67152475551
2022-04-21 10:27:44,-32.7650219095204,-5.07702532030117,-0.190928411079518,105.869550704927
2022-04-21 10:27:18,-32.7241715614936,-5.15235553418152,-0.137647276567929,104.186027445356
2022-04-21 10:26:50,-32.8569631133789,-5.18075728415737,-0.246558222298191,104.03398967131
2022-04-21 10:26:24,-32.8265112584151,-5.33646719654385,-0.194295410860569,108.667103122454
2022-04-21 10:25:59,-32.7845420141073,-5.34379020547496,-0.183933881028082,106.407299164685
2022-04-21 10:25:34,-32.8331556322025,-5.47931689051322,-0.152840722674036,106.084402705792
2022-04-21 10:25:09,-32.8009841831695,-5.37887203109107,-0.179490563498447,105.367598708407
2022-04-21 10:24:43,-32.7406279284916,-5.46259335063915,-0.107198549570665,106.256393614035
2022-04-21 10:24:18,-32.7060131210869,-5.25511968505771,-0.119923106727118,107.906339156608
2022-04-21 10:23:53,-32.7142955950569,-5.29271713024967,-0.108396721181016,108.5466212036
2022-04-21 10:23:27,-32.6951160885124,-5.25244184779352,-0.0962343523537257,106.511807194065
2022-04-21 10:23:03,-32.7718772453262,-5.34451405714798,-0.146871959994947,107.120576226982
2022-04-21 10:22:40,-32.736937430158,-5.24706865599249,-0.117744962254996,105.800007450458
2022-04-21 10:22:17,-32.8333540533393,-5.26297717608282,-0.200434451921286,104.201372625135
2022-04-21 10:21:53,-32.7912515292962,-5.44879549343068,-0.134728027666043,105.323751078842
2022-04-21 10:21:30,-32.8013659050794,-5.53329051249135,-0.175146393299411,107.269749658178
2022-04-21 10:21:06,-32.7704288271355,-5.43702723892343,-0.133118531009995,107.391041100701
2022-04-21 10:20:43,-32.7873020820872,-5.28625425627912,-0.186295300510704,104.938187056322
2022-04-21 10:20:18,-32.7894273945591,-5.1762116706514,-0.172038351063279,104.221840165412
2022-04-21 10:19:53,-32.7899103036866,-5.13052380972133,-0.181801848680333,109.201542727704
2022-04-21 10:19:29,-32.6997364316932,-5.25661094588851,-0.0988386876274383,104.919146613604
2022-04-21 10:19:06,-32.9365448503027,-5.38475327369508,-0.268420034527988,107.408632827757
2022-04-21 10:18:43,-32.7288356338843,-5.24080236321674,-0.150741411520517,106.896357308045
2022-04-21 10:18:19,-32.7465887663258,-5.14733374578957,-0.163376524976311,108.348746744887
2022-04-21 10:17:55,-32.7286276512124,-5.20309591919474,-0.138082301926751,107.873989778946
2022-04-21 10:17:31,-32.7385086462379,-5.27828817742836,-0.137097791249936,107.712107053137
2022-04-21 10:17:08,-32.8196748272819,-5.30851386992976,-0.190027937804938,105.701488131847
2022-04-21 10:16:44,-32.7185557098112,-5.23474042584161,-0.130918384956257,107.583720486579
2022-04-21 10:16:21,-32.7521146060937,-5.24670766534934,-0.1731674229903,108.474283985737
2022-04-21 10:15:57,-32.7365004054325,-5.22803632860106,-0.156208854237359,108.453684369616
2022-04-21 10:15:34,-32.7887474918418,-5.09444567956636,-0.192752268434603,106.636116483282
2022-04-21 10:15:11,-32.7415583625347,-5.13072850608465,-0.163748188484661,105.574284099305
2022-04-21 10:14:47,-32.703764457948,-5.26524359561166,-0.121630995164416,105.506290404675
2022-04-21 10:14:24,-32.7722779429284,-5.3865576966563,-0.184249647935378,106.927949570184
2022-04-21 10:14:01,-32.7711774863284,-5.08917007953005,-0.196677938293664,107.485520705643
2022-04-21 10:13:38,-32.7981715011375,-5.13068244299811,-0.217047485700927,107.432432088821
2022-04-21 10:13:15,-32.7684000459874,-5.22919025666613,-0.185622841872103,105.638804538904
2022-04-21 10:12:51,-32.6246569868799,-4.99822077416678,-0.0998498482901979,108.187627637708
2022-04-21 10:12:28,-32.8181293771109,-4.96604379438885,-0.242918133613575,104.761711052934
2022-04-21 10:12:05,-32.7581207151008,-5.18469510270646,-0.18957100139485,107.683089199633
2022-04-21 10:11:42,-32.7268264024918,-5.27052691619669,-0.141448541735482,104.063061782627
2022-04-21 10:11:18,-32.8195403610744,-5.40127036580761,-0.218576038948491,108.798280734134
2022-04-21 10:10:55,-32.7620819728337,-5.25386220138188,-0.1865970007449,105.363912456173
2022-04-21 10:10:32,-32.7825568156587,-5.2260332055869,-0.198505307668146,103.989041457712
2022-04-21 10:10:09,-32.7090617374125,-5.21971525736558,-0.12910952615286,106.703562879601
2022-04-21 10:09:45,-32.7547028846955,-5.14008763345232,-0.186411833149311,108.340702554275
2022-04-21 10:09:22,-32.7718370043894,-5.24809928664143,-0.184345958845601,105.169176160567
2022-04-21 10:08:59,-32.8378941876057,-5.3183646522764,-0.188918956742267,106.902041263184
2022-04-21 10:08:36,-32.7890479968079,-5.21426061376441,-0.211098322849423,106.980242424934
2022-04-21 10:08:13,-32.763037292429,-5.23825127805411,-0.176537240496515,108.886708610823
2022-04-21 10:07:50,-32.6961720654208,-5.19749537950485,-0.137611017037429,107.40946299279
2022-04-21 10:07:27,-32.7643512081106,-5.20375449313104,-0.181529858453995,102.808041914232
2022-04-21 10:07:04,-32.6146931264273,-5.04725403755304,-0.0730768440548033,107.837344757421
2022-04-21 10:06:41,-32.721656883794,-5.18291789305616,-0.155040386659859,106.074804283757
2022-04-21 10:06:17,-32.7105524032451,-5.16950555944864,-0.146759771724916,105.102814729098
2022-04-21 10:05:54,-32.7301861697337,-5.32943795079044,-0.156148292778049,107.663014590761
2022-04-21 10:05:31,-32.6514596164949,-4.84409092176242,-0.121985885633073,106.72465888061
2022-04-21 10:05:08,-32.6939588945301,-5.28207890339807,-0.131117279960677,105.675121595676
2022-04-21 10:04:45,-32.7433388054383,-5.36818077453376,-0.125958109208145,107.42419040998
2022-04-21 10:04:21,-32.6873240508509,-5.14095165716279,-0.142397688373791,107.360402325789
2022-04-21 10:03:58,-32.6007479719917,-4.87155885679923,-0.0904800612767218,106.016715049737
2022-04-21 10:03:34,-32.7866276297286,-5.53520143149334,-0.182461394333185,107.107231799831
2022-04-21 10:03:10,-32.6446234473736,-5.32152901571225,-0.102705925893162,107.463455810269
2022-04-21 10:02:46,-32.7249697098109,-5.3644773074609,-0.135742999227158,109.499632573363
2022-04-21 10:02:23,-32.6092807684102,-5.12803338067366,-0.069895608623888,104.93802495085
2022-04-21 10:01:57,-32.7132468530842,-4.9337433673846,-0.194217120829752,109.142996243939
2022-04-21 10:01:33,-32.6838222347043,-5.02804234888478,-0.131080925199367,109.452743628352
2022-04-21 10:01:08,-32.6250265576119,-5.28565383571974,-0.0806034996225335,108.524361370127
2022-04-21 10:00:44,-32.7786022265264,-5.47443535512102,-0.163217518036809,107.903981625176
2022-04-21 10:00:19,-32.7449995486136,-5.24899175435333,-0.17278663518864,104.325823877007
2022-04-21 09:59:53,-32.6957173125556,-5.35110846521049,-0.107244722462585,107.88035114706
2022-04-21 09:59:28,-32.6945061199581,-4.91995495102672,-0.165721805104457,107.222331096954
2022-04-21 09:59:05,-32.5884055101757,-5.11619695964688,-0.0434893224755548,107.491251370525
2022-04-21 09:58:42,-32.6625773804544,-5.20106410784013,-0.112396847425067,107.923709870876
2022-04-21 09:58:18,-32.6821910613117,-5.30297350463808,-0.0887905838222771,105.5638369206
2022-04-21 09:57:55,-32.7218635754229,-5.36179207080484,-0.152094260586626,104.405613707364
2022-04-21 09:57:32,-32.7280315668761,-5.16398708709065,-0.152638005532843,104.281999033755
2022-04-21 09:57:09,-32.6944063755667,-5.28864763658375,-0.107311216722344,108.599057637798
2022-04-21 09:56:46,-32.740027248455,-4.98490076645727,-0.177512501544133,106.844100189688
2022-04-21 09:56:22,-32.6609635801776,-5.1921344748833,-0.0915246386693163,103.91661950735
2022-04-21 09:55:59,-32.6422949610142,-4.89711820072249,-0.113892519456744,108.673378761669
2022-04-21 09:55:36,-32.6202580810663,-5.13005903684475,-0.0507800826147964,108.568866508359
2022-04-21 09:55:13,-32.7025231032725,-5.18854862383661,-0.140612227008994,104.571809645975
2022-04-21 09:54:50,-32.6828023552318,-5.05219938634429,-0.114981501173915,107.02536777636
2022-04-21 09:54:27,-32.7270430029197,-5.16464888825627,-0.119673752030298,108.204173707351
2022-04-21 09:54:03,-32.7141934930782,-5.09630457576351,-0.148354141736224,106.70505637431
2022-04-21 09:53:40,-32.7157496283428,-4.9841400965016,-0.152587860540304,107.382056785648
2022-04-21 09:53:17,-32.6434483621123,-5.01801881428054,-0.12019901569165,107.877868087781
2022-04-21 09:52:54,-32.6999674718432,-4.93758279891013,-0.160523015535041,107.499337662041
2022-04-21 09:52:30,-32.6774633451826,-5.02440367727706,-0.139300173100395,106.057018045046
2022-04-21 09:52:07,-32.6938959766527,-5.07452949145409,-0.132243908403428,107.739218036369
2022-04-21 09:51:44,-32.667158664864,-4.99293781872358,-0.113605168023096,106.802098564188
2022-04-21 09:51:21,-32.6248451361911,-5.04853444537672,-0.0990672612940706,107.696927950468
2022-04-21 09:50:58,-32.6442062655964,-5.04292194536413,-0.0890668211699044,106.044784691683
2022-04-21 09:50:35,-32.6505434447623,-5.03512792598134,-0.10469704407117,105.996849750844
2022-04-21 09:50:12,-32.7027973180942,-4.9804230483122,-0.142037154916565,105.973252339106
2022-04-21 09:49:48,-32.6582005197396,-5.06954026566044,-0.110984401893194,106.30929757792
2022-04-21 09:49:25,-32.6812295921928,-5.05475873855592,-0.0963447581394057,107.473531686478
2022-04-21 09:49:02,-32.6319486283322,-4.87954382628785,-0.106333341849556,106.017969858468
2022-04-21 09:48:39,-32.6382839614275,-5.04044293058593,-0.0968979530981429,104.495314195149
2022-04-21 09:48:15,-32.6709404904121,-5.0825079828848,-0.114170740517988,107.561206131252
2022-04-21 09:47:52,-32.6103334852318,-5.11740380688961,-0.0500831880761936,107.776278118045
2022-04-21 09:47:29,-32.6476169447462,-5.0934619553146,-0.0879306344931976,108.683728934785
2022-04-21 09:47:06,-32.6799953292763,-5.06425276931791,-0.105474130527668,107.766561599801
2022-04-21 09:46:42,-32.6620983824898,-5.17442798134879,-0.113905917248594,108.807360050831
2022-04-21 09:46:19,-32.6169834744175,-4.95199663139444,-0.0672690722762006,106.994071013019
2022-04-21 09:45:56,-32.6665997469632,-5.09592076109962,-0.0847605219530436,107.287327079083
2022-04-21 09:45:33,-32.6272488497609,-5.06103081674492,-0.078822648992567,106.708974738802
2022-04-21 09:45:10,-32.6602687860589,-5.09676537759863,-0.09412406367111,106.95227549395
2022-04-21 09:44:46,-32.6201991028871,-5.14842421361036,-0.0505010268200863,106.653465235188
2022-04-21 09:44:23,-32.6679177327209,-5.17607563090295,-0.114386034687357,104.304730160644
2022-04-21 09:43:59,-32.6583277734524,-5.09506770345094,-0.104360062229919,107.225634465239
2022-04-21 09:43:36,-32.6155714393187,-4.99697115819195,-0.0670153630377612,103.096702012117
2022-04-21 09:43:12,-32.6823889566456,-5.03259112675747,-0.131987397983099,106.203057137328
2022-04-21 09:42:49,-32.5823802954552,-5.1173477901377,-0.042929386200516,103.42320091365
2022-04-21 09:42:26,-32.5941328377184,-5.12914919597188,-0.0852060490510524,106.650364804739
2022-04-21 09:42:03,-32.6400210198759,-4.93432325014906,-0.124810956719344,107.380016064405
2022-04-21 09:41:39,-32.678008755034,-5.07141865740638,-0.117534494001568,106.590245344154
2022-04-21 09:41:16,-32.6700825526567,-4.90845201055135,-0.157565011162454,105.820545358988
2022-04-21 09:40:53,-32.6847449672776,-4.98798242149734,-0.13292281871033,105.713209976798
2022-04-21 09:40:30,-32.6954768981759,-5.40051260775473,-0.0794923233420022,107.598948863255
2022-04-21 09:40:07,-32.696523706673,-5.1159864063636,-0.10908770386979,106.348495046828
2022-04-21 09:39:44,-32.588419599032,-5.01570830000429,-0.0959435428481648,105.174258446159
2022-04-21 09:39:21,-32.6755453753127,-4.9872125545908,-0.144734087651464,106.099380624512
2022-04-21 09:38:58,-32.6858894496961,-5.2154974052643,-0.113415935277473,107.645714179114
2022-04-21 09:38:34,-32.6034646328192,-4.92051272622636,-0.104560498804037,106.633061627202
2022-04-21 09:38:11,-32.6807922264279,-5.08977526159028,-0.121500286340975,103.203963818885
2022-04-21 09:37:48,-32.6235022249912,-4.96632237390178,-0.0787820796496987,106.880180044756
2022-04-21 09:37:25,-32.5595827824566,-4.84473235476342,-0.0566048136285247,107.856852035031
2022-04-21 09:37:02,-32.6543413660086,-5.01329234419141,-0.120968066827601,106.081313552229
2022-04-21 09:36:39,-32.6830185925904,-4.90674978042077,-0.122833100692812,107.287973242289
2022-04-21 09:36:16,-32.6355267492411,-5.03405262181378,-0.0903748187734337,106.613908809195
2022-04-21 09:35:52,-32.6083868470537,-4.81420645950913,-0.0552491629415961,106.937670611036
2022-04-21 09:35:29,-32.6239911947143,-4.76353016256622,-0.120674899666206,108.510864226887
2022-04-21 09:35:06,-32.6686651372196,-5.20636194116478,-0.0611652549535364,107.066396461585
2022-04-21 09:34:42,-32.649365379786,-4.94815602653537,-0.102457344945091,107.82999035887
2022-04-21 09:34:19,-32.6439170543521,-5.06582525089176,-0.0778272332365155,108.902918199084
2022-04-21 09:33:56,-32.563619979563,-4.79688474601154,-0.104910311866444,107.297185844709
2022-04-21 09:33:33,-32.6352027346497,-5.00164510139148,-0.0635515325062812,107.263566876523
2022-04-21 09:33:10,-32.5914195156852,-4.93156714144659,-0.0813532012316642,106.988644334716
2022-04-21 09:32:47,-32.6489645189445,-4.99102823582613,-0.0868792494784856,108.252990207844
2022-04-21 09:32:24,-32.6235560898923,-4.90548495151298,-0.0955109134116618,104.331702092961
2022-04-21 09:32:00,-32.7232110627998,-4.92857552412939,-0.137215566844354,108.042591711464
2022-04-21 09:31:37,-32.6400438703047,-4.88464589542448,-0.10235523596171,104.769410172995
2022-04-21 09:31:14,-32.5921429365663,-4.8686459750736,-0.0821441534347471,106.829856429561
2022-04-21 09:30:50,-32.6143283906443,-4.7032548283164,-0.134120224230987,107.336794356611
2022-04-21 09:30:27,-32.5776820170742,-4.74978205845866,-0.105200305382525,105.502159063406
2022-04-21 09:30:04,-32.6279854957921,-5.03542001902243,-0.0763259401046952,108.050041040427
2022-04-21 09:29:41,-32.6329820094321,-4.88133025335215,-0.10630554964542,105.234097496115
2022-04-21 09:29:17,-32.7043960490173,-5.07580296832302,-0.0964156441939217,107.78611396609
2022-04-21 09:28:54,-32.6637629599242,-4.74642927615661,-0.170723669548167,107.870954567038
2022-04-21 09:28:31,-32.7216812250459,-4.88871378225729,-0.15311444188805,107.098774280948
2022-04-21 09:28:07,-32.6270290548724,-4.96024300696008,-0.101768308609184,105.046840585545
2022-04-21 09:27:44,-32.6683011131799,-4.93668071921188,-0.133204363910401,106.16498059917
2022-04-21 09:27:20,-32.630248035059,-4.99832832147712,-0.132523654649496,108.166470146975
2022-04-21 09:26:57,-32.6572024828737,-5.26153702373031,-0.0886441180783315,107.559195129927
2022-04-21 09:26:33,-32.6197032759857,-4.80276155676594,-0.133494210899002,107.224242777904
2022-04-21 09:26:09,-32.7695607841953,-5.33186263692859,-0.130105464502755,108.688359290143
2022-04-21 09:25:46,-32.6265416854995,-5.42907986731434,-0.0514240924281637,106.841923966638
2022-04-21 09:25:23,-32.6952360627835,-4.90447730433777,-0.122309127372969,106.647202373095
2022-04-21 09:24:59,-32.7041337776611,-5.06694085169456,-0.144684359522241,108.191178783903
2022-04-21 09:24:36,-32.6326545907734,-4.85420340523689,-0.135620092136808,106.9155838762
2022-04-21 09:24:13,-32.6941701238617,-4.96657491106066,-0.100614497346552,105.981821286051
2022-04-21 09:23:50,-32.7285805081303,-5.28250209971239,-0.108501481646808,105.461363250345
2022-04-21 09:23:27,-32.5722287935455,-4.87614457255616,-0.0774110016096685,107.364465869052
2022-04-21 09:23:03,-32.6542003891125,-5.01752901073708,-0.120087603591134,102.909129675455
2022-04-21 09:22:40,-32.7067852088538,-5.06357555551267,-0.0826685061625057,109.284481586925
2022-04-21 09:22:17,-32.5816524593962,-5.04604910807903,-0.0625013275080306,106.08227108769
2022-04-21 09:21:54,-32.6532823617663,-5.3312377739795,-0.0480080412599122,107.328526448498
2022-04-21 09:21:30,-32.7121230867912,-5.22063420227435,-0.087629511383966,108.207723798259
2022-04-21 09:21:07,-32.6771245126762,-5.12844974543527,-0.10712835066882,108.500553858102
2022-04-21 09:20:44,-32.6241007298952,-4.84477096427217,-0.127523593135912,107.449610713744
2022-04-21 09:20:21,-32.7429488626555,-4.88428514180301,-0.185812071239194,107.799169244239
2022-04-21 09:19:58,-32.6082982913845,-4.84215135178101,-0.105219775405427,104.85522712229
2022-04-21 09:19:34,-32.6807191429473,-5.37314369588338,-0.0533087363207194,106.868324737522
2022-04-21 09:19:11,-32.7175458060129,-4.80715579550374,-0.146063288492503,106.880575814111
2022-04-21 09:18:48,-32.723753883649,-4.97209097572297,-0.19269371881451,104.549885416209
2022-04-21 09:18:25,-32.6885029244825,-4.54926613680468,-0.18629030523433,107.945097374646
2022-04-21 09:18:02,-32.7390265164917,-4.80916360498998,-0.216666416165484,107.896491083332
2022-04-21 09:17:38,-32.6996552347179,-4.79331105168077,-0.141043002778776,107.233572665747
2022-04-21 09:17:15,-32.5469908529022,-4.69695147777723,-0.105847759880206,107.590802445635
2022-04-21 09:16:52,-32.7159462581442,-4.96679221081734,-0.183450801666645,108.236641835446
2022-04-21 09:16:28,-32.7044409342272,-5.08335068382079,-0.0795665100787026,103.855051583711
2022-04-21 09:16:05,-32.7677403014947,-4.68166188165989,-0.179175261214606,107.425924991033
2022-04-21 09:15:42,-32.6762602382994,-5.17369441774783,-0.116569582263956,107.325996171064
2022-04-21 09:15:19,-32.7787680101259,-4.5807473539246,-0.188527421201563,107.306197393719
2022-04-21 09:14:55,-32.6359390934561,-5.10770968025159,-0.109248233314375,105.125666797761
2022-04-21 09:14:32,-32.7000875924275,-4.89995720198588,-0.118664629027435,108.27743001547
2022-04-21 09:14:08,-32.7095288073996,-4.58779238112078,-0.194224895031844,105.077128884461
2022-04-21 09:13:45,-32.7564858834854,-4.74323072965249,-0.177143523459918,106.740005355539
2022-04-21 09:13:22,-32.7215817568273,-4.80155315028487,-0.128892988329032,106.241476588902
2022-04-21 09:12:58,-32.689783216171,-4.70602535138773,-0.162094276499065,103.995305528948
2022-04-21 09:12:34,-32.7847275433991,-4.84520709425799,-0.153192439258508,109.014019489508
2022-04-21 09:12:10,-32.7094731421967,-4.89490923332215,-0.143088685912613,104.969160342
2022-04-21 09:11:46,-32.8058107720099,-5.28586082739008,-0.149215396568518,109.098868633418
2022-04-21 09:11:20,-32.8137155883373,-4.98535962714978,-0.147750806568016,105.935628919485
2022-04-21 09:10:54,-32.6665921593369,-4.93390524943614,-0.114122564603651,109.034252925629
2022-04-21 09:10:27,-32.7286056863788,-4.65452158803645,-0.135291237058457,108.572983317929
2022-04-21 09:10:01,-32.6970320655789,-4.79383685328957,-0.147858911390127,105.196583299966
2022-04-21 09:09:35,-32.6876507107631,-5.26301637503168,-0.0969247282392161,108.291466297346
2022-04-21 09:09:09,-32.7150266932662,-4.8698511475566,-0.123669791917763,109.112389602567
2022-04-21 09:08:44,-32.676266105192,-5.33760894693516,-0.0915510054707234,107.438297616586
2022-04-21 09:08:18,-32.7223720150669,-4.9457674697188,-0.117118500195325,107.078353392676
2022-04-21 09:07:52,-32.6904626177531,-5.06984519263416,-0.108046866889733,107.587604675792
2022-04-21 09:07:27,-32.626464266569,-5.41264589255931,-0.0680727537486803,105.673426058848
2022-04-21 09:07:02,-32.7404019359736,-5.1537135037694,-0.141635991243941,106.560648471863
2022-04-21 09:06:36,-32.7585430326612,-4.93304184491858,-0.152578135064392,103.267740435077
2022-04-21 09:06:10,-32.7382937316966,-4.99530323693924,-0.133026768167731,104.045704310683
2022-04-21 09:05:44,-32.7903093331937,-5.10528806684031,-0.128775620788833,108.616628992574
2022-04-21 09:05:18,-32.8977728906174,-5.0170459171656,-0.196765937070801,106.139517046514
2022-04-21 09:04:52,-32.6677667023705,-4.9081727261379,-0.131516335031179,106.031611694429
2022-04-21 09:04:27,-32.7887131573813,-5.12301953244184,-0.162628782950542,107.025084010841
2022-04-21 09:04:02,-32.66204163224,-5.42891690574703,-0.0906200136682571,107.023947020312
2022-04-21 09:03:35,-32.7430978746381,-5.33452492986194,-0.11789367534346,108.914619249592
2022-04-21 09:03:10,-32.7815836617985,-5.15932667719645,-0.152048966209584,107.975460843201
2022-04-21 09:02:44,-32.7773142872169,-5.05510458730917,-0.16311451157971,104.701413897272
2022-04-21 09:02:20,-32.6945038898284,-4.98145465491914,-0.134202727141549,103.648608247759
2022-04-21 09:01:56,-32.839404931941,-5.24788526486044,-0.14060954101042,105.318012238148
2022-04-21 09:01:32,-32.6723209924488,-5.25282351120837,-0.0560184831831201,104.368013530457
2022-04-21 09:01:08,-32.8226025015867,-5.32044576880707,-0.152040711844407,107.779952852082
2022-04-21 09:00:43,-32.780532532991,-5.17253004665368,-0.171750042019074,103.743765176687
2022-04-21 09:00:17,-32.7114552878186,-5.08421909765115,-0.132383006347215,106.927387071786
2022-04-21 08:59:52,-32.8136856102522,-5.00856924084921,-0.197378930058395,106.870283807255
2022-04-21 08:59:28,-32.67431684748,-5.22462487004474,-0.104079314687453,107.047788121834
2022-04-21 08:59:03,-32.6818624524407,-5.26838024254158,-0.12000411856431,107.467477208338
2022-04-21 08:58:38,-32.7332257930982,-5.2622888644072,-0.106395931485768,107.395064256849
2022-04-21 08:58:13,-32.7380908210865,-5.36908507838868,-0.0943247932583056,107.145726272469
2022-04-21 08:57:49,-32.8218639176385,-5.26971780473647,-0.178514959050386,107.670716781357
2022-04-21 08:57:24,-32.7786199183798,-4.90672394295862,-0.134914891838189,107.517013620423
2022-04-21 08:57:00,-32.7227441245884,-5.00815677915758,-0.155444716095808,107.210415393249
2022-04-21 08:56:35,-32.6840532332585,-5.38807769067409,-0.0974718621419477,105.320768510657
2022-04-21 08:56:09,-32.7344792730904,-5.17017778929278,-0.139482449100232,103.400862211354
2022-04-21 08:55:43,-32.8296761798563,-5.1047883722298,-0.189460111524539,107.276547913848
2022-04-21 08:55:17,-32.6705312640911,-5.37112105536582,-0.144645697198875,106.655320301551
2022-04-21 08:54:51,-32.7344701895571,-5.16193615726182,-0.126281550728638,103.124983154719
2022-04-21 08:54:25,-32.7840944810679,-5.56890100479433,-0.115701740553863,107.082128243429
2022-04-21 08:54:01,-32.7426749935036,-5.5220690832055,-0.116783921629423,107.338890252751
2022-04-21 08:53:36,-32.7884099815149,-5.25314140145274,-0.13847378789022,103.413030471504
2022-04-21 08:53:11,-32.6199578378441,-5.66240552388513,-0.0794280523121351,108.972352200344
2022-04-21 08:52:47,-32.801096146591,-5.43520474483039,-0.137863586055655,103.324210879136
2022-04-21 08:52:22,-32.786980409201,-5.32298555888516,-0.129512556576529,107.993267626795
2022-04-21 08:51:58,-32.7980183456788,-5.37590953285927,-0.162609812900314,103.707155343489
2022-04-21 08:51:34,-32.6635023704824,-5.47528037977075,-0.0927243579557206,106.208789396307
2022-04-21 08:51:11,-32.8008906721617,-5.39810117496905,-0.224317376664501,106.360794409174
2022-04-21 08:50:47,-32.744080745339,-5.55862570608913,-0.156268804642572,108.975846953067
2022-04-21 08:50:24,-32.7301904007754,-5.35908285938659,-0.156327795154233,106.440178134158
2022-04-21 08:50:00,-32.7881610571063,-5.05883579734777,-0.155802681580656,106.310399641796
2022-04-21 08:49:36,-32.8314014497627,-5.41950488500837,-0.196316443716885,103.707210530487
2022-04-21 08:49:11,-32.6945576176718,-5.23172448849213,-0.137470112618772,107.157932488034
2022-04-21 08:48:46,-32.621622741508,-5.34483262306114,-0.0800530663393033,105.159662364043
2022-04-21 08:48:22,-32.8506150608409,-5.03082564799799,-0.142581532301104,108.357934499119
2022-04-21 08:47:56,-32.8053783792786,-5.3839528579861,-0.16382213613144,107.64022627919
2022-04-21 08:47:31,-32.8418230919519,-5.12510635591139,-0.244235825268362,106.441010451713
2022-04-21 08:47:05,-32.9329559973973,-4.71374481194501,-0.280401230679743,107.502328462126
2022-04-21 08:46:40,-32.8106618731011,-5.07879566857677,-0.193566062252998,107.256511953131
2022-04-21 08:46:15,-32.8060158219275,-5.16301352069539,-0.227640314700075,105.904663494277
2022-04-21 08:45:51,-32.8689430921118,-5.32236324761433,-0.183781986508336,105.799849111751
2022-04-21 08:45:25,-32.7508614659602,-5.01386447571474,-0.249788437712446,104.195201110351
2022-04-21 08:45:01,-32.8613651718839,-5.24407285136316,-0.159304592573182,103.585279454522
2022-04-21 08:44:38,-32.9094014697089,-4.97782877754809,-0.248769427384381,105.973837940014
2022-04-21 08:44:14,-32.8040502415753,-5.33128952492476,-0.144626236731337,106.363545095141
2022-04-21 08:43:51,-32.7851793835413,-5.4665057791407,-0.115003544864873,107.717572782594
2022-04-21 08:43:25,-32.7915924258711,-5.14631870917946,-0.164733464232835,104.225824648502
2022-04-21 08:42:59,-32.8773620983431,-5.40090857686891,-0.148403104049603,105.997312188243
2022-04-21 08:42:34,-32.6560345620742,-5.3297534341384,-0.170069585975963,105.202057296432
2022-04-21 08:42:09,-32.8786502467754,-5.2093303810746,-0.139460269073389,107.082107304515
2022-04-21 08:41:44,-32.8502525489234,-5.06042155560991,-0.195882132129231,104.616162650021
2022-04-21 08:41:20,-32.9671113746171,-5.19556242033696,-0.18823991202418,105.700023784956
2022-04-21 08:40:55,-32.9382275276373,-5.20345669353011,-0.186696822331079,106.419953473696
2022-04-21 08:40:30,-32.8322731233011,-5.20943910911315,-0.127690565555788,107.713460236996
2022-04-21 08:40:05,-32.8247836242007,-5.00837276503474,-0.178512014625028,103.313652609613
2022-04-21 08:39:41,-32.7473370794725,-5.28405224791963,-0.096536948331309,105.869900150895
2022-04-21 08:39:17,-32.7862335659573,-5.25592804045507,-0.218657222163834,106.880925979644
2022-04-21 08:38:52,-32.9634750296579,-5.29115208797498,-0.203436488317017,106.443605886452
2022-04-21 08:38:28,-32.7888763104645,-5.42756461571202,-0.145487346928796,107.864147914609
2022-04-21 08:38:03,-32.680255251132,-4.92450886123849,-0.234532242078735,105.918899553799
2022-04-21 08:37:38,-32.7589326520645,-5.45554310622104,-0.115556189596916,108.859826579875
2022-04-21 08:37:13,-33.1297021298313,-5.14636239390631,-0.327077348065497,106.824284917434
2022-04-21 08:36:48,-33.0782036277432,-5.21231309307178,-0.28614463183597,104.138806493596
2022-04-21 08:36:23,-32.7844105377797,-5.29263753886305,-0.143331567213732,103.70312011448
2022-04-21 08:35:58,-32.6012451915947,-5.65677191995322,-0.0277686793908138,104.589772767856
2022-04-21 08:35:34,-32.7547561487607,-5.33102518378227,-0.186791974145596,103.198064426453
2022-04-21 08:35:09,-32.6186587127673,-5.62149794826801,-0.0583249361784866,106.240563608731
2022-04-21 08:34:45,-32.804421748014,-5.78043148119188,-0.0976721023907601,107.402270060894
2022-04-21 08:34:21,-32.8127894804328,-5.43814619428857,-0.0893747664110478,105.464155271441
2022-04-21 08:33:55,-32.5785449470656,-5.60172424013665,-0.0100000000000016,107.572143173228
2022-04-21 08:33:31,-32.513582117273,-5.40864246254413,-0.0100000000000016,107.62993568319
2022-04-21 08:33:06,-32.6854172567139,-5.43271279844183,-0.0969894592293272,104.578481098643
2022-04-21 08:32:40,-32.7021307717201,-5.72713449166144,-0.0339179239700336,106.044654657859
2022-04-21 08:32:16,-32.6374795675152,-5.77170409931234,-0.0176878217386758,108.110380996128
2022-04-21 08:31:51,-32.8336978874333,-5.68896922950809,-0.173352350436588,107.280040264578
2022-04-21 08:31:25,-32.8628622027608,-5.58920914090364,-0.171767786760459,107.160460286206
2022-04-21 08:31:00,-32.7812742997921,-5.89377714755982,-0.133413860536066,107.713393014181
2022-04-21 08:30:34,-32.4605603964417,-5.24679878928339,-0.0641739571763225,103.999769863393
2022-04-21 08:30:09,-32.700200132544,-5.47351470477121,-0.076449514636284,103.949428273848
2022-04-21 08:29:43,-32.8487099300322,-5.53257373919163,-0.201036108526779,107.302702129424
2022-04-21 08:29:18,-32.6462532980836,-5.93347162270332,-0.127824580376974,106.404436214372
2022-04-21 08:28:52,-32.7116781412006,-5.22875455501032,-0.124360797961661,107.156070633713
2022-04-21 08:28:26,-32.739769016532,-5.46526188695598,-0.131064650966422,104.33306915132
2022-04-21 08:28:00,-32.5684284139918,-5.60063487810492,-0.0100000000000016,105.299723395154
2022-04-21 08:27:34,-32.6508305482832,-5.24929321136285,-0.148809140478711,108.414983716718
2022-04-21 08:27:07,-32.6883690039691,-5.21330636103332,-0.145093191972926,106.413048016977
2022-04-21 08:26:41,-32.7725566971959,-5.09042537689692,-0.162147715792791,103.755996083251
2022-04-21 08:26:16,-32.5511836203242,-5.46736582741643,-0.174341733341105,106.661625974732
2022-04-21 08:25:50,-32.5053440704307,-5.41979771900545,-0.152137859524967,107.445599737334
2022-04-21 08:25:25,-32.7186540455638,-5.46101074655726,-0.209533720517793,108.848568778079
2022-04-21 08:25:00,-32.7811343816943,-5.55420106480188,-0.165406303213135,105.724125006232
2022-04-21 08:24:35,-32.7593125498495,-5.96680923639764,-0.172503090155139,105.245918900324
2022-04-21 08:24:10,-32.9065962109585,-5.47561050944353,-0.192093947126473,106.802333392702
2022-04-21 08:23:46,-32.7296569481223,-5.54805469981361,-0.105736644456957,106.311522049389
2022-04-21 08:23:22,-32.8185516876382,-5.42321912567945,-0.160588649643053,107.760826325952
2022-04-21 08:22:57,-32.8200785068499,-5.52640639598371,-0.173862820485692,107.665875789019
2022-04-21 08:22:32,-32.7781170122328,-5.5258334091213,-0.172949110940952,103.303259106811
2022-04-21 08:22:07,-32.5920674615948,-5.44778763625605,-0.158765361439986,106.050614522087
2022-04-21 08:21:42,-32.8898573195646,-5.56814156687813,-0.17111347592591,108.698002742022
2022-04-21 08:21:17,-32.69548678998,-5.69718595609042,-0.19691705018554,107.360615229538
2022-04-21 08:20:51,-32.6737440179865,-5.54279084914533,-0.15604852619218,109.167344209291
2022-04-21 08:20:26,-32.7595851686212,-5.58674710643088,-0.142513015632929,105.00884446769
2022-04-21 08:20:00,-32.6946591319328,-5.81065878580164,-0.115979275033375,107.37942520504
2022-04-21 08:19:35,-32.8583920107619,-5.45051971980686,-0.13938132288521,107.521931415489
2022-04-21 08:19:10,-32.6219711363175,-5.89707903086149,-0.0625976664422332,107.598246684843
2022-04-21 08:18:45,-32.8450720393665,-5.7070044259637,-0.140145120720817,106.478846347887
2022-04-21 08:18:17,-32.8242298168689,-5.54044581798738,-0.228511965658853,103.831401090212
2022-04-21 08:17:50,-32.887225944569,-5.78813550255253,-0.145898306106577,106.638894513009
2022-04-21 08:17:25,-32.8084543309414,-5.84494859876241,-0.154192189935937,108.979008423507
2022-04-21 08:17:00,-32.7538050217585,-5.64873867152892,-0.18455574780678,105.677062894975
2022-04-21 08:16:35,-32.8800075326255,-5.83189878641655,-0.179699126481172,106.480230812077
2022-04-21 08:16:09,-32.7919738671154,-5.97150857055914,-0.159913064707549,108.360148118915
2022-04-21 08:15:45,-32.843789861702,-5.80648109060968,-0.189861277314474,108.156894362591
2022-04-21 08:15:19,-32.8578090115637,-5.7826089389313,-0.151642424506559,106.915898386362
2022-04-21 08:14:54,-32.6006752794081,-5.90514863411491,-0.173666105123313,108.177486417629
2022-04-21 08:14:29,-32.8725160114121,-5.82555335106159,-0.172160436609381,108.059051286689
2022-04-21 08:14:04,-32.7293916158938,-5.84067158990474,-0.101947456459328,105.288375541025
2022-04-21 08:13:38,-32.4995853761068,-5.87885782245995,-0.0654866123905151,107.0974762854
2022-04-21 08:13:13,-32.7682411935047,-6.0865559416852,-0.147269279160021,107.692938294227
2022-04-21 08:12:48,-32.4016907436507,-5.81999014788323,-0.0417929259252929,107.471733392596
2022-04-21 08:12:21,-32.8841844398312,-5.76275931502467,-0.216275851834151,106.197102169996
2022-04-21 08:11:56,-32.7801122178773,-5.8443708445832,-0.153516492962122,108.279970582359
2022-04-21 08:11:33,-32.8425095282149,-5.71890875533879,-0.21241270091295,109.146138583275
2022-04-21 08:11:08,-32.5461367130432,-5.81346794836815,-0.0980638139943792,104.201354885642
2022-04-21 08:10:43,-32.8868669554853,-5.87435483639542,-0.224396627900031,104.779028853809
2022-04-21 08:10:17,-32.8594416455877,-5.7968208009067,-0.258509582155749,105.277759256322
2022-04-21 08:09:53,-32.666513961633,-5.89051181727321,-0.139049135531454,107.901335746171
2022-04-21 08:09:30,-32.8653798621002,-5.62626369479171,-0.211340857274557,108.154782836556
2022-04-21 08:09:06,-32.9118926607707,-5.74843707669745,-0.156402002937103,107.473644895275
2022-04-21 08:08:41,-32.7275224172933,-5.84474224945976,-0.136304881834455,105.924739988084
2022-04-21 08:08:15,-32.9004356090642,-5.69867570461188,-0.272102442037522,107.292503866262
2022-04-21 08:07:51,-32.8736346732238,-6.06271898359886,-0.125935587510277,108.290484197408
2022-04-21 08:07:27,-32.9478539780727,-5.8065111179113,-0.22562426549657,106.359331798456
2022-04-21 08:07:03,-32.8084252781641,-5.84287483600995,-0.212056647754313,104.678319411834
2022-04-21 08:06:39,-32.5708111683648,-5.99083310404963,-0.150078846010686,107.753258022823
2022-04-21 08:06:15,-32.6146285435779,-6.11026382990109,-0.0348602668732774,109.188738091348
2022-04-21 08:05:51,-32.5447314676124,-5.75767898281246,-0.113988747315076,106.692500118927
2022-04-21 08:05:27,-32.8101452913094,-5.81300205989103,-0.214953021499575,105.22464503488
2022-04-21 08:05:03,-32.8193296467692,-5.81406523685637,-0.151181090596126,108.451504972362
2022-04-21 08:04:39,-32.9910289212934,-5.74159910929973,-0.298081616139132,107.856408595452
2022-04-21 08:04:15,-32.7847072774835,-5.99443524599918,-0.0464466041848617,106.245825307784
2022-04-21 08:03:51,-32.8934324619437,-5.83254881919338,-0.292891589081208,107.879883438466
2022-04-21 08:03:26,-33.1557156612495,-5.96595179233741,-0.236262661762158,107.000829794332
2022-04-21 08:03:01,-33.0079649364945,-5.95023626190044,-0.325484404272473,109.66180880177
2022-04-21 08:02:35,-32.8734379297436,-5.93354258912121,-0.111508474512821,105.575268609917
2022-04-21 08:02:09,-32.8500658770398,-5.92218781562901,-0.127074069771616,105.505481409507
2022-04-21 08:01:43,-32.5742964462113,-5.63847038445511,-0.175656316742884,107.953107888841
2022-04-21 08:01:17,-32.906963294856,-5.8696803334339,-0.245901905571266,106.53010528018
2022-04-21 08:00:51,-32.6350757635869,-5.82895721581301,-0.107042210685123,108.865607081052
2022-04-21 08:00:24,-33.2174087780472,-5.89003701710166,-0.367203396197283,108.099250912591
2022-04-21 07:59:57,-32.8852393893899,-5.93726111364417,-0.178334224220301,105.927658823314
2022-04-21 07:59:31,-32.798382648843,-5.41316414817401,-0.0775301310462702,107.984317453182
2022-04-21 07:59:06,-32.821406870155,-5.51096316597697,-0.251644443397115,107.731659231278
2022-04-21 07:58:41,-32.8515729346526,-5.72969574692056,-0.267906821049731,107.79871327416
2022-04-21 07:58:15,-32.561605797329,-5.88027844558113,-0.124226067577101,107.612852805101
2022-04-21 07:57:49,-32.8833892131109,-5.82312192611559,-0.304360391743977,107.681756021557
2022-04-21 07:57:23,-32.9712484125511,-6.38789621732988,-0.261097656733462,108.744600022931
2022-04-21 07:56:57,-32.7460638309825,-6.24712099430589,-0.197607980691384,105.82570029399
2022-04-21 07:56:31,-33.1472050112079,-5.91435074832449,-0.275130839742875,108.597967104944
2022-04-21 07:56:05,-33.2657451772868,-6.22541890237633,-0.213975179107255,108.027622766989
2022-04-21 07:55:40,-32.9097413831764,-6.25271123920453,-0.229986325742075,107.945031769202
2022-04-21 07:55:13,-33.1466781002366,-6.2614916849535,-0.295365859450104,107.338974240537
2022-04-21 07:54:47,-32.6355200364668,-5.80970676194804,-0.0838080922761968,104.637729552775
2022-04-21 07:54:21,-32.8348716401106,-6.14922669528512,-0.267462082119337,103.6928762327
2022-04-21 07:53:56,-33.0022470698185,-5.63641889361841,-0.246816847964972,106.916766338945
2022-04-21 07:53:31,-33.1397232277309,-6.64980743137907,-0.217191651166321,107.201263230246
2022-04-21 07:53:05,-33.0429403159751,-5.98786275453025,-0.141727597180548,108.551467391894
2022-04-21 07:52:39,-33.049118594104,-5.46086764291117,-0.279625429766057,108.97092093863
2022-04-21 07:52:14,-33.0789870049376,-6.44688470245814,-0.192414342273441,104.872232151686
2022-04-21 07:51:48,-32.8963737873778,-6.20023432756526,-0.26303215614805,108.394257522508
2022-04-21 07:51:22,-32.9100713344612,-6.05712992955402,-0.141216506662939,106.791254256581
2022-04-21 07:50:58,-32.9489223226861,-6.2885528255135,-0.250603976878551,106.200982513399
2022-04-21 07:50:34,-33.1095261575568,-5.48352291631093,-0.281413790952151,106.617360611299
2022-04-21 07:50:09,-33.4090054053634,-5.49632447479403,-0.379900206746566,107.236241102586
2022-04-21 07:49:44,-33.2435818897688,-5.62456606421019,-0.346819783937249,107.250528476424
2022-04-21 07:49:21,-33.5018046507896,-5.81601914879174,-0.585366929545181,107.540294874223
2022-04-21 07:48:55,-33.5570503402825,-5.78383009476963,-0.367072514959737,109.227008273988
2022-04-21 07:48:30,-32.696811329785,-6.23483510194163,-0.177445764788793,105.557702989012
2022-04-21 07:48:05,-33.2209798101726,-5.95689399394373,-0.337771649698347,103.977882123628
2022-04-21 07:47:40,-33.3014432594797,-6.28629240409849,-0.157887390362347,108.090981704857
2022-04-21 07:47:17,-32.5114645098089,-5.91289716882749,-0.176057302792849,109.607096124778
2022-04-21 07:46:53,-32.657889271878,-5.51391803658919,-0.15172973119725,106.554666809957
2022-04-21 07:46:30,-32.3997380745383,-5.40755761429682,-0.11740983423822,105.673670319197
2022-04-21 07:46:07,-33.1029825441982,-5.92358522730002,-0.312713041031007,103.516486979463
2022-04-21 07:45:43,-33.0225049694198,-5.90556204300331,-0.18791842357075,108.202526697788
2022-04-21 07:45:20,-32.6877867656623,-6.42443880919529,-0.165382428636764,105.509279029619
2022-04-21 07:44:56,-32.9287297215194,-6.05480586643876,-0.207714841531093,105.40959151807
2022-04-21 07:44:32,-32.9337943307068,-5.5802971820476,-0.168470448510355,105.6603317863
2022-04-21 07:44:07,-33.0218409694743,-5.46759519168922,-0.24784074688769,107.683037734936
2022-04-21 07:43:41,-33.0406209408528,-5.73684015426619,-0.315844215246283,108.834700997493
2022-04-21 07:43:16,-32.8047532714407,-5.69600092693437,-0.246186607483857,106.721024112018
2022-04-21 07:42:51,-32.7129423777612,-6.36001820772557,-0.0166391772482051,108.150367995174
2022-04-21 07:42:26,-32.50756431287,-6.73236428071422,-0.0417620235427698,106.735028293343
2022-04-21 07:42:00,-33.1199243448974,-5.86762253178457,-0.124634729195204,106.42941343846
2022-04-21 07:41:34,-32.6165207308641,-5.97524125362673,-0.171623110863056,105.876998985082
2022-04-21 07:41:08,-33.1387581757627,-6.67558283576211,-0.0782493773537247,107.15735245644
2022-04-21 07:40:43,-33.0982601403781,-6.41324648171346,-0.117131059573662,108.130342620919
2022-04-21 07:40:17,-32.8552057184262,-6.3856290469007,-0.0100000000000016,108.596395553509
2022-04-21 07:39:51,-32.4819678587928,-6.42265437585988,-0.0396355504653805,105.363857781529
2022-04-21 07:39:25,-32.7094300097729,-6.28659504844839,-0.0546206550635659,107.002276603122
2022-04-21 07:38:59,-32.8866084123722,-6.43781143666727,-0.171505153541897,108.223785119125
2022-04-21 07:38:33,-32.225356626665,-6.11265383305881,-0.0100000000000016,109.583270586986
2022-04-21 07:38:07,-33.218052470825,-6.36592876125962,-0.079191363679076,107.573632746494
2022-04-21 07:37:41,-32.5050563592266,-5.75253313886135,-0.119936786150408,108.038612722177
2022-04-21 07:37:16,-32.883496965601,-6.29239483242578,-0.24391368671202,108.167255554932
2022-04-21 07:36:53,-32.0814043925057,-5.8631846960651,-0.0271325954856216,106.346139901406
2022-04-21 07:36:30,-32.3358705459139,-5.82893210573678,-0.124638547522487,107.433041204183
2022-04-21 07:36:07,-32.3903847809161,-6.12772977625401,-0.0100000000000016,105.871648955515
2022-04-21 07:35:44,-32.3016836337111,-5.91899556675155,-0.0100000000000016,108.047488619958
2022-04-21 07:35:20,-32.8401414050974,-6.21543456619773,-0.151849237202466,104.892740140488
2022-04-21 07:34:57,-32.1820602255601,-6.44348357667545,-0.0100000000000016,105.871552936816
2022-04-21 07:34:34,-32.5924553549095,-5.44956190708105,-0.139026153366004,108.001937709827
2022-04-21 07:34:11,-32.2847404128355,-6.70738883872633,-0.0100000000000016,110.37974104861
2022-04-21 07:33:48,-32.6549426869718,-6.10037324734516,-0.0411190424851924,105.283395578369
2022-04-21 07:33:25,-32.1677124837799,-5.83755417749969,-0.0119298734567721,102.669097530144
2022-04-21 07:33:01,-32.3053347892348,-5.55396754555648,-0.281215320669414,107.806488384728
2022-04-21 07:32:38,-32.2054935144525,-5.94487552402014,-0.238545833230379,106.651325572767
2022-04-21 07:32:15,-32.3459053343804,-5.95138503117705,-0.0100000000000016,108.121132221098
2022-04-21 07:31:52,-32.5266942851159,-5.98319340125618,-0.281519629957142,108.743797904829
2022-04-21 07:31:28,-32.5454994927717,-6.05776648442815,-0.073036183670137,103.25912746637
2022-04-21 07:31:05,-32.5239417067616,-6.5642210827827,-0.0100000000000016,105.180328516312
2022-04-21 07:30:42,-32.2935997895931,-5.58412287150717,-0.0206966782307063,106.564179270993
2022-04-21 07:30:18,-32.1334850601235,-5.65190358310862,-0.218091353636538,105.155224575156
2022-04-21 07:29:55,-32.0955808375433,-5.44077688824443,-0.0409810322629411,108.124568734277
2022-04-21 07:29:32,-32.1043162124041,-6.68938200416674,-0.055578733212112,108.439094463414
2022-04-21 07:29:09,-32.1799605062289,-6.60184188875137,-0.0100000000000016,108.358717117747
2022-04-21 07:28:45,-32.114355117682,-5.86611643530493,-0.0389512245512265,107.659515975773
2022-04-21 07:28:21,-32.223489934358,-6.60787998924326,-0.0100000000000016,103.357176791672
2022-04-21 07:27:58,-32.1567709838976,-5.470951582735,-0.0100000000000016,105.079504059188
2022-04-21 07:27:35,-32.1947681063038,-6.84291881333474,-0.0100000000000016,108.519465747713
2022-04-21 07:27:12,-32.4440161766987,-6.33188643340874,-0.0100000000000016,106.895768994079
2022-04-21 07:26:48,-32.6052325276804,-6.43336721274538,-0.0100000000000016,107.315282807705
2022-04-21 07:26:25,-32.0415490627371,-6.53463197329815,-0.0100000000000016,108.626396373941
2022-04-21 07:26:02,-32.4559442070958,-5.51904581525447,-0.0100000000000016,104.732111639182
2022-04-21 07:25:39,-31.5479081734509,-6.95174475444046,-0.028264760379983,108.112566826601
2022-04-21 07:25:15,-31.7322576063796,-6.87581645577637,-0.0100000000000016,108.411971749311
2022-04-21 07:24:52,-32.7642770919185,-6.76346185301222,-0.0100000000000016,109.242896079629
2022-04-21 07:24:29,-32.5913948645953,-6.86451600293734,-0.0100000000000016,109.136503760514
2022-04-21 07:24:06,-32.2254967642959,-6.80215207868742,-0.0660324164871895,107.537855061019
2022-04-21 07:23:42,-31.5115381727763,-7.27250280808956,-0.0164981717145913,108.126955083237
2022-04-21 07:23:19,-32.0271421564305,-5.89394678872916,-0.225653762906962,108.239742649832
2022-04-21 07:22:56,-31.9560589000955,-6.81033445446033,-0.0100000000000016,105.387270638364
2022-04-21 07:22:32,-31.5790317817767,-5.67509024139979,-0.0100000000000016,107.502907248825
2022-04-21 07:22:09,-30.5585093079018,-6.64859593306234,-0.0104500706639783,107.834258815579
2022-04-21 07:21:46,-32.6414191213633,-5.55008967934956,-0.216526431477316,108.271274346468
2022-04-21 07:21:22,-32.671884138387,-7.64604357215855,-0.0100000000000016,106.041086083506
2022-04-21 07:20:58,-31.7677242395847,-5.4796110460012,-0.379774855321301,107.957718372296
2022-04-21 07:20:35,-32.0674550268771,-5.23317111603203,-0.235263508071256,107.461986338531
2022-04-21 07:20:11,-32.0916115921714,-5.62901066702453,-0.0100000000000016,103.139327721082
2022-04-21 07:19:48,-32.2378644528779,-7.41877733649304,-0.0100000000000016,106.974316982178
2022-04-21 07:19:24,-32.8385420620814,-6.19143012243735,-0.0154740001123805,109.057362174104
2022-04-21 07:19:01,-31.5941827578808,-6.47524691554624,-0.0100000000000016,109.633453517674
2022-04-21 07:18:38,-32.0880855579659,-6.52932038369656,-0.332784276803071,109.838854077455
2022-04-21 07:18:14,-32.5850477367631,-7.23640957527036,-0.147706127425565,110.137981281602
2022-04-21 07:17:51,-32.4786392061552,-5.01468604942599,-0.283195827960331,109.163043437003
2022-04-21 07:17:28,-33.4969263841481,-6.12479335671106,-0.0868792999013124,107.733268175093
2022-04-21 07:17:05,-31.8824880051526,-6.33401297492549,-0.0952860988462092,108.084401326796
2022-04-21 07:16:41,-31.6181796745027,-4.85230893412528,-0.32063731262966,105.202555284549
2022-04-21 07:16:18,-32.6004702618438,-6.28030826375051,-0.124323728340883,104.589673172561
2022-04-21 07:15:54,-30.7105314377188,-6.71954015016244,-0.0100000000000016,106.11806124416
2022-04-21 07:15:31,-33.9632673367076,-6.41677566111395,-0.430465190356554,107.719251101125
2022-04-21 07:15:07,-31.1754856612488,-5.68475518554776,-0.0100000000000016,108.96962575619
2022-04-21 07:14:44,-32.9436370134878,-5.14627706913837,-0.298336336985368,108.869949773922
2022-04-21 07:14:21,-33.1485097395217,-6.55199915781142,-0.197829582774315,106.954719348914
2022-04-21 07:13:57,-32.337266092308,-6.84869064353873,-0.0100000000000016,107.100013424541
2022-04-21 07:13:34,-32.5425997404472,-8.02572979489317,-0.0100000000000016,107.899897059443
2022-04-21 07:13:11,-31.8113501983049,-6.05402781699871,-0.0100000000000016,105.9862003464
2022-04-21 07:12:47,-32.0779082040535,-5.66944287663848,-0.403129687452225,109.235824219571
2022-04-21 07:12:24,-33.0176120232191,-5.0742016649797,-0.368415276255345,108.689123465947
2022-04-21 07:12:00,-32.5562852728694,-9.47148828819479,-0.0100000000000016,107.990471722694
2022-04-21 07:11:37,-32.4499187694394,-7.60945978779362,-0.499043179170133,106.998102869914
2022-04-21 07:11:13,-32.8780487952317,-6.52352734193321,-0.0100000000000016,103.48722079969
2022-04-21 07:10:50,-31.7142788796814,-6.85046465985526,-0.0100000000000016,106.572361805093
2022-04-21 07:10:27,-32.2792109087421,-5.60401635501915,-0.0799361626700588,106.190094547671
2022-04-21 07:10:03,-32.3235772105494,-8.88528999319862,-0.0262231773095785,107.784349307728
2022-04-21 07:09:40,-31.072246638543,-7.35721504484093,-0.581233367356184,109.307964038064
2022-04-21 07:09:16,-31.6471384000447,-5.93661183534751,-0.230517099999162,109.961128718009
2022-04-21 07:08:53,-32.2257870087533,-5.52905683834553,-0.649068305783182,108.868479799577
2022-04-21 07:08:27,-31.0237987549857,-6.64914586891466,-0.0100000000000016,104.197214883753
2022-04-21 07:08:02,-33.1739671536119,-6.92576501888953,-0.612953934575359,106.719845393572
2022-04-21 07:07:37,-32.3562975597738,-5.86399084927938,-0.57120620674478,106.142447678166
2022-04-21 07:07:11,-32.6559136248484,-6.2745790527448,-0.0100000000000016,105.276600862283
2022-04-21 07:06:46,-33.0571498304864,-5.73933521415803,-0.438421713760469,107.267645427209
2022-04-21 07:06:20,-31.733314252279,-5.65059577456854,-0.211996520040131,106.118213115096
2022-04-21 07:05:55,-32.2425025304004,-6.3581144678708,-0.463022264386254,109.97740022967
2022-04-21 07:05:31,-32.6450486837975,-6.23339334505238,-0.626781956441043,108.81357658392
2022-04-21 07:05:05,-32.1884108069708,-6.72405916748695,-1.15626656409474,109.773724171364
2022-04-21 07:04:39,-30.4236008415042,-6.67053114893319,-0.57199346036619,108.892162700576
2022-04-21 07:04:14,-31.3406667382588,-5.75799869465368,-0.055965666410458,109.124064707935
2022-04-21 07:03:49,-31.653018850673,-6.45040993990592,-1.54704056157035,108.526556819734
2022-04-21 07:03:24,-31.4791042686952,-4.38911369747908,-1.63880204231179,108.791954182955
2022-04-21 07:02:58,-33.4474199547506,-5.09734722369718,-1.07998771808591,108.663845625528
2022-04-21 07:02:32,-34.0752460190819,-5.03717336445489,-0.554977211250108,108.023001102554
2022-04-21 07:02:06,-32.0385088725547,-4.81791643710434,-0.915526167647137,107.397203059726
2022-04-21 07:01:41,-32.4367956103994,-5.84731976137238,-0.207162611162335,107.343993322932
2022-04-21 07:01:15,-31.0896377226672,-4.87949996585751,-1.11996357417451,109.050850270944
2022-04-21 07:00:50,-33.1065697052619,-3.33230837399777,-0.592375693958804,106.408594612874
2022-04-21 07:00:25,-34.5976023622164,-3.55594033131994,-1.14923345785838,108.598261949866
2022-04-21 06:59:59,-34.1393456817236,-5.25753046897358,-1.00310015734993,106.656283711792
2022-04-21 06:59:33,-32.864515956481,-4.75869244986951,-0.76672066578362,105.784493769095
2022-04-21 06:58:23,-32.3015071314994,-5.54987879069897,-0.781474523118749,104.501438968926
2022-04-21 06:58:00,-33.5679625199685,-4.28057379072979,-0.0528572714622513,106.779637853086
2022-04-21 06:57:36,-34.0592778616682,-3.75529124234655,-0.516627087498108,107.621692622904
2022-04-21 06:57:13,-34.4747452580368,-5.31911660253736,-0.0100000000000016,108.787876033748
2022-04-21 06:56:49,-33.2440109953357,-3.44900957478222,-0.43614859333999,108.04184460237
2022-04-21 06:56:25,-33.0936963995605,-4.07479217080394,-0.837284798549963,105.952308769873
2022-04-21 06:56:01,-32.968321930565,-3.58845263989911,-0.258614892464479,108.765871792165
2022-04-21 06:55:37,-33.7616163956393,-3.03564841524985,-0.608240171372859,106.100830004133
2022-04-21 06:55:13,-34.3993556596055,-4.36621160436823,-0.329243112772819,107.758397665847
2022-04-21 06:54:49,-34.9088246000578,-5.43951202882386,-0.258239184735334,108.183844945526
2022-04-21 06:54:25,-33.2475486785323,-3.23631825486235,-0.610598587117224,106.014819764774
2022-04-21 06:54:00,-35.7225926389193,-4.74996687196864,-0.388575173514216,106.371851812712
2022-04-21 06:53:36,-32.6009518153513,-2.98700556846364,-0.454819982216858,106.783993301775
2022-04-21 06:53:12,-32.7531232800459,-2.09561743153836,-0.676472856684889,107.728660053361
2022-04-21 06:52:47,-33.6366420145796,-3.40958317267971,-0.164874161148077,106.852787644664
2022-04-21 06:52:23,-35.0396945522926,-6.42420526237116,-0.131002916864325,107.831008098562
2022-04-21 06:50:20,-33.5715185239961,-3.8497875882705,-0.580573005420508,108.305791167312
2022-04-21 06:49:56,-34.7801918471008,-4.18624224245695,-0.378810031813654,108.248859944665
2022-04-21 06:49:33,-32.6438102033389,-1.30230341269097,-0.0782683921009095,108.031965996366
2022-04-21 06:49:09,-32.8684163092413,-4.6746894329635,-0.323214661831003,106.755410011028
2022-04-21 06:48:46,-33.7582661180361,-1.83455594745139,-0.0100000000000016,106.243806121086
2022-04-21 06:48:23,-34.1639977278199,-4.23204129814603,-0.604126890364121,105.373616261563
2022-04-21 06:48:00,-32.6843581680229,-2.66427116130414,-0.226316299952693,105.453274435565
2022-04-21 06:47:36,-34.4116465372265,-2.3012572702754,-0.0100000000000016,105.919858847421
2022-04-21 06:47:13,-31.4641311205009,-3.23086316951623,-0.332184522087196,105.573711235895
2022-04-21 06:46:49,-32.9530582241739,-6.33110345600337,-0.534022149957696,106.679199612422
2022-04-21 06:46:26,-33.894370007956,-2.24844598869739,-0.56397246991698,108.490047319754
2022-04-21 06:46:03,-33.4117841893798,-6.52373484110171,-0.0100000000000016,106.946648071354
2022-04-21 06:45:39,-35.9419484861201,-4.74870661389395,-0.0100000000000016,106.582371319824
2022-04-21 06:45:16,-34.0626283326422,-3.3720794391293,-0.0100000000000016,104.990916221241
2022-04-21 06:44:52,-34.1896085049586,-2.39867069087519,-0.316909296928049,106.618261291995
2022-04-21 06:44:27,-34.4166482569931,-5.34037390931869,-0.995667857070533,108.006188967828
2022-04-21 06:44:02,-34.0110672834384,-6.93511530428184,-0.0100000000000016,105.971552576801
2022-04-21 06:43:37,-33.1528311102098,-5.84225344525041,-0.0100000000000016,105.917394658541
2022-04-21 06:43:13,-33.4196511967456,-1.68086662441939,-0.0100000000000016,105.885135351364
2022-04-21 06:42:50,-35.9835105826782,-6.99358066260966,-0.0100000000000016,108.138431123429
2022-04-21 06:42:27,-35.1194569368259,-2.44902109573954,-0.0100000000000016,105.974680651022
2022-04-21 06:42:03,-34.1639777234286,-4.46077072005737,-0.29286323931759,105.651005752386
2022-04-21 06:41:40,-33.646723997927,-4.04792450415259,-0.240942523239333,107.168235173396
2022-04-21 06:41:16,-31.2843217974049,-4.56536374694331,-0.251270987652187,106.952815839031
2022-04-21 06:40:53,-34.6662759483905,-1,-0.213153603693474,107.990590507531
2022-04-21 06:40:30,-31.7764998450805,-3.97485350146913,-0.423571242455196,108.602144597398
2022-04-21 06:40:06,-32.5744347512971,-5.94414409988355,-0.594804131826319,110.618367608521
2022-04-21 06:39:43,-33.2855367043574,-1.93698748607033,-0.649830507276196,110.745675820897
2022-04-21 06:39:19,-35.7789232926127,-4.58120617812597,-0.0100000000000016,106.252717733859
2022-04-21 06:38:55,-30.9661933006127,-4.29714854619769,-0.0100000000000016,108.057766216978
2022-04-21 06:27:28,-32.7547512194134,-4.34546546536745,-0.0100000000000016,106.501552437055
2022-04-21 06:27:04,-31.1835498544567,-1,-0.0100000000000016,109.957438768826
2022-04-21 06:26:40,-33.22816321316,-4.74976305001336,-0.964794423421647,107.258953955167
2022-04-21 06:26:17,-34.1501551136939,-1,-0.281401192421512,106.427872047625
2022-04-21 06:25:53,-33.7749378517969,-1,-0.0104843151896681,106.648957132438
2022-04-21 06:25:29,-32.976891868378,-2.14006271275468,-0.4394196097792,105.545872344307
2022-04-21 06:25:06,-33.8528636037096,-1,-0.218319850595439,106.612771914961
2022-04-21 06:24:42,-34.3578661774561,-3.49147895193258,-0.651737574698739,108.26424777997
2022-04-21 06:24:19,-30.5820201371742,-6.01674709637203,-1.0781140949039,106.899280259646
2022-04-21 06:23:55,-34.4553567508601,-2.1407210415415,-0.68739421657245,107.378160057834
2022-04-21 06:23:32,-33.8495017332884,-1.89825137112628,-1.02539726297682,108.194405287906
2022-04-21 06:23:08,-35.4191579528885,-1,-2.64287218856581,113.020710874863
2022-04-21 06:22:44,-32.7837178954752,-4.85344906059328,-1.70902295512752,111.287837086427
2022-04-21 06:22:20,-32.4842708064026,-4.06157774717131,-0.924685834345805,108.905225543884
2022-04-21 06:21:57,-34.8763163611639,-6.31859575604195,-0.452792459122129,108.297000039582
2022-04-21 06:21:32,-31.7613318499007,-5.11784865432442,-1.80335084545474,110.682264772748
2022-04-21 06:09:54,-35.2664840937944,-2.94873795675118,-0.555593805452936,107.172040190165
2022-04-21 06:09:30,-32.886948978834,-1,-1.3228446600027,104.708327040387
2022-04-21 06:09:06,-32.7245233764353,-6.56817830874,-0.0100000000000016,107.371336279339
2022-04-21 06:08:43,-32.8616024567749,-1,-0.0100000000000016,107.720256735451
2022-04-21 06:08:19,-35.4635823015403,-2.01587001397053,-0.307347468800817,109.01871884228
2022-04-21 06:07:56,-31.9241188731549,-6.54088169950371,-1.0210295274448,106.402795710021
2022-04-21 06:07:32,-32.0315435667627,-1.5594027773032,-0.994618805793777,110.249914878642
2022-04-21 06:07:08,-38.1330635001354,-5.31229279765237,-0.0100000000000016,110.170905901359
2022-04-21 06:06:44,-32.3187909945864,-1,-0.0100000000000016,108.598228023905
2022-04-21 06:06:21,-34.7581423370092,-1.66763208060915,-0.0100000000000016,106.847109692317
2022-04-21 06:05:57,-37.6661615053414,-4.0833763750817,-0.793920570787723,110.956469461065
2022-04-21 06:05:34,-33.427776319159,-4.29465889000397,-0.0100000000000016,108.414781356356
2022-04-21 06:05:10,-38.7656278423212,-1.64079077564294,-1.8602774478528,114.570894289844
2022-04-21 06:04:46,-38.898894037528,-4.77525774539941,-2.60974538852728,114.765122292249
2022-04-21 06:04:21,-33.8050735009508,-5.16368613119592,-1.92193339651374,110.761955523969
2022-04-21 06:03:08,-33.9684914950201,-3.0319171089081,-0.0896425339945033,106.339773822207
2022-04-21 06:02:45,-33.9004993372949,-5.04802017160542,-0.0874999557325928,107.37546998448
2022-04-21 06:02:22,-37.2314363489306,-5.12790564299464,-0.405862431034244,110.656401385567
2022-04-21 06:01:58,-35.509200052435,-7.28910792623661,-1.25426118497566,109.953564992223
2022-04-21 06:01:35,-33.2784389688006,-1.92109663639407,-1.24530394428497,108.931621751877
2022-04-21 06:01:12,-31.8713761814039,-1,-0.591123438150635,110.821854566959
2022-04-21 06:00:49,-29.0260218212318,-1.9208611871257,-0.137470596207265,113.414439083864
2022-04-21 06:00:26,-26.8286259450426,-6.89042310391932,-0.0100000000000016,111.131721790658
2022-04-21 06:00:03,-35.1170719916845,-11.5529059820729,-0.215606624633807,113.124822447032
2022-04-21 05:59:40,-27.7707172270393,-1,-0.305655648240609,113.544553326526
2022-04-21 05:59:17,-31.2518168789775,-1.89321269214413,-1.44650880433536,108.649917050866
2022-04-21 05:58:54,-28.8452496543604,-2.89800017226747,-0.688696882988804,110.599959166777
2022-04-21 05:58:31,-31.4548073911665,-5.80377563315445,-0.0100000000000016,108.283907054025
2022-04-21 05:58:08,-35.2723474983216,-14.6239825309182,-0.0100000000000016,115.785795228851
2022-04-21 05:57:44,-36.6560623129523,-1,-0.868997127963347,110.680514760385
2022-04-21 05:57:19,-35.3412630789144,-11.9224568993215,-0.246808193243474,112.684520874082
2022-04-21 05:56:54,-28.4790816358117,-1,-0.0100000000000016,109.745099487337
2022-04-21 05:11:12,-28.3308326968592,-11.2575944391962,-0.0100000000000016,112.873315596934
2022-04-21 04:51:02,-28.0769843487523,-4.95459322638288,-0.0100000000000016,112.847023285736
2022-04-21 04:47:15,-30.380488646324,-20.3394176162908,-0.0100000000000016,119.968677795172
2022-04-21 04:42:40,-33.7018344306167,-1,-0.0100000000000016,110.965964572624
2022-04-21 04:42:16,-29.358547304672,-1.81186997653798,-0.0100000000000016,107.198090722383
2022-04-21 04:41:52,-33.9272410761316,-7.59623003561303,-0.0100000000000016,106.293073924519
2022-04-21 04:41:28,-34.6330058166115,-1,-4.02887887295247,113.808963220908
2022-04-21 04:41:03,-31.7246235886641,-1,-0.38128234811261,107.691322596904
2022-04-21 04:40:38,-31.6762741777944,-4.58719685844185,-0.0100000000000016,106.507706582749
2022-04-21 04:40:12,-31.1054612502684,-3.41052452562203,-0.982416369580246,105.1804507183
2022-04-21 04:39:46,-30.349254413415,-1,-0.993708410653571,106.116592856116
2022-04-21 04:39:20,-38.654423908233,-19.0043101407503,-3.43383782135348,126.429149045982
2022-04-21 04:38:56,-40.8347761187876,-1,-0.54094903178234,116.98579872055
2022-04-21 04:38:31,-34.054461814011,-1.15644124952549,-0.0100000000000016,107.481609260364
2022-04-21 04:38:06,-33.8075568938851,-1,-0.0100000000000016,108.940661696802
2022-04-21 04:37:41,-39.1095450991821,-1,-5.33612660904496,121.169651912204
2022-04-21 04:37:16,-27.1917338627168,-9.84019201387623,-0.0100000000000016,113.487160531385
2022-04-21 04:36:52,-28.2318494035835,-1,-0.813446777762671,114.385427426311
2022-04-21 04:36:26,-49.0706394097919,-14.1065831377335,-0.167476028335233,133.615922996264
2022-04-21 04:35:59,-24.8766525221252,-1,-0.54254405408145,113.405323360454
2022-04-21 04:35:34,-32.4239245737874,-1,-0.137611949087155,106.765027012135
2022-04-21 04:35:09,-48.9660203041258,-8.73362647190322,-0.0100000000000016,129.589190766441
2022-04-21 04:34:44,-31.1533681306664,-15.226243985202,-0.0100000000000016,114.600330210627
2022-04-21 04:34:18,-36.3243443658188,-1,-0.0100000000000016,108.290963464651
2022-04-21 04:33:52,-25.9692322077665,-16.3133222412553,-4.52143993424159,127.349435520344
2022-04-21 04:33:25,-38.5400954240482,-9.95577485143301,-0.0100000000000016,112.253813716464
2022-04-21 04:32:59,-56.5109650666239,-1,-4.51243233687342,141.231137896093
2022-04-21 04:32:33,-41.6117319058204,-3.76286116066761,-0.0100000000000016,117.03641771177
2022-04-21 04:32:08,-34.9068128231043,-1,-7.16013826414943,116.363209254291
2022-04-21 04:31:41,-32.687395822756,-26.4821543448385,-0.0100000000000016,123.287026113105
2022-04-21 04:31:17,-35.8921319667207,-8.24600958986259,-0.0100000000000016,108.903976030053
2022-04-21 04:30:53,-39.1849313985777,-3.429171818324,-0.0100000000000016,113.193487599003
2022-04-21 04:30:30,-39.9454908960081,-14.7390426801642,-2.04013182611804,122.447306345291
2022-04-21 04:30:06,-54.7491921216799,-5.18519684815957,-4.99156222196633,139.891885117638
2022-04-21 04:29:41,-41.340276790419,-1.37413405820197,-0.0100000000000016,116.147289548668
2022-04-21 04:29:16,-46.2602034555602,-1,-0.0100000000000016,123.921597698038
2022-04-21 04:28:52,-34.6648451793219,-27.8709990029545,-0.0100000000000016,123.510255442955
2022-04-21 04:28:26,-29.3922105719594,-1,-0.0100000000000016,112.242250164764
2022-04-21 04:28:00,-15,-1,-6.68523621117402,136.214657003751
2022-04-21 04:27:35,-46.8449666643568,-1,-4.76797915265894,130.208390637946
2022-04-21 04:27:10,-15,-40.1769347576931,-0.61003611285728,145.556528243858
2022-04-21 04:26:45,-40.1197366075402,-25.3923375468283,-5.76048522506807,135.285973512651
2022-04-21 04:26:20,-25.2834958369249,-29.7779265616446,-0.0100000000000016,129.786958688725
2022-04-21 04:25:53,-15,-1,-2.78006395074955,128.756256155705
2022-04-21 04:25:27,-18.6863589723567,-20.7096107313662,-0.0100000000000016,124.480356050834
2022-04-21 04:25:01,-25.7560625395424,-34.7429103422988,-0.0100000000000016,133.583547953763
2022-04-21 04:24:36,-26.7382002658379,-11.9328270831688,-0.0100000000000016,115.352870098206
2022-04-21 04:24:11,-26.6451882722964,-1,-0.0100000000000016,116.797621398922
2022-04-21 04:23:46,-15,-36.0852436971788,-0.0100000000000016,143.52198014887
2022-04-21 04:23:20,-29.3585166050568,-1,-0.0100000000000016,109.933256935209
2022-04-21 04:22:55,-26.9084241193486,-1,-6.02948162013884,121.491435929199
2022-04-21 04:22:30,-33.9041787206636,-5.79307150457312,-2.11507829931209,107.179070792266
2022-04-21 04:22:04,-15,-1,-20,138.273499417525
2022-04-21 04:21:37,-47.9091014304572,-42.3661451813069,-13.4007652905725,157.640368066337
2022-04-21 04:21:12,-15,-1,-13.4967112524006,135.548025413889
2022-04-21 04:20:46,-19.7424908024599,-60,-3.47542493787936,141.70656619417
2022-04-21 04:18:56,-31.0119612585351,-10.0322533313216,-0.375121794222686,112.014016153756
2022-04-21 04:18:30,-30.8470999163997,-10.0214865612176,-0.369249621950008,111.744673323006
2022-04-21 04:18:04,-30.9483986602057,-10.0088030282872,-0.432732432398975,113.030016465566
2022-04-21 04:17:39,-30.8910157523182,-10,-0.383812930646947,106.439119354956
2022-04-21 04:17:13,-30.8368890640141,-10.0002342174248,-0.407047847305609,109.268730567334
2022-04-21 04:16:48,-30.9353996008542,-10.0422305697117,-0.455675494730379,115.391515270818
2022-04-21 04:16:23,-30.9743770991295,-10.0208380118016,-0.437049622358359,112.61344984002
2022-04-21 04:15:58,-30.9317730612797,-10,-0.419318478472274,108.83102734677
2022-04-21 04:15:32,-30.9078842221182,-10,-0.409453506268449,108.003965572297
2022-04-21 04:15:06,-30.972791808849,-10,-0.402456199829203,113.35924989378
2022-04-21 04:14:41,-30.8669612754564,-10.0233059950784,-0.393416727959348,109.758906342765
2022-04-21 04:14:16,-30.9472782658962,-10,-0.431708499694651,109.635226950442
2022-04-21 04:13:50,-30.941249789412,-10.0338457219878,-0.482284762329915,111.125961097108
2022-04-21 04:13:25,-30.940792460029,-10,-0.417186542806913,107.138363000729
2022-04-21 04:12:58,-30.9337491241409,-10.0608251117282,-0.445721377017666,114.766488309668
2022-04-21 04:12:32,-30.8724344574876,-10,-0.451959621035446,113.47571672953
2022-04-21 04:12:06,-30.7606504077306,-10,-0.451144909904738,111.749541136881
2022-04-21 04:11:40,-30.948377658873,-10.0232235631888,-0.392277425632834,109.989355632306
2022-04-21 04:11:15,-31.0124271944216,-10.0183272576716,-0.437146264222729,112.944736613042
2022-04-21 04:10:49,-30.9039687612885,-10,-0.451590456988992,110.963628411392
2022-04-21 04:10:23,-31.035398895984,-10.0122051663855,-0.451088898158236,112.577234896271
2022-04-21 04:09:58,-30.9241375406483,-10.0353124825933,-0.477306410938159,111.821293856497
2022-04-21 04:09:33,-30.9878293592102,-10.0385003485226,-0.424767558842639,110.833257806738
2022-04-21 04:09:08,-30.871080559836,-10.0096030042025,-0.518245461677385,111.575777164761
2022-04-21 04:08:44,-30.9383809096482,-10.0425314215362,-0.467932536339863,112.492688296905
2022-04-21 04:08:20,-30.8799861631929,-10,-0.479297474718113,113.174826844683
2022-04-21 04:07:56,-30.9763792825815,-10,-0.450237210749467,111.575343371832
2022-04-21 04:07:31,-30.9051592291594,-10.0046492200477,-0.44429601312051,109.825584235938
2022-04-21 04:07:05,-31.0581916629681,-10.0119486546851,-0.511518242092528,112.398182545691
2022-04-21 04:06:40,-30.7608829858958,-10.0017377135666,-0.517127756275425,111.258456964719
2022-04-21 04:06:14,-30.7702759153877,-10.0086600908809,-0.548085901439261,113.394003247312
2022-04-21 04:05:49,-31.0670132925217,-10.0030935286234,-0.460993698536917,111.13887621724
2022-04-21 04:05:23,-31.0678846771571,-10.0670508524646,-0.508798108025129,112.606758337593
2022-04-21 04:04:58,-30.8906787606638,-10.0084468495006,-0.468886459295987,108.157691251639
2022-04-21 04:04:33,-30.8747689387599,-10,-0.503725085141646,109.56001057171
2022-04-21 04:04:08,-30.8456363441398,-10,-0.469195855700807,109.974962066335
2022-04-21 04:03:44,-30.8685702624645,-10.0865047201121,-0.447915680009842,110.18452994315
2022-04-21 04:03:19,-30.8668181124326,-10.0921485595979,-0.439066614733509,114.567626157316
2022-04-21 04:02:53,-30.8690261874745,-10.1024658873951,-0.489964408747628,113.39476507027
2022-04-21 04:02:27,-30.8709884098631,-10.0258667347723,-0.432991639301189,111.106462781344
2022-04-21 04:02:01,-30.5442544521384,-10.0274327958109,-0.480058809129137,112.4421746353
2022-04-21 04:01:34,-30.7246198019639,-10.0238617531672,-0.50108962253227,113.964440521111
2022-04-21 04:01:09,-30.8948834545675,-10,-0.47237698212021,113.814931164079
2022-04-21 04:00:44,-30.8069365186809,-10.0283826410447,-0.483465196030608,112.334169853938
2022-04-21 04:00:19,-30.8267450008199,-10.1005489347364,-0.508868597854626,113.276989388661
2022-04-21 03:59:55,-30.8828253032546,-10,-0.463750765109573,110.513763000752
2022-04-21 03:59:29,-30.7829896761833,-10,-0.442714727014096,109.634167541812
2022-04-21 03:59:04,-30.8346251470898,-10.0053319560042,-0.51025947232705,111.272560731476
2022-04-21 03:58:39,-30.9014659689807,-10.0330880475188,-0.437570799873193,113.466982499671
2022-04-21 03:58:14,-30.9047258676221,-10.0312925521431,-0.53802928933785,111.314306678411
2022-04-21 03:57:48,-31.0753217340897,-10,-0.448986873544335,112.61215740798
2022-04-21 03:57:22,-31.1505647239556,-10,-0.423200694948228,111.404730733774
2022-04-21 03:56:58,-31.2608212764372,-10,-0.617336399831299,114.024848777592
2022-04-21 03:56:33,-30.9837807630775,-10.0713539196689,-0.424078840829559,111.664358665529
2022-04-21 03:56:09,-31.083092321221,-10.0433605618901,-0.39883763774159,111.923596573117
2022-04-21 03:55:44,-31.1372214160204,-10,-0.397029366197614,111.392240947331
2022-04-21 03:55:19,-30.9443569478923,-10,-0.359781393382967,111.481244479236
2022-04-21 03:54:54,-31.1995647615947,-10,-0.401687439780655,110.748183349777
2022-04-21 03:54:29,-30.8206853453407,-10.0220817994456,-0.53473035132842,109.857871349997
2022-04-21 03:54:04,-30.9550710273335,-10,-0.362226895115207,112.589654995789
2022-04-21 03:53:38,-30.780204265311,-10,-0.447904865710544,110.67365555231
2022-04-21 03:53:12,-31.1183104658256,-10,-0.440356512799653,110.084853742456
2022-04-21 03:52:46,-30.8281960341798,-10,-0.403260367089224,109.358821842541
2022-04-21 03:52:21,-30.8820722508267,-10,-0.484401947945585,113.712093034458
2022-04-21 03:51:56,-30.8096044972665,-10,-0.465795011816397,112.409630759996
2022-04-21 03:51:31,-30.8825012628095,-10,-0.435936191890658,110.755785446698
2022-04-21 03:51:06,-30.6679476328367,-10.1343753133874,-0.453128893390986,112.19783716638
2022-04-21 03:50:41,-30.7592974541554,-10,-0.495227580886457,113.895120652128
2022-04-21 03:50:16,-30.8207440459328,-10,-0.499830435686977,107.998157010151
2022-04-21 03:49:50,-30.8119510626825,-10.0940490396262,-0.438632990525303,111.122872171767
2022-04-21 03:49:25,-30.966236991233,-10,-0.369216873014388,113.843106461539
2022-04-21 03:48:59,-31.2123210044042,-10,-0.457244840688304,111.166977020469
2022-04-21 03:48:34,-30.7283943078331,-10,-0.342184303239854,112.88083661639
2022-04-21 03:48:08,-30.9083812686357,-10.0793232759864,-0.286921455111639,112.251055864633
2022-04-21 03:47:44,-30.9403050923185,-10,-0.49689234078463,113.941982350716
2022-04-21 03:47:18,-30.9764899212434,-10.031027045815,-0.431579264464926,110.605967324359
2022-04-21 03:46:52,-30.0642448038068,-10.1371337625174,-0.442882225035007,110.763423597252
2022-04-21 03:46:26,-30.7527603094514,-10.1389744628656,-0.379381104432571,113.994839241629
2022-04-21 03:46:01,-30.6676234020192,-10.1192200775099,-0.481855866797456,113.071967210571
2022-04-21 03:45:35,-31.0166729134483,-10,-0.472094412538084,110.231133919763
2022-04-21 03:45:10,-30.3109115806092,-10,-0.36476098291535,113.514982088973
2022-04-21 03:44:46,-30.7410242498329,-10.233655712992,-0.489925938328756,113.351459968644
2022-04-21 03:44:21,-30.6840316671143,-10,-0.447071706201619,111.162499835198
2022-04-21 03:43:56,-30.6615347709052,-10,-0.468432259000782,112.303230415174
2022-04-21 03:43:30,-31.104483488779,-10.0038425024309,-0.622719522660717,112.429751540139
2022-04-21 03:43:02,-31.3650196036437,-10.2344003428945,-0.477805766565154,112.809769298406
2022-04-21 03:42:37,-30.6848341809034,-10,-0.455520635881669,112.2824024034
2022-04-21 03:42:11,-30.3480401763906,-10.2447573348791,-0.454931212845757,113.657961373102
2022-04-21 03:41:46,-30.7110314569585,-10,-0.502290307466236,109.717497253285
2022-04-21 03:41:21,-31.7399961870598,-10,-0.35392687982246,113.299847090634
2022-04-21 03:40:56,-30.6083420024422,-10.2864331290277,-0.449512100609219,110.223658917283
2022-04-21 03:40:31,-30.9513864122921,-10,-0.586293390012468,111.078225533559
2022-04-21 03:40:06,-30.8610296303292,-10.1680825104837,-0.713912200547707,110.654936126007
2022-04-21 03:39:40,-31.392992595784,-10.1907484343009,-0.513936397710193,111.936505401831
2022-04-21 03:39:15,-31.3647069491675,-10.1072621485386,-0.563830763796343,113.659911697437
2022-04-21 03:38:49,-31.2355681630959,-10.1447097287509,-0.547607735370221,108.799335061701
2022-04-21 03:38:23,-30.6415407556541,-10,-0.562664468872061,110.234964443909
2022-04-21 03:37:57,-31.6492529187343,-10,-0.495717791384937,111.413792289778
2022-04-21 03:37:30,-30.7899701096356,-10.1067906492306,-0.53941115703816,110.007279132196
2022-04-21 03:37:04,-30.0875485674072,-10,-0.462068948063411,112.535473620642
2022-04-21 03:36:38,-31.2519056390857,-10.1545927087743,-0.482055782371145,111.478416291399
2022-04-21 03:36:12,-30.5582374892135,-10,-0.445824159318647,111.133399846299
2022-04-21 03:35:44,-31.3167425010928,-10,-0.275358044862617,111.013541528376
2022-04-21 03:35:18,-30.5121861223719,-10.3805667800858,-0.381257756432873,113.138765853424
2022-04-21 03:34:53,-31.0510685016884,-10,-0.71792724818167,113.413809648357
2022-04-21 03:34:27,-31.0389985272985,-10,-0.497345245639657,110.946811748278
2022-04-21 03:34:01,-30.6326291941976,-10.0760873764794,-0.579374959716731,112.720421768588
2022-04-21 03:33:35,-30.9484707096797,-10.1286487159725,-0.628240179173527,111.234873748316
2022-04-21 03:33:09,-30.6069355081584,-10.0311381618128,-0.223750606177692,111.357561705424
2022-04-21 03:32:43,-31.6591316694882,-10.2606415407152,-0.341118806729583,111.195591296717
2022-04-21 03:32:17,-30.9639868332307,-10,-0.634102592900749,112.86811595463
2022-04-21 03:31:52,-31.5942380616734,-10.0219524452134,-0.631081940627155,113.905125220303
2022-04-21 03:31:25,-31.6675596424893,-10.1260223306723,-0.56399646345486,113.279900015903
2022-04-21 03:30:59,-30.9232885432099,-10,-0.227678665700413,109.514739116665
2022-04-21 03:30:34,-31.1108769122851,-10.1715051492357,-0.660144683799864,111.92080931275
2022-04-21 03:30:08,-31.027255634135,-10,-0.559523521612565,109.219557000896
2022-04-21 03:29:42,-31.2924153625062,-10.1016899186353,-0.490903466948403,110.279003790352
2022-04-21 03:29:16,-31.910647416328,-10.0489938255517,-0.591103930324223,111.541058223552
2022-04-21 03:28:50,-31.749379429355,-10.5109672730389,-0.479760386732803,113.181841245158
2022-04-21 03:28:24,-31.9625329519204,-10.3336438398502,-0.650077496152321,112.148866279169
2022-04-21 03:27:58,-31.1672908731828,-10.4641544376174,-0.568451950911246,111.544959387604
2022-04-21 03:27:32,-32.1250952164199,-10.1610532718075,-0.509534022672543,112.970006645617
2022-04-21 03:27:06,-32.1880115345036,-10,-0.193278674941013,111.767777403182
2022-04-21 03:26:41,-31.5748670879989,-10.6591699079816,-0.498616974200814,112.137777993046
2022-04-21 03:26:14,-31.8057458580758,-10.2974806397257,-0.448102247493154,110.577840051091
2022-04-21 03:25:47,-30.8334982787651,-10.4473982436383,-0.53639770036456,113.356250811871
2022-04-21 03:25:21,-31.0278334910371,-10.2026310457441,-0.503828710098798,113.06279895047
2022-04-21 03:24:56,-31.600158385486,-10.0384937963795,-0.358997592863879,111.726278717785
2022-04-21 03:24:29,-30.6126003596615,-10.1962184627103,-0.679957700476972,113.200960856438
2022-04-21 03:24:04,-31.3361340193597,-10.4897680688679,-0.613246463501795,111.542281553271
2022-04-21 03:23:39,-31.0582754562531,-10.501941605039,-0.619705725948254,111.256550791916
2022-04-21 03:23:14,-31.2512789963379,-10.3890741631244,-0.50976132302949,110.12739114331
2022-04-21 03:22:49,-30.2518494594773,-10.4821456156369,-0.447809677529797,114.389816771874
2022-04-21 03:22:24,-31.2639332450597,-10.3836337146487,-0.601482279786669,112.118597842491
2022-04-21 03:21:59,-30.5829868499833,-10,-0.505334747057162,112.08914685144
2022-04-21 03:21:34,-30.9370882928697,-10.835138988933,-0.518894968560904,113.905538253386
2022-04-21 03:21:07,-31.6048036018012,-10.1984937161112,-0.585708115527371,111.304039549855
2022-04-21 03:20:40,-31.328494159823,-10.4097701334371,-0.467837677409296,109.868491540862
2022-04-21 03:20:13,-31.0372152348245,-10.6686143985754,-0.677977455497068,110.772056996756
2022-04-21 03:19:46,-30.6409995549647,-10.2474092463561,-0.731252389209399,111.683855775857
2022-04-21 03:19:19,-30.696018505423,-10,-0.496947874111132,113.464196416585
2022-04-21 03:18:49,-30.7854760678415,-10,-0.398358523118034,112.045481358843
2022-04-21 03:18:23,-31.4851660201332,-10.3492974837371,-0.448193522719532,112.667225173605
2022-04-21 03:17:56,-31.1284188894649,-10.2798295806244,-0.565261795393365,109.910419430081
2022-04-21 03:17:29,-30.9503604287758,-10.1352631298833,-0.508805505272587,109.28408740757
2022-04-21 03:17:02,-31.1056472329204,-10.3491156809034,-0.49462604434968,108.863115438272
2022-04-21 03:16:36,-30.9998827306026,-10.4104132556152,-0.596088317776672,109.514961649128
2022-04-21 03:16:08,-30.8967854814696,-10.5891428120322,-0.685592868063114,114.417983571617
2022-04-21 03:15:41,-30.9983671803864,-10.0564799590303,-0.618844497238811,111.199810289078
2022-04-21 03:15:13,-30.9721524442311,-10.1403270036156,-0.690202973618781,110.888521296258
2022-04-21 03:14:46,-30.7451991017271,-10.3777661779352,-0.76386474854727,109.552410206029
2022-04-21 03:14:19,-30.6172231758198,-10.6445467633704,-0.516105052473566,112.381136403959
2022-04-21 03:13:52,-30.8764178699558,-10.0868578092688,-0.337077307014045,110.226210975351
2022-04-21 03:13:25,-30.4043656357625,-10.6958029525084,-0.624365434498539,113.719307355832
2022-04-21 03:13:00,-30.2016242418509,-10.0622229749317,-0.696833010559505,110.387840024245
2022-04-21 03:12:35,-30.5834938301838,-10.373833525789,-0.560217086092525,111.649679728531
2022-04-21 03:12:10,-30.7149539939479,-10.4032702915509,-0.667223331561239,109.684135416392
2022-04-21 03:11:43,-30.4758079683096,-10.549034428763,-0.492949145059253,114.197984567018
2022-04-21 03:11:18,-30.289815440899,-10.6135286014761,-0.688654403071823,115.307793402315
2022-04-21 03:10:52,-30.6255736604058,-10.4013869679453,-0.490211656261383,110.893722499876
2022-04-21 03:10:24,-30.0542682032364,-10.22366466815,-0.662700468322161,111.917059916023
2022-04-21 03:09:59,-30.9665218435211,-10.8295001164773,-0.62852001646274,113.678917408147
2022-04-21 03:09:35,-30.5126097856851,-10.5539340244497,-0.456400727602134,113.796543020055
2022-04-21 03:09:11,-30.6351480972451,-10.8618304211824,-0.475214546827441,113.906458354393
2022-04-21 03:08:48,-29.7495626194766,-10.2696121377028,-0.766591462403465,115.323955022838
2022-04-21 03:08:24,-31.0149986330474,-10.6518756682047,-0.528180499323522,111.56340311921
2022-04-21 03:08:00,-30.888809742272,-10.952422453049,-0.479419786403216,113.964384786997
2022-04-21 03:07:36,-30.2937798159107,-10.6941097635551,-0.476670257813844,113.692841264955
2022-04-21 03:07:10,-30.4801862905144,-10.7726489137901,-0.668933795755301,110.78795471787
2022-04-21 03:06:45,-30.5620967965185,-10.358298724661,-0.198233648436307,112.223384988322
2022-04-21 03:06:20,-29.9488575140411,-11.1057738151009,-0.565757105469928,114.318401752523
2022-04-21 03:05:53,-30.1355780163832,-10.2206383320704,-0.582887921306121,110.685390604671
2022-04-21 03:05:26,-30.4320697992203,-10.7734504896817,-0.301920461475053,107.65823750428
2022-04-21 03:04:59,-30.1634167592762,-10.3551260595246,-0.581041284580376,111.845049253517
2022-04-21 03:04:34,-29.9734661045506,-10.5658214954946,-0.407942862463248,112.409976191642
2022-04-21 03:04:08,-30.1298223663859,-10.2892676602668,-0.619494545575066,111.831014328074
2022-04-21 03:03:40,-30.653171696885,-10.5672051526958,-0.591946847887574,115.54138603582
2022-04-21 03:03:15,-30.184599054839,-10.7261750744781,-0.521441358930513,113.179461611751
2022-04-21 03:02:51,-30.577344416318,-10.3719580771451,-0.512556134602047,113.74512599279
2022-04-21 03:02:26,-30.230483433906,-10.6868962057302,-0.440738346714618,113.992996519296
2022-04-21 03:02:02,-29.9026218476725,-10,-0.507970429967955,112.747740214003
2022-04-21 03:01:36,-30.4337638870611,-10.0465411184651,-0.431507422235416,111.272286793895
2022-04-21 03:01:09,-29.8171397641249,-10,-0.349805443130773,113.151778027768
2022-04-21 03:00:41,-30.4571838483082,-10.2713841721934,-0.465033140480038,110.160081798706
2022-04-21 03:00:13,-29.7186337677677,-10.6437727750651,-0.634596975879486,110.975526542291
2022-04-21 02:59:47,-30.0901791549949,-10.7330430173002,-0.181726221015904,111.141353198083
2022-04-21 02:59:18,-30.6411853939249,-10.3402930511785,-0.287111735577621,113.38484208091
2022-04-21 02:58:54,-30.6345582243278,-10.5453418826715,-0.717849013811691,113.478542988655
2022-04-21 02:58:28,-30.7744541107114,-10.3049373533162,-1.10327610155129,113.680126926299
2022-04-21 02:58:05,-30.6282329749234,-10.2021039446217,-0.43347095756274,112.512771157181
2022-04-21 02:57:40,-29.6744659279826,-10,-0.576106416459599,110.025801054488
2022-04-21 02:57:15,-30.1476020415076,-10.2384311438027,-0.653819507556282,110.617529434368
2022-04-21 02:56:48,-30.4472379305754,-10.1796196700503,-0.497327397524582,114.139563457517
2022-04-21 02:56:24,-29.9677252895744,-10.4800879640305,-0.82009133494461,111.194231863454
2022-04-21 02:56:00,-30.2713506320563,-12.1622884806422,-0.832359789307713,114.213732829805
2022-04-21 02:55:36,-31.1758502668168,-10,-0.165971591077891,111.295331079605
2022-04-21 02:55:10,-30.2467112655201,-10.6080565376407,-0.84527125037404,114.286408732242
2022-04-21 02:54:45,-30.5531795625828,-10.8205234804149,-0.491857803498117,114.588448331181
2022-04-21 02:54:22,-30.4934642432247,-11.4829579114198,-0.694171776440367,118.904027774743
2022-04-21 02:53:58,-30.5790692297292,-11.1857392697262,-0.375330408954351,114.49519028874
2022-04-21 02:53:34,-30.476648851467,-10.4882653774314,-0.477604022241916,111.751086975292
2022-04-21 02:53:10,-29.3324364829002,-11.6179407439476,-0.740449785842927,111.399688353682
2022-04-21 02:52:46,-29.812145125265,-10,-0.100000000000001,113.763966875506
2022-04-21 02:52:22,-30.6012967134264,-10.0561600623227,-0.540951288535133,111.287698795004
2022-04-21 02:51:58,-30.4031462322479,-11.0733861891215,-0.644658893321612,110.423280304906
2022-04-21 02:51:35,-31.0233758489916,-11.6904657218988,-0.761221692788212,113.832388080343
2022-04-21 02:51:11,-29.2335618907329,-10.1098954285158,-0.37146218100499,114.317647964981
2022-04-21 02:50:47,-29.3807411414714,-10.1258600177028,-0.917371422903923,112.639275320472
2022-04-21 02:50:24,-32.6017940705021,-11.0812363137075,-0.467094911931941,112.91953634173
2022-04-21 02:50:00,-30.5411173526191,-10.4428899274643,-1.09095591141759,115.420152038684
2022-04-21 02:49:36,-30.0828335408061,-10,-0.396605027438895,112.024079920662
2022-04-21 02:49:13,-30.805224498659,-10,-0.232475011824508,113.76172163506
2022-04-21 02:48:49,-30.948464774552,-11.5133122373728,-0.227305840311772,112.351340669154
2022-04-21 02:48:25,-28.8573348146435,-11.9600845674837,-0.724315182723362,116.614579031477
2022-04-21 02:48:00,-32.4345189471634,-10.3965234028532,-0.173662545134125,109.350587130228
2022-04-21 02:47:35,-31.4624670429481,-10,-0.100000000000001,108.707102409433
2022-04-21 02:47:10,-29.7087198659695,-10.5874219137498,-0.807425706050523,108.406578973158
2022-04-21 02:46:45,-30.685151058581,-11.1716068645322,-0.150707403586441,110.776477473158
2022-04-21 02:46:20,-32.3093088789527,-11.4601509145484,-0.100000000000001,110.492083288466
2022-04-21 02:45:53,-31.4621023024284,-10.4301733255546,-0.100000000000001,112.796860765674
2022-04-21 02:45:29,-29.7005889732373,-10.2998288057427,-0.638735612642748,113.182463332158
2022-04-21 02:45:04,-32.2094713020709,-10.9748767544065,-0.370364447139256,109.604458291155
2022-04-21 02:44:39,-29.526527430967,-10.1984287650354,-0.240542175058302,112.990408600756
2022-04-21 02:44:15,-29.9978976438661,-11.222348160458,-0.100000000000001,111.742453091187
2022-04-21 02:43:49,-30.9835087433988,-10.4579614688545,-0.100000000000001,110.971690502437
2022-04-21 02:43:24,-30.1964761376868,-10.5232968585662,-0.292350610226872,114.598818445443
2022-04-21 02:42:58,-29.1143697665572,-10,-0.368024721547357,111.677765162632
2022-04-21 02:42:33,-31.4209822614072,-10.3543321179967,-0.100000000000001,112.897827795845
2022-04-21 02:42:07,-30.8640464701302,-10,-0.192745967164203,110.957384689556
2022-04-21 02:41:40,-30.7157668855195,-10.3990585256668,-0.100000000000001,111.352779362967
2022-04-21 02:41:14,-30.3042681860011,-10.7912428787211,-0.100000000000001,111.038363238971
2022-04-21 02:40:50,-31.0887385600362,-12.2232317293573,-0.795447600802717,114.332680991058
2022-04-21 02:40:25,-29.1861978167359,-10,-0.100000000000001,115.297727949361
2022-04-21 02:40:02,-30.696551816143,-10.6392070844632,-0.606510245295393,113.80390266965
2022-04-21 02:39:40,-29.3955820819429,-11.7403305527737,-0.877364972863329,114.686031400773
2022-04-21 02:39:16,-29.2038124028367,-10,-0.100000000000001,111.895970788547
2022-04-21 02:38:53,-29.9296231107258,-10.6283985879932,-1.70770454031485,117.17938117427
2022-04-21 02:38:29,-30.2877592703306,-10.194681009086,-1.86016350531388,112.960550329466
2022-04-21 02:38:06,-28.3217666130825,-12.1013606097697,-1.8060292185406,118.501438097877
2022-04-21 02:37:42,-27.3343300348448,-10.8295253032759,-0.441278671078166,113.939732228893
2022-04-21 02:37:17,-31.8198058950483,-10,-1.15772560809019,112.629183579046
2022-04-21 02:36:53,-27.7122901445102,-10,-0.770282281343249,112.735113516546
2022-04-21 02:36:28,-31.6485565537284,-15.4510458746633,-0.4991029862841,114.959541759794
2022-04-21 02:36:01,-30.5671752353951,-10.6527258499187,-2.76321733167542,112.816614494786
2022-04-21 02:35:34,-28.8792353042025,-12.1923671977741,-1.3528600057316,117.471929054168
2022-04-21 02:35:11,-27.1861817262601,-10,-0.695010243688824,115.929543020977
2022-04-21 02:34:47,-30.892133319285,-13.0437705029691,-0.306311249467171,112.82749730644
2022-04-21 02:34:24,-30.3637822115893,-10.8557660489046,-0.202976885953891,111.959277173967
2022-04-21 02:34:01,-29.5059927353764,-10.2804269628826,-1.02581253732767,110.404897386494
2022-04-21 02:33:37,-31.0117244705697,-10.6610407740669,-0.100000000000001,112.679774069146
2022-04-21 02:33:13,-27.122938962404,-10,-1.1022583619813,116.063792938909
2022-04-21 02:32:48,-29.7769118837151,-10.3748439412595,-1.60001685466773,112.392862942543
2022-04-21 02:32:11,-28.5857499892312,-10,-0.474572990219585,114.413856452953
2022-04-21 02:30:02,-30.4111957204416,-10.9255714125454,-1.77825526931354,115.410320722172
2022-04-21 02:28:04,-32.8595485766543,-13.2539062783927,-1.00219859171013,114.089400956743
2022-04-21 02:27:40,-29.5818911379579,-11.6551994496443,-1.15705227467656,113.865765223299
2022-04-21 02:27:15,-34.4697293693797,-15.5302553076872,-3.1121154959834,120.855983245096
2022-04-21 02:26:51,-31.1438039633156,-10,-1.68948140328278,110.971231546328
2022-04-21 02:26:28,-31.1031833154459,-10,-0.100000000000001,110.600600019883
2022-04-21 02:26:04,-31.9135080841129,-13.6313631687064,-0.100000000000001,112.166209922854
2022-04-21 02:25:39,-26.9599613696482,-10,-1.88499303317246,115.805218729538
2022-04-21 02:25:15,-28.8857666628442,-10,-1.14336813580141,110.952740977299
2022-04-21 02:24:50,-33.9529617295006,-13.2454426129635,-0.100000000000001,113.173282120488
2022-04-21 02:24:26,-27.8897485759656,-10,-2.63573322835581,120.092451414656
2022-04-21 02:24:00,-31.7724739157889,-17.1614738565483,-0.100000000000001,116.818414815516
2022-04-21 02:23:35,-28.8681416768278,-18.5200301739597,-1.53628897405136,123.285870572949
2022-04-21 02:23:11,-30.9491631108906,-10.7550610012629,-0.499575036922206,112.360407996654
2022-04-21 02:22:47,-30.0256491216069,-13.6713638470705,-2.15091167467207,117.135986718291
2022-04-21 02:22:23,-35.0062905641835,-12.7343671228255,-1.0618398539404,114.468368004728
2022-04-21 02:21:57,-30.6203132065328,-11.3616433210943,-1.57459262643885,112.516765957223
2022-04-21 02:21:31,-29.8426970915,-10.2343835111112,-0.983367269862516,115.150454967287
2022-04-21 02:21:06,-32.8275824681096,-22.367954762736,-3.12480941618941,126.95069200755
2022-04-21 02:20:42,-36.2490715549402,-15.9035671178668,-0.148854061063762,116.058301165802
2022-04-21 02:20:18,-31.5712509595446,-14.3776306957953,-0.585633255384476,113.82579906515
2022-04-21 02:19:54,-41.6733777897857,-13.2336109407533,-0.835066807414506,124.523158876195
2022-04-21 02:19:30,-36.8365114016874,-11.2737924013297,-2.7020710147941,117.513468873275
2022-04-21 02:19:07,-37.1892146801605,-16.2367927538944,-1.76750007225953,119.935370001429
2022-04-21 02:18:43,-29.8803996035394,-15.1632821787603,-0.100000000000001,114.161763856658
2022-04-21 02:18:19,-37.0780891103073,-16.2135040707497,-0.338618544041381,117.797448433574
2022-04-21 02:17:55,-29.0721831316648,-10,-2.84904541785506,118.958702326967
2022-04-21 02:17:32,-23.6302213612036,-10,-0.483857329510695,116.287058187938
2022-04-21 02:17:08,-34.45034892362,-11.1059803749276,-0.825914503534875,112.291702435105
2022-04-21 02:16:44,-30.6338836758201,-15.7762594439801,-2.57993755839728,119.454103319036
2022-04-21 02:16:21,-34.1615123189455,-10,-3.43210294661862,116.142238337485
2022-04-21 02:15:57,-33.8065843880825,-10,-0.100000000000001,110.011514995252
2022-04-21 02:15:33,-15,-18.3000600091873,-1.3715116476295,133.597405482409
2022-04-21 02:15:09,-36.0727705080029,-12.2969234427402,-0.567624665700514,113.980539132621
2022-04-21 02:14:46,-29.6034795240281,-29.6091517115633,-3.24111749277243,131.217218145523
2022-04-21 02:14:22,-24.6808403630848,-10,-0.100000000000001,115.77515459867
2022-04-21 02:13:58,-26.8934092103025,-10,-4.0341663591133,122.482558484303
2022-04-21 02:13:34,-28.4672280538808,-10,-1.01112845635122,115.228968613206
2022-04-21 02:13:11,-18.881770747678,-28.9942684023908,-0.100000000000001,129.813794006777
2022-04-21 02:12:47,-41.3697831351359,-20.5678385534259,-0.100000000000001,129.161110912011
2022-04-21 02:12:23,-40.1530733725177,-15.669283439088,-1.57648581617276,122.216880935244
2022-04-21 02:11:58,-31.6140239591929,-10,-0.515717033131718,111.267616506793
2022-04-21 02:11:33,-31.6464339452506,-19.6986273211287,-0.100000000000001,117.885014172997
2022-04-21 02:11:09,-40.7869484970899,-10,-0.236291828714073,117.791734155431
2022-04-21 02:10:44,-32.4454382861714,-15.7054140266042,-0.100000000000001,116.151296520233
2022-04-21 02:10:20,-30.7408925884977,-10,-0.100000000000001,113.618843471655
2022-04-21 02:09:55,-38.7844247562938,-10,-0.100000000000001,114.627535404114
2022-04-21 02:09:29,-37.007452651357,-10.7194259704682,-0.100000000000001,112.740436674235
2022-04-21 02:09:04,-24.2749684187218,-10,-2.87921027732444,120.647955249353
2022-04-21 02:08:39,-40.3081722444523,-12.4886966657275,-0.100000000000001,119.284097192896
2022-04-21 02:08:14,-36.6365934113021,-10,-0.100000000000001,111.902876174724
2022-04-21 02:07:49,-21.9937962271065,-15.4847433740278,-0.100000000000001,119.731316207475
2022-04-21 02:07:26,-41.9751370441072,-10,-10.4561638055988,133.969502525553
2022-04-21 02:07:02,-44.0529508864882,-12.480205977207,-7.3057397279099,136.666319330066
2022-04-21 02:06:38,-23.6256516390597,-35.6937168291084,-2.20868232921517,135.153561245178
2022-04-21 02:06:14,-16.2057357925756,-10,-0.100000000000001,122.448707474794
2022-04-21 02:05:47,-26.4878873487186,-14.1358716731013,-7.22522491661033,130.38880186768
2022-04-21 02:05:22,-15,-20.0020467159537,-6.44279888041329,144.52288703005
2022-04-21 02:04:58,-36.6479764810477,-10,-0.100000000000001,111.031225076415
2022-04-21 02:04:34,-30.4216317227084,-40.032952554717,-3.1783123132086,132.528021418574
2022-04-21 02:04:11,-22.0970248741928,-10,-11.9191945907701,130.587097358837
2022-04-21 02:03:47,-60,-10,-2.18190057456922,141.583721064602
2022-04-21 02:03:23,-30.0790649082483,-10,-3.21694841236571,115.975350194799
2022-04-21 02:02:59,-30.9054646934635,-28.2017255609658,-0.100000000000001,124.003086915203
2022-04-21 02:02:35,-53.2434096370352,-10,-8.70933907236691,145.86773201796
2022-04-21 02:02:11,-31.3502976974103,-10,-18.197306291979,133.715991795475
2022-04-21 02:01:48,-53.4300854447368,-10,-14.2021261554419,150.803144056592
2022-04-21 02:01:22,-35.546142611663,-33.9524708776951,-5.54669493823419,133.486046237046
2022-04-21 02:00:57,-15,-10,-0.100000000000001,127.220815280145
2022-04-21 02:00:32,-57.5327341376076,-10,-3.42444985410673,142.32740683543
2022-04-21 02:00:06,-31.6349834764063,-10,-5.28804704477835,119.868906290243
2022-04-21 01:59:41,-20.5060239536314,-36.8939856813121,-13.1609896407367,143.95965332193
2022-04-21 01:59:15,-15,-40.1567203100966,-5.45103044339624,147.514909115973
