"DateTime","Depth","CAR_pCO2","CAR_ch4"
2015-03-31,0.1,2.80250132153134e-05,0.067583484
2015-03-31,1.6,3.02675522514626e-05,0.069565417
2015-03-31,3.8,4.79469213179107e-05,0.072427429
2015-03-31,5,5.33710723110442e-05,0.06799593
2015-03-31,6.2,5.54381898736589e-05,0.060762289
2015-03-31,8,0.000140984105290572,0.023887925
2015-03-31,9,0.000138547486295583,0.033123988
2015-04-07,0.1,3.13021389592901e-05,0.006145841
2015-04-07,1.6,3.81008470059899e-05,0.103644874
2015-04-07,3.8,5.03552136809142e-05,0.124898943
2015-04-07,5,5.86847441101181e-05,0.044343269
2015-04-07,6.2,0.000152748194065972,0.027104599
2015-04-07,8,0.000147948123812972,0.022061956
2015-04-07,9,0.000145536072533364,0.036024573
2015-04-13,0.1,7.80867951991666e-05,0.179576596
2015-04-13,1.6,4.22042423029772e-05,0.193236302
2015-04-13,3.8,5.69209202761845e-05,0.096140334
2015-04-13,5,8.23914910659273e-05,0.036708328
2015-04-13,6.2,0.000113380989163507,0.041555333
2015-04-13,8,0.000146381367138619,0.05719717
2015-04-13,9,0.000163123004871976,0.064962983
2015-04-21,0.1,3.89325199611258e-05,0.241003561
2015-04-21,1.6,3.90937005862886e-05,0.25303748
2015-04-21,3.8,8.56532719572384e-05,0.09998738
2015-04-21,5,0.000104037604172622,0.089796948
2015-04-21,6.2,0.000101639233823072,0.108006374
2015-04-21,8,0.000153581563605643,0.141159046
2015-04-21,9,0.000163837465953338,0.114283283
2015-04-28,0.1,5.78257502969555e-05,0.161834734
2015-04-28,1.6,5.91078185681346e-05,0.175045199
2015-04-28,3.8,4.61825053515508e-05,0.175658069
2015-04-28,5,0.000151106702730085,0.0453560225
2015-04-28,6.2,0.000171503587047659,0.029341202
2015-04-28,8,0.000306711583868488,0.0221445975
2015-04-28,9,0.000229038978806588,0.0490244985
2015-05-05,0.1,2.80265037969015e-05,0.2321463425
2015-05-05,1.6,3.49575633928515e-05,0.2289358995
2015-05-05,3.8,5.46617461459306e-05,0.2414858485
2015-05-05,5,8.55963050320458e-05,0.14569953
2015-05-05,6.2,0.000180299040547923,0.030393907
2015-05-05,8,0.000162309186945392,0.052064588
2015-05-05,9,0.000189092172237361,0.3210024345
2015-05-11,0.1,2.83593682486296e-05,0.368992974
2015-05-11,1.6,2.54514560855232e-05,0.4095092865
2015-05-11,3.8,3.31922589896526e-05,0.270875873
2015-05-11,5,9.95876742827016e-05,0.100766975
2015-05-11,6.2,0.000323147351315815,0.0417418805
2015-05-11,8,0.000317478254219309,0.0727666595
2015-05-11,9,0.000249634618261334,0.0502259045
2015-05-18,0.1,2.91272205998183e-05,0.3742653725
2015-05-18,1.6,2.44657373611296e-05,0.5476545495
2015-05-18,3.8,4.97452135538744e-05,0.597649354
2015-05-18,5,0.000158412935444735,0.1832217065
2015-05-18,6.2,0.000174105504236777,0.1851877755
2015-05-18,8,0.0002792400582001,0.0440941595
2015-05-18,9,0.000295885820010036,0.0385172885
2015-05-25,0.1,2.66427387490393e-05,0.375809207
2015-05-25,1.6,2.77916627316094e-05,0.4727596185
2015-05-25,3.8,4.32699557901557e-05,0.77212696
2015-05-25,5,0.00015336198623524,0.38083873
2015-05-25,6.2,0.000197200780230704,0.2646751255
2015-05-25,8,0.000334402742630105,0.039996961
2015-05-25,9,0.00028976576531941,0.065848754
2015-06-01,0.1,2.5784280950067e-05,0.488723956
2015-06-01,1.6,2.26179388091714e-05,0.497967305333333
2015-06-01,3.8,6.15499015187606e-05,0.559105334333333
2015-06-01,5,0.000102174958704131,0.334456146
2015-06-01,6.2,0.000230454996530226,0.14515795175
2015-06-01,8,0.000309233990414848,0.08104297325
2015-06-01,9,0.000318633869727055,0.10092204825
2015-06-08,0.1,3.85708732873449e-05,0.4072357365
2015-06-08,1.6,3.94140575077335e-05,0.508566487
2015-06-08,3.8,8.23153771811143e-05,0.098202929
2015-06-08,5,0.000170860684649148,0.044222655
2015-06-08,6.2,0.000218245095692716,0.0857031335
2015-06-08,8,0.000442715759761419,0.2160675735
2015-06-08,9,0.000329446371950251,0.2527157065
2015-06-15,0.1,3.55441504992664e-05,0.39398654
2015-06-15,1.6,2.40169812425761e-05,0.428958563
2015-06-15,3.8,4.73566213134643e-05,0.059757851
2015-06-15,5,0.000152313906441552,0.1302843615
2015-06-15,6.2,0.000284631470120243,0.1014091205
2015-06-15,8,0.000394164401070945,0.1246076845
2015-06-15,9,0.000452116488810971,0.129313073
2015-06-22,0.1,3.22213028564895e-05,0.3869144115
2015-06-22,1.6,3.6411564844281e-05,0.714818209
2015-06-22,3.8,2.72091912313966e-05,0.1737644855
2015-06-22,5,0.000332562152530315,0.058813507
2015-06-22,6.2,0.000191378099262534,0.1998944535
2015-06-22,8,0.000356021300442734,0.27070441
2015-06-22,9,0.000419281168575439,0.268468562
2015-06-29,0.1,2.87883158367793e-05,0.3317833155
2015-06-29,1.6,3.29096107183465e-05,0.3581207085
2015-06-29,3.8,3.53354703663827e-05,0.1643555725
2015-06-29,5,0.000182253427152213,0.0766081495
2015-06-29,6.2,0.000328076399517884,0.0542884645
2015-06-29,8,0.000548988382688289,0.088038758
2015-06-29,9,0.000693630157021171,0.067192589
2015-07-06,1.6,1.84007144796768e-05,0.537056086
2015-07-06,3.8,5.61966147391556e-05,0.206941619
2015-07-06,5,0.000320111389370581,0.174135836
2015-07-06,6.2,0.000711960289428385,0.176446833
2015-07-06,8,0.000649846891971721,0.0084218065
2015-07-06,9,0.000774390605566883,0.005860171
2015-07-13,0.1,1.84191266205512e-05,0.38167183
2015-07-13,3.8,4.06129629488474e-05,0.262831925
2015-07-13,5,0.000458920908525005,1.8760237585
2015-07-13,6.2,0.000594682310663084,0.983192572
2015-07-13,8,0.000612410868253394,0.15618934
2015-07-13,9,0.00070757853408795,0.183123149
2015-07-20,0.1,1.78821984012043e-05,0.476534165
2015-07-20,1.6,1.98931982773406e-05,0.6328717325
2015-07-20,3.8,8.74179984564666e-05,0.3542222955
2015-07-20,5,0.000709590516639036,9.3075588375
2015-07-20,6.2,0.000584764066003519,1.8114990365
2015-07-20,8,0.000887475147366148,0.0605165245
2015-07-20,9,0.00095267292639315,0.0332634515
2015-07-23,0.1,2.26899667362209e-05,0.4690051755
2015-07-23,6,0.000210839182753079,0.106105629
2015-07-23,11,0.000661430205137489,157.01170005
2015-07-27,0.1,1.6335255270563e-05,0.6895108815
2015-07-27,1.6,2.04884552835846e-05,0.7551035655
2015-07-27,3.8,9.28928583315865e-05,0.3926496595
2015-07-27,5,0.000396570518354073,11.16447492
2015-07-27,6.2,0.000894132753237927,4.267926646
2015-07-27,8,0.00098567030969123,0.459877853
2015-07-27,9,0.00110943871489732,0.0577302165
2015-08-03,0.1,2.34205606059162e-05,0.3813490795
2015-08-03,1.6,2.73586348924291e-05,0.4005855755
2015-08-03,3.8,5.03535084576735e-05,0.150949978
2015-08-03,5,0.000316952036273034,5.583954338
2015-08-03,6.2,0.000488823096467659,2.546583815
2015-08-03,8,0.000766294794544912,0.004004221
2015-08-03,9,0.00121399279859113,0.0040647685
2015-08-10,0.1,1.76198700478305e-05,0.557707986
2015-08-10,1.6,1.89646435358983e-05,0.5581852675
2015-08-10,3.8,0.00017577359228805,0.1650021105
2015-08-10,5,0.000415257915690048,17.494737425
2015-08-10,6.2,0.00085236664141751,2.8550501155
2015-08-10,8,0.0011662052010087,0.8680354225
2015-08-10,9,0.00112293888719503,0.15391209
2015-08-17,0.1,1.71258449670014e-05,0.322918213
2015-08-17,1.6,1.71738520145334e-05,0.336722856
2015-08-17,3.8,0.000183683003935057,0.4569536705
2015-08-17,5,0.000247507450787964,13.037747315
2015-08-17,6.2,0.000592174747508432,7.8495707785
2015-08-17,8,0.00129389422762988,2.5054232895
2015-08-17,9,0.00132095593545744,0.037654293
2015-08-24,0.1,1.71772075480687e-05,0.3079844
2015-08-24,1.6,1.66867600536108e-05,0.341171341
2015-08-24,3.8,0.000324297025363493,2.905031743
2015-08-24,5,0.000654495486594127,34.94679992
2015-08-24,6.2,0.00130346789371217,10.158549812
2015-08-24,8,0.000665179268060293,3.5768532465
2015-08-24,9,0.00157992230707421,0.031859497
2015-08-31,1.6,3.12207233105297e-05,0.202478972
2015-08-31,3.8,0.000125666303348769,0.148203768
2015-08-31,5,0.00106537606078218,70.646157885
2015-08-31,6.2,0.00109665287411628,16.452343205
2015-08-31,8,0.00174762033017639,0.0222934605
2015-08-31,9,0.0017884345227433,0.012866619
2015-09-07,0.1,3.68813436044997e-05,0.226125978
2015-09-07,1.6,3.41223850178809e-05,0.251572313
2015-09-07,3.8,0.000184299220309215,0.5444699495
2015-09-07,5,0.000678562654115136,42.17437735
2015-09-07,6.2,0.000875727580177983,18.05269607
2015-09-07,8,0.00146927658418609,9.00063082
2015-09-07,9,0.0013366190429458,0.041967072
2015-09-14,0.1,0.000210513259872579,3.943022983
2015-09-14,1.6,0.000139919212543908,3.1193408525
2015-09-14,3.8,0.000125581304190407,2.697560286
2015-09-14,5,0.00128747919104243,67.83371385
2015-09-14,6.2,0.00248619174146134,4.014804339
2015-09-14,8,0.0020905240075017,0.0501964725
2015-09-14,9,0.00214310489357242,0.0163516305
2015-09-21,0.1,7.29425076859068e-05,0.3976739875
2015-09-21,1.6,6.54232941098005e-05,0.487483905
2015-09-21,3.8,7.67974632696229e-05,0.405074889
2015-09-21,5,0.000739191117060808,44.141653415
2015-09-21,6.2,0.00196140599151374,8.0030688145
2015-09-21,8,0.00170444273523004,6.2702663275
2015-09-21,9,0.00209529870578222,0.045175721
2015-09-28,0.1,0.000139113238117016,0.1693400405
2015-09-28,1.6,0.000125744188978028,0.115418648
2015-09-28,3.8,0.000134342250477987,0.1543837835
2015-09-28,5,0.000548807973651949,6.057586434
2015-09-28,6.2,0.000836775751281514,5.976580455
2015-09-28,8,0.00212752325494979,0.02131106
2015-09-28,9,0.00183392714046154,0.171224384
2015-10-05,0.1,0.000161499783254251,0.161872272
2015-10-05,1.6,0.000164308727569538,0.0416168705
2015-10-05,3.8,9.25470628243484e-05,0.1359168575
2015-10-05,5,0.000236825731225108,0.0443965995
2015-10-05,6.2,0.000286388575232959,0.021979613
2015-10-05,8,0.000243113289234649,0.031108528
2015-10-05,9,0.000179388966785449,0.0205336215
2015-10-19,0.1,0.000121576872661674,0.1384620185
2015-10-19,1.6,0.000118605372718842,0.1433841405
2015-10-19,3.8,0.000126731271096544,0.147815806
2015-10-19,5,0.000118805071618677,0.1341234165
2015-10-19,6.2,0.000102520709739505,0.1503842795
2015-10-19,8,0.000113397024442454,0.154922926
2015-10-19,9,0.000116605512859602,0.1818437825
2015-11-09,0.1,9.04476718213058e-05,0.189468094
2015-11-09,1.6,8.61994162363194e-05,0.178646994
2015-11-09,3.8,6.44530068093323e-05,0.152448378
2015-11-09,5,0.000123716610927962,0.090108982
2015-11-09,6.2,0.000147083859023953,0.1227077985
2015-11-09,8,0.000185260667943416,0.077439932
2015-11-09,9,0.000198592086437868,0.079212197
2015-12-07,0.1,9.77016303332889e-05,0.097661272
2015-12-07,1.6,9.80293911618423e-05,0.099759357
2015-12-07,3.8,9.91262865636374e-05,0.0981088615
2015-12-07,5,0.00010202289695168,0.0968745515
2015-12-07,6.2,0.000101409008152778,0.098324515
2015-12-07,8,9.67316862307932e-05,0.1015020625
2015-12-07,9,0.000103222906066785,0.098417404
2016-01-11,0.1,7.31486804060191e-05,0.1060550985
2016-01-11,1.6,5.83119313222936e-05,0.099794782
2016-01-11,3.8,6.06452080752838e-05,0.108137491
2016-01-11,5,7.52743213534818e-05,0.1062036935
2016-01-11,6.2,6.53790364508896e-05,0.106245394
2016-01-11,8,6.39383720010671e-05,0.106449029
2016-01-11,9,6.73486822798559e-05,0.1061506055
2016-02-05,0.1,8.45064420920911e-05,0.2776935795
2016-02-05,1.6,9.74439699455635e-05,0.252695276
2016-02-05,3.8,9.38017603902662e-05,0.264471469
2016-02-05,5,9.32967785410751e-05,0.241342556
2016-02-05,6.2,0.000141082536857417,0.3524966025
2016-02-05,8,0.000171528244167286,0.308416243
2016-02-05,9,0.000455813349657945,0.315537706
2016-03-30,0.1,4.55935803621904e-05,0.137931704
2016-03-30,1.6,5.50151684865116e-05,0.144857634
2016-03-30,3.8,4.94128612535015e-05,0.191246271
2016-03-30,5,6.30249666520571e-05,0.1564658195
2016-03-30,6.2,0.000118265135853167,0.1238319825
2016-03-30,8,0.000348402377946529,0.105313179
2016-03-30,9,0.000155281248531103,0.0778490645
2016-04-11,0.1,4.6930009337424e-05,0.0815978425
2016-04-11,1.6,4.9400679297597e-05,0.0836763445
2016-04-11,3.8,5.50550015721173e-05,0.0973283065
2016-04-11,5,5.64390982875037e-05,0.105828079
2016-04-11,6.2,0.000103809991329535,0.1021490715
2016-04-11,8,0.000153907668931151,0.057602998
2016-04-11,9,0.000269708969850284,0.081850887
2016-04-18,0.1,4.04384732517738e-05,0.1639796285
2016-04-18,1.6,5.75747332640966e-05,0.1737294245
2016-04-18,3.8,4.72642533871982e-05,0.191472152
2016-04-18,5,5.21565047862238e-05,0.165881033
2016-04-18,6.2,0.000118000364191297,0.126667783
2016-04-18,8,0.000212010522117626,0.077399047
2016-04-18,9,0.000262789092650113,0.056338689
2016-04-25,0.1,4.7108591700491e-05,0.0705599545
2016-04-25,1.6,4.95380912272678e-05,0.0603342385
2016-04-25,3.8,5.9753717263436e-05,0.091976537
2016-04-25,5,6.05816948377384e-05,0.084559826
2016-04-25,6.2,0.000135225378340352,0.056961604
2016-04-25,8,0.000178046606767409,0.0405344155
2016-04-25,9,0.000245074328737669,0.028847358
2016-05-02,0.1,4.42405565612872e-05,0.1519649045
2016-05-02,1.6,4.85321983440364e-05,0.176533802
2016-05-02,3.8,5.23542026348051e-05,0.159463155
2016-05-02,5,6.16634585786789e-05,0.1148120165
2016-05-02,6.2,0.000180643067709028,0.055137847
2016-05-02,8,0.000215358255187987,0.0365378565
2016-05-02,9,0.00027773537962663,0.033236464
2016-05-09,0.1,4.86366427673076e-05,0.220768204
2016-05-09,1.6,6.51730781421702e-05,0.2419347865
2016-05-09,3.8,0.00011185113903869,0.1245591375
2016-05-09,5,0.000141062789603064,0.106303542
2016-05-09,6.2,0.000292789291102134,0.059322864
2016-05-09,8,0.000309404460350884,0.0581819635
2016-05-09,9,0.000320048124257611,0.059949781
2016-05-16,0.1,6.65022556389784e-05,0.2479069025
2016-05-16,1.6,5.65772872242443e-05,0.2526445165
2016-05-16,3.8,7.66433514047424e-05,0.234233697
2016-05-16,5,0.000172853199544562,0.0848130795
2016-05-16,6.2,0.000354693181123794,0.0537176695
2016-05-16,8,0.00027551677014057,0.0594014845
2016-05-16,9,0.000394724173129816,0.0564121635
2016-05-23,0.1,4.0552158278865e-05,0.2729694705
2016-05-23,1.6,4.83428492482421e-05,0.285831807
2016-05-23,3.8,7.32049890428188e-05,0.2498972985
2016-05-23,5,0.000193913829566604,0.1005114255
2016-05-23,6.2,0.000245823161575547,0.1114886855
2016-05-23,8,0.000328422979543419,0.0493833785
2016-05-23,9,0.00039529235395189,0.0526911265
2016-05-30,0.1,3.70691499344686e-05,0.462385775333333
2016-05-30,1.6,5.9659860399159e-05,0.434805953
2016-05-30,3.8,8.51023329797393e-05,0.198225838
2016-05-30,5,0.000140921047792366,0.17422944025
2016-05-30,6.2,0.000380056997033621,0.115187296
2016-05-30,8,0.000451606789323577,0.08219709075
2016-05-30,9,0.000437192171252803,0.06221374075
2016-05-31,0.1,5.55941580756014e-05,0.391053107
2016-05-31,1.6,7.98574156455844e-05,0.4108351325
2016-05-31,3.8,0.00011780571848937,0.244758093
2016-05-31,5,0.00026500100456708,0.2127601805
2016-05-31,6.2,0.00040841300252174,0.198403197
2016-05-31,8,0.000474108474665091,0.09853666
2016-05-31,9,0.000477827481404552,0.0849783
2016-06-02,0.1,5.53209131619567e-05,0.8771156885
2016-06-02,1.6,4.96616597747585e-05,0.564150955
2016-06-02,3.8,8.65942799702727e-05,0.2970171725
2016-06-02,5,0.000129643877825841,0.225795785
2016-06-02,6.2,0.000259623416163272,0.1084171185
2016-06-02,8,0.000355389229884838,0.202038437
2016-06-02,9,0.000468191743684535,0.0919687845
2016-06-06,0.1,2.46889545943937e-05,0.466799115
2016-06-06,1.6,2.64820580095407e-05,0.5450894345
2016-06-06,3.8,8.78752078688441e-05,0.2116499345
2016-06-06,5,0.000128375500044464,0.1683589885
2016-06-06,6.2,0.000499032324161061,0.0567596955
2016-06-06,8,0.000408076741397819,0.0817493865
2016-06-06,9,0.000454406965908874,0.0715132915
2016-06-13,0.1,3.33360916258551e-05,0.335393348
2016-06-13,1.6,2.86188167641697e-05,0.3290078265
2016-06-13,3.8,4.15808544378172e-05,0.2135908495
2016-06-13,5,8.53570197578622e-05,0.2024707575
2016-06-13,6.2,0.000527518665796444,0.049223504
2016-06-13,8,0.000618031330392362,0.0448298855
2016-06-13,9,0.000657618117143383,0.047640373
2016-06-20,0.1,3.80038486384511e-05,0.6208913345
2016-06-20,1.6,3.95840258271878e-05,0.644924717
2016-06-20,3.8,4.73967918484924e-05,0.2936320895
2016-06-20,5,0.000154602463491943,0.062891644
2016-06-20,6.2,0.000269156259345364,0.056393817
2016-06-20,8,0.000314229262502303,0.111755546
2016-06-20,9,0.000340359533859278,0.0997086885
2016-06-27,0.1,5.14230337576462e-05,0.840263438
2016-06-27,1.6,4.76111870914877e-05,0.8541136695
2016-06-27,3.8,8.86600279487522e-05,0.09295252
2016-06-27,5,0.000149658509537512,0.0886925195
2016-06-27,6.2,0.000461018279277906,0.0996420525
2016-06-27,8,0.000383316387814344,0.1172074535
2016-06-27,9,0.000751638439697391,0.117605094
2016-06-28,0.1,7.1267706217327e-05,0.768581037
2016-06-28,1.6,8.3458829423684e-05,0.7580691
2016-06-28,3.8,0.000162190450324269,0.3468220935
2016-06-28,5,0.000206097650065743,0.250380167
2016-06-28,6.2,0.000240477252637663,0.2800535915
2016-06-28,8,0.00077930061931894,0.189776886
2016-06-28,9,0.000705046861958572,0.171701227
2016-06-30,0.1,6.43784075563263e-05,0.6492435855
2016-06-30,1.6,7.22877077259244e-05,0.4406922305
2016-06-30,3.8,0.000124764529047646,0.2612067535
2016-06-30,5,0.000185606490065489,0.0966129145
2016-06-30,6.2,0.000334270390361492,0.040560426
2016-06-30,8,0.000709664373280993,0.0852956835
2016-06-30,9,0.000821357296688708,0.0851310315
2016-07-05,0.1,6.08435060280377e-05,0.509054101
2016-07-05,1.6,6.23682011643196e-05,0.458011707
2016-07-05,3.8,0.000105219378044985,0.3563535695
2016-07-05,5,0.000164331194031036,0.197934051
2016-07-05,6.2,0.000299657012723034,0.0769638635
2016-07-05,8,0.00083147051422528,0.068620268
2016-07-05,9,0.000792923261142977,0.0796360895
2016-07-11,0.1,4.61945609663916e-05,0.6830078665
2016-07-11,1.6,4.35582392444944e-05,0.7199579945
2016-07-11,3.8,0.000114498746053827,0.2795492745
2016-07-11,5,0.000201365637358589,0.1870834615
2016-07-11,6.2,0.000351193204006835,0.019797118
2016-07-11,8,0.000837170904555011,0.0703626835
2016-07-11,9,0.000814402273694507,0.0672370395
2016-07-18,0.1,3.73606556999574e-05,0.9362600145
2016-07-18,1.6,3.85362551530512e-05,0.9872878305
2016-07-18,3.8,0.000141874223913969,0.428555277
2016-07-18,5,0.000343923805032046,0.109966596
2016-07-18,6.2,0.000596619679256309,2.3871694455
2016-07-18,8,0.000867827810596388,0.7325239805
2016-07-18,9,0.000910586303523448,0.116978236
2016-07-24,0.1,6.84391030356156e-05,1.2344174475
2016-07-24,1.6,6.39141989824113e-05,1.229445395
2016-07-24,3.8,5.52713812241553e-05,0.47096435
2016-07-24,5,0.000448583355565295,0.417457483
2016-07-24,6.2,0.000757235149684624,4.184931295
2016-07-24,8,0.00105409183435918,0.2508669155
2016-07-24,9,0.000990962323176503,0.684919396
2016-07-27,0.1,0.00010995976642148,0.7133871255
2016-07-27,1.6,0.000123036414159219,0.630455248
2016-07-27,3.8,0.000197241008028914,0.385293361
2016-07-27,5,0.000222953203705115,0.193028228
2016-07-27,6.2,0.000208006753085479,3.691163547
2016-07-27,8,0.00103364898590494,0.030130605
2016-07-27,9,0.000960853205213713,0.0333936695
2016-08-01,0.1,4.39611114710572e-05,0.70887595
2016-08-01,1.6,5.46381499355273e-05,0.7261264945
2016-08-01,3.8,0.000143261210705007,0.3398304275
2016-08-01,5,0.000196914972718207,0.223293045
2016-08-01,6.2,0.000461300310612268,0.3347466285
2016-08-01,8,0.000863082769594298,0.293702046
2016-08-01,9,0.00103656932497412,0.095850792
2016-08-08,0.1,5.8302946243116e-05,0.916768025
2016-08-08,1.6,5.34887151037597e-05,0.5717497235
2016-08-08,3.8,0.000187068366030197,0.673272839
2016-08-08,5,0.00028720089347079,0.459137667
2016-08-08,6.2,0.000335945483894532,7.9784450565
2016-08-08,8,0.000787818303891864,2.7946539875
2016-08-08,9,0.000740506917157358,1.35408535
2016-08-15,0.1,4.80124027351665e-05,0.612732819
2016-08-15,1.6,5.46464305632309e-05,0.7275967755
2016-08-15,3.8,9.4469584087632e-05,0.451895025
2016-08-15,5,0.000172861076106358,2.9699798385
2016-08-15,6.2,0.000454597572904955,46.274664405
2016-08-15,8,0.000797490563167356,13.1036316
2016-08-15,9,0.000863949098335144,0.619759358
2016-08-26,0.1,4.35739464908436e-05,0.8974015375
2016-08-26,1.6,5.13033464978308e-05,0.924047483
2016-08-26,3.8,0.000139116274081979,1.0513675015
2016-08-26,5,0.000302113353421499,11.586365365
2016-08-26,6.2,0.000386709247066969,41.355689465
2016-08-26,8,0.00145364723656713,0.145777175
2016-08-26,9,0.00140939957060554,0.270673974
2016-09-02,0.1,4.87349446424148e-05,0.842263022
2016-09-02,1.6,4.52379950899124e-05,0.6459621
2016-09-02,3.8,0.000173385138648043,0.250028054
2016-09-02,5,0.000377106258980125,23.81243809
2016-09-02,6.2,0.000527326055065394,109.4158459
2016-09-02,8,0.00138531945773069,17.82543969
2016-09-02,9,0.00135080646521333,18.096394755
2016-09-09,0.1,4.14021984234363e-05,0.7004405965
2016-09-09,1.6,4.83488902757398e-05,0.7532605255
2016-09-09,3.8,6.15697088248185e-05,0.336493385
2016-09-09,5,0.000278191958921686,20.864979935
2016-09-09,6.2,0.00101593098865535,174.13593255
2016-09-09,8,0.00166996225536902,0.2332613325
2016-09-09,9,0.00159153269368803,0.071227606
2016-09-20,0.1,4.04568474283972e-05,0.6178293795
2016-09-20,1.6,3.85031707224117e-05,0.616285512
2016-09-20,3.8,4.43721697600854e-05,0.821739703
2016-09-20,5,0.000248108375875781,19.533870405
2016-09-20,6.2,0.000650092333625525,74.593970565
2016-09-20,8,0.0015797611586981,7.5297703015
2016-09-20,9,0.00139159857620164,6.5024107805
2016-09-30,0.1,9.26451067292973e-05,0.4103065315
2016-09-30,1.6,9.91403560289905e-05,0.4858009445
2016-09-30,3.8,0.000188313561687342,4.354215001
2016-09-30,5,0.000199320831268937,4.919748882
2016-09-30,6.2,0.000641172223704353,63.96330988
2016-09-30,8,0.00164933673704671,0.3316632735
2016-09-30,9,0.00183186269889666,0.018754149
2016-10-14,0.1,9.20190079780983e-05,0.218879199
2016-10-14,1.6,9.36174994918409e-05,0.2173465055
2016-10-14,3.8,9.45081683562958e-05,0.3758558185
2016-10-14,5,0.000145065954084647,0.285814338
2016-10-14,6.2,0.000114006739746302,0.2327833285
2016-10-14,8,0.000119365983319677,0.217030504
2016-10-14,9,0.000121031846380319,0.239691597
2016-11-05,0.1,5.75671447014883e-05,0.466589268
2016-11-05,1.6,5.78906769473611e-05,0.477966613
2016-11-05,3.8,6.46567557533141e-05,0.319178563
2016-11-05,5,9.06759581022797e-05,0.271430107
2016-11-05,6.2,9.46570150891502e-05,0.14981767
2016-11-05,8,9.49764062192325e-05,0.162255822
2016-11-05,9,0.000120680365128215,0.1103003325
2016-12-02,0.1,5.19500904682051e-05,0.2334458225
2016-12-02,1.6,5.50586727201123e-05,0.266622468
2016-12-02,3.8,5.09236749750684e-05,0.251818036
2016-12-02,5,5.50491333822436e-05,0.2042485635
2016-12-02,6.2,5.92041831818384e-05,0.2097197315
2016-12-02,8,5.679122080467e-05,0.1550607955
2016-12-02,9,5.98213560226385e-05,0.165653622
2017-02-07,0.1,4.9645103378623e-05,0.0798668815
2017-02-07,1.6,4.78805756490145e-05,0.0874002415
2017-02-07,3.8,4.91214901448889e-05,0.0897924775
2017-02-07,5,5.20161610800922e-05,0.086146095
2017-02-07,6.2,5.02274565047545e-05,0.0874896305
2017-02-07,8,4.94405257382599e-05,0.0878625735
2017-02-07,9,5.2295183969485e-05,0.08490661
2017-02-27,0.1,4.84101691375904e-05,0.0938506665
2017-02-27,1.6,5.10305006479029e-05,0.0970608965
2017-02-27,3.8,4.45735083147538e-05,0.091047343
2017-02-27,5,5.56703897421728e-05,0.0873446305
2017-02-27,6.2,5.63916005265799e-05,0.0800734445
2017-02-27,8,7.17220725270118e-05,0.0784464415
2017-02-27,9,6.05366975214538e-05,0.084961437
2017-03-13,0.1,4.99929367786522e-05,0.0795342955
2017-03-13,1.6,5.05834088108441e-05,0.0791141035
2017-03-13,3.8,5.41041515012926e-05,0.082424493
2017-03-13,5,4.84641948694984e-05,0.083444825
2017-03-13,6.2,5.31589534780317e-05,0.089534158
2017-03-13,8,7.21372825237723e-05,0.1039167105
2017-03-13,9,6.44949508038442e-05,0.111218842
2017-03-27,0.1,3.25790289730104e-05,0.085018689
2017-03-27,1.6,2.94952366052429e-05,0.0965450635
2017-03-27,3.8,3.73430493041396e-05,0.0911710425
2017-03-27,5,4.5119019856318e-05,0.0881886675
2017-03-27,6.2,4.43512984100971e-05,0.0831835065
2017-03-27,9,7.40482224593632e-05,0.0865866605
2017-04-10,0.1,6.37293262921534e-05,0.10857854
2017-04-10,1.6,5.31523046286945e-05,0.106533713
2017-04-10,3.8,7.18633176439202e-05,0.132248633
2017-04-10,5,8.3163412383838e-05,0.1287461575
2017-04-10,6.2,0.000104860447434114,0.126724772
2017-04-10,8,8.62081230666133e-05,0.1214878915
2017-04-10,9,0.000125455199246019,0.1164253
2017-04-17,0.1,5.98640365620494e-05,0.1687312395
2017-04-17,1.6,5.3785470237755e-05,0.171035137
2017-04-17,3.8,4.32991090700053e-05,0.138481051
2017-04-17,5,5.99893897008848e-05,0.138455943
2017-04-17,6.2,7.24260337068303e-05,0.127653186
2017-04-17,8,0.000106282498380243,0.085533446
2017-04-17,9,0.000111621219629552,0.0662826195
2017-04-24,0.1,5.2800717298372e-05,0.248115212
2017-04-24,1.6,5.69007484548786e-05,0.254448793
2017-04-24,3.8,9.18707622069351e-05,0.274326672
2017-04-24,5,5.76842445420534e-05,0.1931537155
2017-04-24,6.2,0.000122667164249735,0.115216583
2017-04-24,8,0.000117450873033265,0.1127359725
2017-04-24,9,0.000126546569481233,0.101412937
2017-05-05,0.1,4.97010450292509e-05,0.2097293925
2017-05-05,1.6,5.79410398841397e-05,0.306239346
2017-05-05,3.8,8.23406431706589e-05,0.27373086
2017-05-05,5,0.000122436715862822,0.1428330605
2017-05-05,6.2,0.000163689802516658,0.1473569665
2017-05-05,8,0.000174885021580883,0.100487447
2017-05-05,9,0.000187341288231035,0.1033455285
2017-05-08,0.1,6.94961505675502e-05,0.2388656075
2017-05-08,1.6,6.13864014711207e-05,0.2376029315
2017-05-08,3.8,0.00012325537365576,0.230825822
2017-05-08,5,0.000101600875351741,0.190324076
2017-05-08,6.2,0.000176628311149011,0.130308156
2017-05-08,8,0.00020953136123127,0.0833413325
2017-05-08,9,0.000213235540061995,0.092522955
2017-05-15,0.1,4.1272408864836e-05,0.166191413
2017-05-15,1.6,3.43448370714789e-05,0.214930672
2017-05-15,3.8,7.60917019837262e-05,0.188197806
2017-05-15,5,8.65220723523321e-05,0.1253164155
2017-05-15,6.2,0.000130911091970451,0.1310119315
2017-05-15,8,0.000191538789374393,0.069456844
2017-05-15,9,0.000214664694961602,0.0710139795
2017-05-22,0.1,5.24681069802008e-05,0.3100488205
2017-05-22,1.6,5.34682816916617e-05,0.3668456835
2017-05-22,3.8,0.000200509524124855,0.140417078
2017-05-22,5,0.000310313770588385,0.083215262
2017-05-22,6.2,0.00024060755262623,0.0643748455
2017-05-22,8,0.000142067285429807,0.1280973795
2017-05-22,9,0.000335038528625239,0.078402741
2017-05-29,0.1,4.53283727156659e-05,0.21481927
2017-05-29,1.6,5.37305745850563e-05,0.246459962
2017-05-29,3.8,0.000185076174832149,0.06361909
2017-05-29,5,0.000383130381881586,0.0755341875
2017-05-29,6.2,0.000414558049399419,0.0813143765
2017-05-29,8,0.000280009022651193,0.0673446335
2017-05-29,9,0.000305397820394331,0.083684402
2017-05-30,0.1,8.35963702510941e-05,0.290172945
2017-05-30,1.6,0.000119477543812845,0.243228814
2017-05-30,3.8,0.000148257332323367,0.178864647
2017-05-30,5,0.000165251282212525,0.103548266
2017-05-30,6.2,0.000184133628700828,0.1302346005
2017-05-30,8,0.000345736683372398,0.080091148
2017-05-30,9,0.000366067632169014,0.086625178
2017-06-01,0.1,6.56747014882711e-05,0.2137430255
2017-06-01,1.6,9.94383479905482e-05,0.189546953
2017-06-01,3.8,0.000131522511131861,0.148974422
2017-06-01,5,0.000159975141792277,0.1172187445
2017-06-01,6.2,0.000156295368478889,0.1639358665
2017-06-01,8,0.000332558216139134,0.1271788
2017-06-01,9,0.000198422056424719,0.1482631915
2017-06-05,0.1,4.50493131435359e-05,0.1933860035
2017-06-05,1.6,5.83343363282962e-05,0.262352809
2017-06-05,3.8,0.000114981248292903,0.114766119
2017-06-05,5,0.000180229181927321,0.0489408575
2017-06-05,6.2,0.000441374803564736,0.061761592
2017-06-05,8,0.000346107982703534,0.069266772
2017-06-05,9,0.000333500412545814,0.065976336
2017-06-12,0.1,3.70445413069853e-05,0.1685839475
2017-06-12,1.6,3.52539142227388e-05,0.227091613
2017-06-12,3.8,0.000227151894798356,0.10956496
2017-06-12,5,0.000217999866227109,0.053376148
2017-06-12,6.2,0.000271058986762455,0.088265112
2017-06-12,8,0.000385072271344271,0.0719661845
2017-06-20,0.1,2.5049008163894e-05,0.326536971
2017-06-20,1.6,3.06725730510509e-05,0.336256024
2017-06-20,3.8,0.000119253113919749,0.1195972825
2017-06-20,5,0.000183187270693193,0.121234923
2017-06-20,6.2,0.000469276166225203,0.126191224
2017-06-20,8,0.000227589617356175,0.107369399
2017-06-20,9,0.000403185288793186,0.109257163
2017-06-26,0.1,2.14675195577745e-05,0.288247111
2017-06-26,1.6,2.1827190440574e-05,0.2681466095
2017-06-26,3.8,0.000102462362892315,0.1276905355
2017-06-26,5,0.000181547233152937,0.112902482
2017-06-26,6.2,0.000364859023318152,0.221926639
2017-06-26,8,0.000528957400067331,0.214116873
2017-06-26,9,0.000507195941396548,0.2247633505
2017-07-06,0.1,1.51705415451849e-05,0.2852174075
2017-07-06,1.6,1.52024693230685e-05,0.2824098495
2017-07-06,3.8,7.5729517502906e-05,0.136490079
2017-07-06,5,0.000277370576601813,0.086127112
2017-07-06,6.2,0.000401499305251189,0.1910446245
2017-07-06,8,0.00055608290886166,0.1422266555
2017-07-06,9,0.000548685412656974,0.191133776
2017-07-10,0.1,1.35606626934975e-05,0.310589238
2017-07-10,1.6,1.35606626934975e-05,0.299480916
2017-07-10,3.8,0.000137710139648481,0.1247449115
2017-07-10,5,0.000301069201427927,0.086425592
2017-07-10,6.2,0.000724613645184239,0.103433791
2017-07-10,8,0.000693984385857931,0.0796802985
2017-07-10,9,0.000630293842858141,0.0788371855
2017-07-13,1.6,5.69187685081083e-05,0.171074393
2017-07-13,3.8,0.000307207752475688,0.1622941815
2017-07-13,5,0.000764180787614892,0.045213763
2017-07-13,6.2,0.00151767260021851,0.1486767235
2017-07-13,8,0.000617194845360825,0.000960914
2017-07-13,9,0.000471892442562138,0.003374296
2017-07-17,0.1,1.37427601870026e-05,0.215896677
2017-07-17,1.6,0.000146507011484396,0.169514719
2017-07-17,3.8,0.000122929351144311,0.0579761625
2017-07-17,5,0.000286074300360158,0.062804922
2017-07-17,6.2,0.000532472297069827,0.023475296
2017-07-17,8,0.000807119237634265,0.018285478
2017-07-17,9,0.000683127265913321,0.0160673445
2017-07-24,0.1,1.78005137917564e-05,0.323611683
2017-07-24,1.6,1.41166087206459e-05,0.286088305
2017-07-24,3.8,4.73708432583163e-05,0.119149376
2017-07-24,5,0.000431160664989742,0.0254977775
2017-07-24,6.2,0.000757360855867015,0.1060240355
2017-07-24,8,0.00069361158904536,0.1406449155
2017-07-24,9,0.00100002396256138,0.068228251
2017-07-31,0.1,3.22181281529686e-05,0.294574395
2017-07-31,1.6,3.36648000552623e-05,0.3138564095
2017-07-31,3.8,0.000209381827022632,0.1279910795
2017-07-31,5,0.000489693538280263,2.2771097925
2017-07-31,6.2,0.000525544304488951,0.9822697285
2017-07-31,8,0.000765856381049476,0.443095542
2017-07-31,9,0.000853450270277137,0.101755459
2017-08-07,0.1,5.97822431731997e-05,0.257945033
2017-08-07,1.6,7.18008373509665e-05,0.296586211
2017-08-07,3.8,0.000357268061722278,0.166963782
2017-08-07,5,0.000625911023877127,3.7710803255
2017-08-07,6.2,0.00116944326847952,0.791412941
2017-08-07,8,0.00127357805451277,0.080011911
2017-08-07,9,0.00136834766913759,0.053270703
2017-08-14,0.1,2.17400421740318e-05,0.397465193
2017-08-14,1.6,2.88571992174349e-05,0.41898176
2017-08-14,3.8,0.000202607251129066,0.2441682
2017-08-14,5,0.000752356823783118,8.5682213065
2017-08-14,6.2,0.00107976258186126,0.695326508
2017-08-14,8,0.00150466840536489,0.080578551
2017-08-14,9,0.00159859753399902,0.0665492655
2017-08-22,0.1,3.02162231803139e-05,0.154686049
2017-08-22,1.6,2.93869444502671e-05,0.265278582
2017-08-22,3.8,0.000314907769276699,0.1339410985
2017-08-22,5,0.000800802726908932,1.8481498675
2017-08-22,6.2,0.000551050585494598,0.257797127
2017-08-22,8,0.00120953180615635,0.137647466
2017-08-22,9,0.00139613387102921,0.2477052325
2017-08-28,0.1,2.80571750719363e-05,0.1480450415
2017-08-28,1.6,4.9531344652578e-05,0.15326766
2017-08-28,3.8,0.00014413259345364,0.121294292
2017-08-28,5,0.000568156470294923,0.087869557
2017-08-28,6.2,0.00107126347939732,0.0429859
2017-08-28,8,0.00143440388694095,0.024332793
2017-08-28,9,0.00149786884905133,0.03305818
2017-09-04,0.1,4.06453847241014e-05,0.099507073
2017-09-04,1.6,4.75021679180085e-05,0.1075418175
2017-09-04,3.8,8.13566874376711e-05,0.101881002
2017-09-04,5,0.000752675216920429,0.44172201
2017-09-04,6.2,0.000259206259678843,0.156198409
2017-09-04,8,0.00146578247645,0.029318792
2017-09-04,9,0.00128258797282619,0.192724551
2017-09-11,0.1,5.79155573711658e-05,0.044500067
2017-09-11,1.6,8.47402723574137e-05,0.0404674165
2017-09-11,3.8,7.2889506450445e-05,0.042474086
2017-09-11,5,0.00109703226175277,3.082221636
2017-09-11,6.2,0.000792382534253101,0.191271273
2017-09-11,8,0.00167937601663586,0.0188769255
2017-09-18,0.1,2.13756877806785e-05,0.107967505
2017-09-18,1.6,2.70845637279189e-05,0.0917817955
2017-09-18,3.8,8.31163706957334e-05,0.0323627415
2017-09-18,5,0.000207932240537124,0.1728787985
2017-09-18,6.2,0.00132389304012552,0.551075555
2017-09-18,8,0.00162606201637543,0.0259923685
2017-09-18,9,0.00161830990370384,0.0433201745
2017-09-25,0.1,2.18704538242151e-05,0.141533268
2017-09-25,1.6,2.32309335994817e-05,0.149371363
2017-09-25,3.8,6.96413380465093e-05,0.025356548
2017-09-25,5,0.00149276579850855,0.007374031
2017-09-25,6.2,0.00113485198134421,0.0098910315
2017-09-25,8,0.00152287886486778,0.009047023
2017-09-25,9,0.00176043240022613,0.0105389725
2017-10-02,0.1,2.08304337805134e-05,0.102476141
2017-10-02,3.8,2.67659722815075e-05,0.1000607765
2017-10-02,5,0.000523610676423322,0.5644453455
2017-10-02,6.2,0.000935700942635186,0.074823794
2017-10-02,8,0.00176099819651149,0.0404696755
2017-10-02,9,0.00180185173345783,0.024562919
2017-10-09,0.1,4.37600307118674e-05,0.1097632565
2017-10-09,1.6,2.56791907137095e-05,0.1158868705
2017-10-09,3.8,1.82980926437614e-05,0.06041644
2017-10-09,5,0.00141392419869657,0.514116244
2017-10-09,6.2,0.00160026037692703,0.024763516
2017-10-09,8,0.00204925560054881,0.114437682
2017-10-09,9,0.00187211206560334,0.0353917425
2017-10-16,0.1,1.77473320819915e-05,0.1366503385
2017-10-16,1.6,2.75677548926196e-05,0.154711654
2017-10-16,3.8,5.84011666698427e-05,0.12733805
2017-10-16,5,0.00119776659282479,0.2238894465
2017-10-16,6.2,0.00103050143713754,0.083179012
2017-10-16,8,0.0016560414129047,0.0491722125
2017-10-16,9,0.00186371181390577,0.02713144
2017-10-23,0.1,6.61286435327223e-05,0.0611376815
2017-10-23,1.6,8.42905551479696e-05,0.0654896255
2017-10-23,3.8,9.80850395887722e-05,0.0501718405
2017-10-23,5,0.000191160353059436,0.036332878
2017-10-23,6.2,0.0022927333557241,0.0288682025
2017-10-23,8,0.00206555547954342,0.037207617
2017-10-23,9,0.00206754764118884,0.085893615
2017-11-06,0.1,8.87723959702981e-05,0.003569446
2017-11-06,1.6,9.7466625601057e-05,0.006410291
2017-11-06,3.8,0.000146392138333619,0.010575133
2017-11-06,5,0.000173868568229891,0.012845997
2017-11-06,6.2,0.000128384238618823,0.015116249
2017-11-06,8,0.000148660547541463,0.018520477
2017-11-06,9,0.000160060666228379,0.020411119
2017-12-12,0.1,0.000108900743833807,0.093832496
2017-12-12,1.6,3.72453993336763e-05,0.0932405825
2017-12-12,3.8,5.57178375447021e-05,0.0877793225
2017-12-12,5,5.19846604861812e-05,0.093325246
2017-12-12,6.2,5.06378465010068e-05,0.0947314835
2017-12-12,8,5.37110013275657e-05,0.0966193405
2017-12-12,9,5.54798105519243e-05,0.093168943
2018-01-15,0.1,0.000102328644215561,0.408236803
2018-01-15,1.6,0.000158474173907934,0.3817882215
2018-01-15,3.8,0.000409618838094149,0.428271196
2018-01-15,5,0.000134529841247912,0.453436512
2018-01-15,6.2,0.000294638477142367,0.445637435
2018-01-15,8,0.000215662614113485,0.4516259865
2018-01-15,9,0.000224254596394611,0.449294085
2018-03-19,0.1,0.000182511830992625,0.060581966
2018-03-19,1.6,0.000227004563078428,0.039800991
2018-03-19,3.8,0.000203548045747026,0.0390366835
2018-03-19,5,0.000209534393035679,0.022397786
2018-03-19,6.2,0.000190010073921273,0.059520194
2018-03-19,8,0.000217999736408331,0.043141331
2018-03-19,9,0.000211959192376343,0.0444694385
2018-04-04,0.1,9.72598917303454e-05,0.1816260495
2018-04-04,1.6,8.09369082328131e-05,0.208055292
2018-04-04,3.8,8.21080971663777e-05,0.1113547455
2018-04-04,5,0.000177980346278687,0.100760116
2018-04-04,6.2,0.000232231714973544,0.086507209
2018-04-04,8,0.000256275521434787,0.089366518
2018-04-04,9,0.000237301953728935,0.171765304
2018-04-23,0.1,9.24988898628606e-05,0.194383417
2018-04-23,1.6,7.88333737478641e-05,0.2194196425
2018-04-23,3.8,0.000115886056272272,0.197212906
2018-04-23,5,0.000238405900759698,0.080218238
2018-04-23,6.2,0.000404709017601362,0.0474860255
2018-04-23,8,0.000475149440707358,0.05555542
2018-04-23,9,0.000426706599716701,0.079372232
2018-04-30,0.1,0.000108679978133277,0.2311641555
2018-04-30,1.6,9.83206815684331e-05,0.2496049825
2018-04-30,3.8,0.000117062384409678,0.273459672
2018-04-30,5,0.000524872527647033,0.219208637
2018-04-30,6.2,0.00050090921737142,0.0617342525
2018-04-30,8,0.000522300091627443,0.059636062
2018-04-30,9,0.000570732098506647,0.062208598
2018-05-07,0.1,8.96273131721198e-05,0.386858128
2018-05-07,1.6,5.8728963196575e-05,0.3719770045
2018-05-07,3.8,0.000199493296761756,0.2927670985
2018-05-07,5,0.000395723688473045,0.222662983
2018-05-07,6.2,0.000508720312867224,0.198334916
2018-05-07,8,0.000604986152346107,0.0983368545
2018-05-07,9,0.000587482936016414,0.105221685
2018-05-14,0.1,7.00431929226137e-05,0.487841003
2018-05-14,1.6,8.18341012570586e-05,0.684535373
2018-05-14,3.8,0.000194006888970406,0.484241012
2018-05-14,5,0.000494986995731463,0.3751962275
2018-05-14,6.2,0.000763701478584269,0.221832577
2018-05-14,8,0.000685830814928445,0.271910389
2018-05-14,9,0.000749370631737078,0.2076417635
2018-05-21,0.1,0.000206292942590722,0.789981855
2018-05-21,1.6,0.000317568291632525,0.703399038
2018-05-21,3.8,0.000519867034923236,0.7467029875
2018-05-21,5,0.000708781643005507,0.689795324
2018-05-21,6.2,0.00109176395087372,0.483050508
2018-05-21,8,0.00114593701971022,0.458550214
2018-05-21,9,0.00109200559578482,0.481166411
2018-05-28,0.1,0.000565218289441088,0.4453842105
2018-05-28,1.6,7.47127799162808e-05,0.485244637
2018-05-28,3.8,0.000376564248782006,0.2725045985
2018-05-28,5,0.000591383749547421,0.0604177795
2018-05-28,6.2,0.000904638497500492,0.107611671
2018-05-28,8,0.000998345311438027,0.0898836595
2018-05-28,9,0.00101916652565251,0.176892959
2018-06-04,0.1,6.06580109698852e-05,0.4536376155
2018-06-04,1.6,8.26855534011726e-05,0.548293622
2018-06-04,3.8,0.00041259075325063,0.100381443
2018-06-04,5,0.000475222519389447,0.2543938925
2018-06-04,6.2,0.000891556948282104,0.067624188
2018-06-04,8,0.00102059861177278,0.0687557645
2018-06-04,9,0.00112213974217276,0.065326929
2018-06-11,0.1,3.79419373725632e-05,0.313643954
2018-06-11,1.6,0.000420473933342226,0.503638658
2018-06-11,3.8,0.000290932951547027,0.223414343
2018-06-11,5,0.000399814434895287,0.199016472
2018-06-11,6.2,0.00102954890396428,0.0678158385
2018-06-11,8,0.00116287271042552,0.06436006
2018-06-11,9,0.00138274003642866,0.0607723535
2018-06-18,0.1,2.77235035793459e-05,0.383683446
2018-06-18,1.6,2.04109138289155e-05,0.425832451
2018-06-18,3.8,6.66833787500556e-05,0.205113375
2018-06-18,5,0.000834665354822113,0.254319801
2018-06-18,6.2,0.00137816161826451,0.0856832795
2018-06-18,8,0.00132746764995458,0.079832402
2018-06-18,9,0.00143818647407436,0.076819214
2018-06-25,0.1,3.35368140010544e-05,0.087365245
2018-06-25,1.6,3.85652611493289e-05,0.5527352065
2018-06-25,3.8,0.000311974344030083,0.2967343835
2018-06-25,5,0.000906512133887227,0.046670156
2018-06-25,6.2,0.00123073434266441,0.049074848
2018-06-25,8,0.00136130950511653,0.433915235
2018-07-02,0.1,1.78414678239991e-05,0.3062200795
2018-07-02,3.8,0.000842638268034885,0.0939220145
2018-07-02,5,0.00135024104941212,0.191627041
2018-07-02,6.2,0.00143069240048021,0.176990373
2018-07-02,8,0.00152645869253832,0.2063583275
2018-07-02,9,0.00138674156836963,0.19650554
2018-07-09,0.1,0.000256155582382123,0.311941746
2018-07-09,1.6,0.00020209875567709,0.248393012
2018-07-09,3.8,0.000845382723542377,0.1075978365
2018-07-09,5,0.000964099951724883,0.17502641
2018-07-09,6.2,0.00140828468138423,0.088502664
2018-07-09,8,0.00193821897529711,0.086276629
2018-07-09,9,0.00165646515552845,0.07256043
2018-07-16,0.1,0.000423001052842198,0.479296979
2018-07-16,1.6,0.000527091731615756,0.639861763
2018-07-16,3.8,0.00047682040894106,0.225853861
2018-07-16,5,0.00146138672211953,0.1850464795
2018-07-16,6.2,0.00218038449511214,0.085953485
2018-07-16,8,0.00210115619731819,0.102853696
2018-07-16,9,0.00183951014333263,0.0792618075
2018-07-23,0.1,1.69986603115015e-05,0.320956963
2018-07-23,1.6,0.000366945873430265,0.272195426
2018-07-23,3.8,0.000656463491942502,0.078216324
2018-07-23,5,0.00114863201847158,0.090588064
2018-07-23,6.2,0.00183137601584186,0.00178035
2018-07-23,8,0.00179414522393938,0.016486495
2018-07-30,0.1,1.48596629983929e-05,0.277072459
2018-07-30,1.6,0.00103479453125496,0.257563153
2018-07-30,3.8,0.000767202945893757,0.131293252
2018-07-30,5,0.00118726596572467,0.053921874
2018-07-30,6.2,0.00219247991373999,0.021004766
2018-07-30,8,0.00217100199611258,0.01443799
2018-07-30,9,0.00212802775374609,0.090588064
2018-08-06,0.1,1.67131548694349e-05,0.2905882085
2018-08-06,1.6,0.000444792987404006,0.291049643
2018-08-06,3.8,0.00051906284467481,0.097356443
2018-08-06,5,0.00172218528911079,1.6439852525
2018-08-06,6.2,0.00176006892098761,0.6400850695
2018-08-06,8,0.00201931579946135,1.8415405505
2018-08-13,0.1,1.61514263518621e-05,0.347767478
2018-08-13,1.6,4.10766071485286e-05,0.353859653
2018-08-13,3.8,0.00197711784766024,13.395393875
2018-08-13,5,0.00155630205772688,1.352519106
2018-08-13,6.2,0.00262074670966963,0.0024139385
2018-08-13,8,0.00300409425526104,0.068094416
2018-08-13,9,0.00270065731050428,0.00728894
2018-08-20,0.1,1.74777156373268e-05,0.333144294
2018-08-20,3.8,0.000750614007724019,0.297794439
2018-08-20,5,0.00275940904872611,0.257563153
2018-08-20,6.2,0.00249780434444296,1.3004445045
2018-08-20,8,0.00266344101225299,6.0907275165
2018-08-20,9,0.00295620035491739,20.84035825
2018-08-27,3.8,0.000986190562849756,7.612448155
2018-08-27,5,0.00176552567553404,4.9568882025
2018-08-27,6.2,0.00223097250350947,3.7515225055
2018-08-27,8,0.00214677885057581,28.99858217
2018-08-27,9,0.00145907340104554,84.718460885
2018-09-03,0.1,1.21119538083351e-08,0.643224477
2018-09-03,1.6,1.63129419475834e-05,0.651742267
2018-09-03,3.8,0.000325580791203765,1.4294050565
2018-09-03,5,0.0017877440405638,11.15468705
2018-09-03,6.2,0.00209198868806017,18.221400435
2018-09-03,8,0.00272391714830624,25.446235145
2018-09-03,9,0.00250833081715164,35.63201893
2018-09-10,0.1,1.12650399222517e-08,0.257167707
2018-09-10,1.6,3.25645589178751e-05,0.348653141
2018-09-10,3.8,0.00110210203755931,2.785210024
2018-09-10,5,0.00165417723796457,13.116266565
2018-09-10,6.2,0.00227509128983491,24.24016712
2018-09-10,8,0.00260603483399076,29.14313239
2018-09-17,0.1,0.000190649004770344,0.3401910855
2018-09-17,1.6,0.000243362944639239,0.4889274325
2018-09-17,3.8,0.00046088885511748,4.0283957
2018-09-17,5,0.00141788836156793,27.3129106
2018-09-17,6.2,0.00223907812390825,42.09217831
2018-09-17,8,0.00274661378143441,68.278138405
2018-09-17,9,0.00305736837535174,64.71455855
2018-09-24,0.1,0.000248326532099777,0.0488329485
2018-09-24,1.6,0.000240333725997421,0.0684653075
2018-09-24,3.8,0.000364266087206459,0.1279526795
2018-09-24,5,0.00117753933850385,3.4106382585
2018-09-24,8,0.00250641040408179,17.934338155
2018-09-24,9,0.00218648680850658,12.66447465
2018-10-01,0.1,0.000304889082328131,0.269908121
2018-10-01,1.6,0.000469515576030134,0.238716355
2018-10-01,3.8,0.000983190862028444,0.038629902
2018-10-01,5,0.00157636277575573,26.56174119
2018-10-01,6.2,0.00221810372544162,64.369868505
2018-10-01,8,0.00210965366700332,78.24535744
2018-10-01,9,0.00205537146384765,94.59549549
2018-10-08,0.1,3.04429098652743e-05,0.067806398
2018-10-08,1.6,0.000156114755337259,0.074458922
2018-10-08,3.8,0.000563486064053458,0.49196969
2018-10-08,5,0.000945189429019698,21.139139115
2018-10-08,6.2,0.00123783904377156,54.77256285
2018-10-08,8,0.00213330246457178,93.557477685
2018-10-08,9,0.00246034998570802,114.5895286
2018-10-15,0.1,0.000513688135913511,0.01958258
2018-10-15,1.6,0.00055761098735319,0.032559819
2018-10-15,3.8,0.000650063749039262,0.006750124
2018-10-15,5,0.000634236615406114,0.181290382
2018-10-15,6.2,0.00155528666781002,25.381941205
2018-10-15,8,0.00255915517687114,84.857435775
2018-10-15,9,0.000296319235156989,152.6216898
2018-10-21,0.1,0.000356323345148033,1.173245607
2018-10-21,5,0.000363381133798299,0.863657065
2018-10-21,9,0.00215748477555246,170.7015909
2018-10-22,0.1,0.000451021534989932,0.896962641
2018-10-22,1.6,0.000438407682572047,0.9228319595
2018-10-22,3.8,0.000454242521962002,1.103981223
2018-10-22,5,0.000476387211540294,0.94608674
2018-10-22,6.2,0.000503074080073175,4.3786232675
2018-10-22,8,0.000695574800071142,36.28283213
2018-10-22,9,0.0012875831799328,198.6566301
2018-10-29,0.1,0.000312455843814115,0.0155036005
2018-10-29,1.6,0.000303432506145549,0.017684988
2018-10-29,3.8,0.000311959695549161,0.012568721
2018-10-29,5,0.000329343466661585,0.015274394
2018-10-29,6.2,0.000303090965280027,0.0216030025
2018-10-29,8,0.000376326341063704,0.0133302535
2018-10-29,9,0.000236671353704162,0.011683215
2019-01-21,0.1,0.000127262125089722,0.175385622
2019-01-21,1.6,0.000104576125286634,0.181235258
2019-01-21,3.8,0.000108120807687177,0.174494871
2019-01-21,5,0.000114390247981655,0.1442075175
2019-01-21,6.2,0.000118646142500524,0.155293507
2019-01-21,8,0.000120313955574188,0.146300384
2019-01-21,9,7.35631199382587e-05,0.170396019
2019-02-14,0.1,0.000153054221976612,0.2342821975
2019-02-14,1.6,0.000160731114567652,0.226856024
2019-02-14,3.8,0.000163139056221456,0.227940544
2019-02-14,5,0.000139799407677014,0.2270469835
2019-02-14,6.2,0.000165171645911542,0.2245415195
2019-02-14,9,0.000242826875361269,0.239139156
2019-04-02,0.1,7.52382470098011e-05,0.257684475
2019-04-02,1.6,0.000105079733645216,0.2489011205
2019-04-02,3.8,9.51042216431325e-05,0.2977250115
2019-04-02,5,0.000118491313210232,0.2488027435
2019-04-02,6.2,0.000203579126236256,0.2696574425
2019-04-02,8,0.000240048208929626,0.236330244
2019-04-02,9,0.000236474144466465,0.256360818
2019-04-16,0.1,0.000132451464546373,0.5242460625
2019-04-16,1.6,0.000140139585755029,0.629250964
2019-04-16,3.8,0.000195064733549936,0.2453022775
2019-04-16,5,0.000262062147305804,0.1876114965
2019-04-16,6.2,0.000294152742645985,0.1346689085
2019-04-16,8,0.000304520032109305,0.168983317
2019-04-16,9,0.000310976522460634,0.140719009
2019-04-22,0.1,0.00011345574184881,0.329387807
2019-04-22,1.6,0.000111337191547408,0.290026487
2019-04-22,3.8,0.000166854966842617,0.2141122065
2019-04-22,5,0.000163528784213401,0.2827959155
2019-04-22,6.2,0.000330992262800846,0.0689860415
2019-04-22,8,0.000355702662277442,0.053323719
2019-04-22,9,0.000400395202660213,0.1035196405
2019-05-06,0.1,7.97315218413146e-05,0.7232016405
2019-05-06,1.6,0.000100680387487217,0.7660305945
2019-05-06,3.8,0.000257189980975793,0.0897051805
2019-05-06,5,0.000316608556288152,0.069370663
2019-05-06,6.2,0.000458473539360101,0.015252035
2019-05-06,8,0.000506415918402348,0.019430694
2019-05-06,9,0.000553770573775178,0.0404151575
2019-05-13,0.1,9.49758636482014e-05,0.694031443
2019-05-13,1.6,9.74916812444817e-05,0.9410304935
2019-05-13,3.8,0.000203267942733642,0.248253865
2019-05-13,5,0.0004436203271592,0.045875548
2019-05-13,6.2,0.000393596669652102,0.1205663335
2019-05-13,8,0.000558416387814344,0.164432505
2019-05-16,0.1,4.3269032131537e-05,0.449322554
2019-05-16,1.6,3.65274653657793e-05,0.510446935
2019-05-16,5,0.000318174128665892,0.093124356
2019-05-16,9,0.000699677890155052,0.2622205385
2019-05-20,0.1,3.2674128488036e-05,0.4356601775
2019-05-20,1.6,3.10918071456702e-05,0.440840412
2019-05-20,3.8,9.14718795853422e-05,0.177858019
2019-05-20,5,0.000263083780735687,0.161700142
2019-05-20,6.2,0.000492904632346869,0.0182827565
2019-05-20,8,0.000643574137558677,0.074784172
2019-05-20,9,0.000721471615818994,0.137878119
2019-05-23,0.1,3.34968466026386e-05,0.557389132
2019-05-23,1.6,3.26657693560989e-05,0.644602999
2019-05-23,5,0.000367506812190738,0.030674205
2019-05-23,9,0.000656986029593917,0.0896537645
2019-05-27,0.1,3.47451830166867e-05,0.423215991
2019-05-27,1.6,4.33412160883181e-05,0.5304761315
2019-05-27,3.8,7.65632816599018e-05,0.271323016
2019-05-27,5,0.000210429924697169,0.061453028
2019-05-27,6.2,0.000548997425856407,0.016307117
2019-05-27,8,0.00053553010509366,0.1366145495
2019-05-27,9,0.000782412426396326,0.301879311
2019-05-30,0.1,3.41847146702365e-05,0.427927447
2019-05-30,1.6,2.98037808960751e-05,0.5088936165
2019-05-30,5,0.00012982551411412,0.1542191925
2019-05-30,9,0.000749247269121075,1.2855197005
2019-06-03,0.1,3.82376728058642e-05,0.2554857905
2019-06-03,1.6,3.12736929813696e-05,0.2568976105
2019-06-03,3.8,8.04864914470466e-05,0.089431225
2019-06-03,5,0.00035350162404482,0.0543629845
2019-06-03,6.2,0.000536361274939497,0.1156017605
2019-06-03,8,0.000619859970399731,0.354210956
2019-06-03,9,0.000672533318882558,0.830834655
2019-06-06,0.1,4.12820985701672e-05,0.233736106
2019-06-06,1.6,3.71265284156234e-05,0.241128336
2019-06-06,5,0.000145625600548812,0.0646950785
2019-06-06,9,0.000708357513926736,0.0978082815
2019-06-10,0.1,3.13313019052791e-05,0.064270396
2019-06-10,1.6,4.66103175676963e-05,0.138801042
2019-06-10,3.8,0.000134216702412485,0.0631852105
2019-06-10,5,0.000438604284893064,0.0748712225
2019-06-10,6.2,0.000490170196149424,0.0620946555
2019-06-10,8,0.000632635573838698,0.026589192
2019-06-10,9,0.000665028073251139,0.027002115
2019-06-13,0.1,3.149281889685e-05,0.279297011
2019-06-13,1.6,4.01857516626331e-05,0.28092121
2019-06-13,5,0.000478872465873938,0.084124018
2019-06-13,9,0.000738600427171269,0.052186372
2019-06-17,0.1,3.84594122504462e-05,0.267162221
2019-06-17,1.6,3.69907143065851e-05,0.202373952
2019-06-17,3.8,0.000133710143015035,0.116664673
2019-06-17,5,0.000618242285032808,0.124955332
2019-06-17,6.2,0.000716870818961958,0.0582879865
2019-06-17,8,0.000817927544924443,0.244688084
2019-06-17,9,0.000806993955129549,0.1358275195
2019-06-20,0.1,4.71994612719223e-05,0.614523762
2019-06-20,1.6,0.000539789215275263,0.694729768
2019-06-20,5,0.000830080760301338,0.0603491485
2019-06-20,9,0.000454664285147144,0.4757920895
2019-06-24,0.1,4.8025535059804e-05,0.402589833
2019-06-24,3.8,0.000141215720315567,0.245420259
2019-06-24,5,0.00046851263426517,0.161673798
2019-06-24,6.2,0.000911152280364096,0.4022532385
2019-06-24,8,0.000984528842635822,0.196159808
2019-06-24,9,0.00104669798641945,0.3551922645
2019-06-27,0.1,2.54589915613824e-05,0.452516898
2019-06-27,1.6,2.8951172893204e-05,0.5123859765
2019-06-27,5,0.000425242691401312,0.139434151
2019-06-27,9,0.000969866046077329,0.271357391
2019-07-01,0.1,2.20592306153172e-05,0.512979324
2019-07-01,1.6,2.28256656408204e-05,0.825530137
2019-07-01,3.8,0.000180675922070621,0.3156278685
2019-07-01,5,0.000979440920784344,0.164973853
2019-07-01,6.2,0.00101547881294027,0.589784578
2019-07-01,8,0.001070236564749,0.1725488995
2019-07-01,9,0.00146066106262426,3.9923522445
2019-07-03,0.1,1.93668257792303e-05,0.7488824845
2019-07-03,1.6,2.59817854901512e-05,0.744948193
2019-07-03,5,0.000506632218876841,0.24309347
2019-07-03,9,0.00110213103899486,0.297055708
2019-07-08,0.1,1.26150047068239e-05,1.335567396
2019-07-08,1.6,1.43873528466439e-05,1.047540746
2019-07-08,3.8,0.00023055689854603,0.211793325
2019-07-08,5,0.000914958779719369,0.3005580795
2019-07-08,6.2,0.00130557177874751,0.750794056
2019-07-08,8,0.00129065866443077,0.904194898
2019-07-08,9,0.00127049857381964,0.8198772245
2019-07-11,0.1,2.88214747381392e-05,0.755181799
2019-07-11,1.6,3.05474326752673e-05,1.0218042075
2019-07-11,5,0.000713618870965693,0.119006462
2019-07-11,9,0.00104123792804467,0.0247202595
2019-07-15,0.1,1.37840521228348e-05,0.8012455205
2019-07-15,1.6,8.54136692106383e-06,0.827461577
2019-07-15,3.8,0.000107335827695943,0.2268163275
2019-07-15,5,0.000585458995686999,0.2004374065
2019-07-15,6.2,0.00100812481817431,0.032779765
2019-07-15,8,0.00117167917659165,0.0488775255
2019-07-15,9,0.00116630380071269,0.0548259665
2019-07-18,0.1,7.83750892295672e-06,0.9347233875
2019-07-18,1.6,7.0423391342874e-06,0.9852563505
2019-07-18,5,0.000667430680742675,0.126856428
2019-07-18,9,0.00133881602892696,0.0120818075
2019-07-24,5,0.0014332331772332,0.417128165
2019-07-24,9,0.00175372118801253,10.81043906
2019-07-29,0.1,6.85656637987436e-06,0.68799329
2019-07-29,1.6,8.44467111305905e-06,0.562680954
2019-07-29,3.2,3.86664590185542e-05,0.2466106975
2019-07-29,3.8,0.000351296316640306,0.1568415055
2019-07-29,5,0.000671214872864938,0.1566971365
2019-07-29,6.2,0.0011299680517179,0.53412424
2019-07-29,8,0.00132501695885817,0.274646651
2019-07-29,9,0.00183163216599653,27.18315837
2019-08-01,0.1,1.01103143774098e-05,0.6770156095
2019-08-01,1.6,9.88407773246692e-06,0.7347390665
2019-08-01,5,0.00154541809237063,0.036445077
2019-08-01,9,0.00188622719429464,12.91369533
2019-08-05,0.1,9.89620438954209e-06,0.78952695
2019-08-05,1.6,6.07758343020117e-06,0.696036055
2019-08-05,3.8,0.000618532857728148,0.1266615795
2019-08-05,5,0.00154879338821452,0.046260496
2019-08-05,6.2,0.00165605410894297,1.697857972
2019-08-05,8,0.00170096401884,0.516461737
2019-08-05,9,0.00200631055859392,26.29257168
2019-08-08,0.1,1.40888795821662e-05,0.724737426
2019-08-08,1.6,1.57510827997662e-05,0.7928685895
2019-08-08,5,0.000999352018820944,0.829303321
2019-08-08,9,0.00180870082766418,0.087891322
2019-08-12,0.1,1.00530425090992e-05,0.455611313
2019-08-12,1.6,1.23224721973436e-05,0.413613218
2019-08-12,3.8,0.00106528019370391,0.074917898
2019-08-12,5,0.00179009291689693,6.3645581555
2019-08-12,6.2,0.00152292565123769,0.2699460045
2019-08-12,8,0.00188365906587648,0.0260477165
2019-08-12,9,0.00136500196371744,0.3267099035
2019-08-14,0.1,5.81254733819896e-06,0.6587353625
2019-08-14,1.6,0.000119412696070024,0.542207841
2019-08-14,5,0.00170099273237164,7.179082484
2019-08-14,9,0.00200142535984018,0.0122563175
2019-08-19,0.1,5.4245049672555e-06,0.598359898
2019-08-19,1.6,7.23436688771589e-06,0.627478257
2019-08-19,3.8,0.001065665420724,3.999203621
2019-08-19,5,0.00162486630682648,18.691341105
2019-08-19,6.2,0.00151725387153737,3.1039671975
2019-08-19,8,0.0019211409484155,0.9339339355
2019-08-19,9,0.00181175281964797,0.065242214
2019-08-22,0.1,3.71202522374882e-06,0.483336492
2019-08-22,5,0.00173563985936696,10.016893928
2019-08-22,9,0.00227875457978416,4.067047968
2019-08-28,0.1,4.30979160394077e-05,0.126460512
2019-08-28,1.6,5.52714096493067e-05,0.1667725845
2019-08-28,3.8,0.000662034764595283,6.4422731955
2019-08-28,5,0.00163574736138372,14.67107954
2019-08-28,6.2,0.00188685631800598,1.0851600685
2019-08-28,8,0.00215126535116972,7.866940424
2019-08-28,9,0.00154138137025109,52.147601025
2019-09-02,0.1,6.90574943943696e-05,0.3157850335
2019-09-02,1.6,4.48728530911955e-05,0.14192215
2019-09-02,3.8,0.000635348908410669,10.671775835
2019-09-02,5,0.0017833867980258,28.7663601
2019-09-02,6.2,0.0021778161211896,17.794226895
2019-09-02,8,0.0019423513409049,24.24558996
2019-09-02,9,0.00137619679637428,120.5333929
2019-09-11,0.1,3.02611020780532e-05,0.4185248065
2019-09-11,1.6,3.55953170928851e-05,0.3425387215
2019-09-11,3.8,0.000865535064726769,24.513712575
2019-09-11,5,0.00228567328575693,17.6507872
2019-09-11,6.2,0.00194924922601012,1.329206873
2019-09-11,8,0.00229010674946484,0.052273895
2019-09-11,9,0.00215797842197534,0.029640237
2019-09-20,0.1,0.000163068028834855,0.8465831135
2019-09-20,1.6,0.000162340642074941,0.5888242645
2019-09-20,3.8,0.000872495341133576,29.04596868
2019-09-20,5,0.00184353161226188,59.166716675
2019-09-20,9,0.00237183332253495,0.025264035
2019-09-27,0.1,0.000152700418516683,0.266816412
2019-09-27,1.6,0.000126689146816701,0.3069589665
2019-09-27,3.8,0.00114199803739416,23.02817344
2019-09-27,5,0.00218105808465296,43.76372203
2019-09-27,6.2,0.00263606061576183,0.0854602985
2019-09-27,8,0.00276004477167775,0.010035639
2019-09-27,9,0.00225022765783105,0.5717476115
2019-10-11,0.1,0.000131400217349188,0.061983271
2019-10-11,1.6,0.000118188371762868,0.032221473
2019-10-11,3.8,0.000456380540681314,0.013837284
2019-10-11,5,0.00202198849829449,63.973553625
2019-10-11,6.2,0.00274983084383,0.028807414
2019-10-11,8,0.00253520945350662,0.3751766065
2019-10-11,9,0.00269209922632772,0.029531608
2019-10-16,0.1,0.000214317117610255,0.15837353
2019-10-16,1.6,0.000231280015292414,0.0446465775
2019-10-16,3.8,0.000253131573244787,0.061740149
2019-10-16,5,0.00197199483805604,22.57514277
2019-10-16,6.2,0.00268951131225743,0.2587054745
2019-10-16,8,0.0023068864849786,0.0898311276666667
2019-10-16,9,0.00281575795507238,0.0459889235
2019-10-23,0.1,0.000249626671065419,0.0673604135
2019-10-23,1.6,0.000249082928711626,0.064023947
2019-10-23,3.8,0.000282359543593701,0.0558327925
2019-10-23,5,0.00026863637850868,0.058980451
2019-10-23,6.2,0.00155475434301376,0.0213145895
2019-10-23,8,0.00224619675699195,0.024982116
2019-10-23,9,0.00230473349959665,0.0216689275
2019-10-25,1.6,0.000908561768330253,0.048846904
2019-10-25,5,0.00124368567991692,0.013255342
2019-10-25,9,0.00202956765995897,0.0166952645
2019-10-28,0.1,0.000588574394655436,0.264532652
2019-10-28,1.6,0.00065595627941765,0.139847088
2019-10-28,5,0.00129293204022715,0.033408634
2019-10-28,9,0.00180118706496814,0.0253649045
2019-10-30,0.1,0.00081600332351951,0.245894995
2019-10-30,1.6,0.000684427716428149,0.2626781975
2019-10-30,3.8,0.000833558385102045,0.1073850795
2019-10-30,5,0.00110089908340797,0.042194662
2019-10-30,6.2,0.00155893923179044,0.036111431
2019-10-30,8,0.00180191287738755,0.039458243
2019-10-30,9,0.00172808471632017,0.0421067245
2019-11-08,0.1,0.000226861741699538,0.154387875
2019-11-08,1.6,0.000211734437197884,0.1407807815
2019-11-08,3.8,0.000198689045947113,0.1272176575
2019-11-08,5,0.000200995621494496,0.1300135645
2019-11-08,6.2,0.000284708073124099,0.1537076495
2019-11-08,8,0.000203934868243866,0.141204953
2019-11-08,9,0.000267988261778176,0.1443215745
2019-11-20,0.1,7.40798425024296e-05,0.159348606
2019-11-20,1.6,9.19141575833222e-05,0.1685432865
2019-11-20,3.8,8.82090166168036e-05,0.181276174
2019-11-20,5,6.73795019564127e-05,0.1749472335
2019-11-20,6.2,0.000101734070418151,0.201062196
2019-11-20,8,0.00010245256428213,0.194583244
2019-11-20,9,0.00010588998267495,0.187962039
2020-02-29,0.1,0.000154307327241776,0.1071304935
2020-02-29,1.6,0.000145374688403173,0.1075057085
2020-02-29,3.8,0.000168544647623403,0.0814702555
2020-02-29,5,0.000155003451385051,0.0790907995
2020-02-29,6.2,0.000149205379166111,0.101473217
2020-02-29,8,0.000146182067016661,0.0895294455
2020-02-29,9,0.000135709633966627,0.087996695
2020-06-22,0.1,0.000108031806934467,0.696572446
2020-06-22,1.6,8.87845769575242e-05,0.566143769
2020-06-22,3.8,0.000600374178052607,0.192116229
2020-06-22,5,0.00121826702761845,15.83465739
2020-06-22,6.2,0.00113816353735922,22.08703878
2020-06-22,8,0.00127611249579181,30.324912725
2020-06-22,9,0.00120663022895745,44.852824795
2020-07-06,0.1,6.66447436178389e-05,1.065801063
2020-07-06,1.6,7.71429908499597e-05,1.5503500395
2020-07-06,3.8,0.000414574508356042,0.6738731515
2020-07-06,5,0.00124172588292649,23.349421795
2020-07-06,6.2,0.00129090188320598,29.661114655
2020-07-06,8,0.00166845625670929,37.51607856
2020-07-06,9,0.00154609004690944,35.070882435
2020-07-20,0.1,2.51634557885677e-05,0.643042007
2020-07-20,1.6,1.3559362155484e-05,0.6019604905
2020-07-20,3.8,0.000673122442371579,0.3985423885
2020-07-20,5,0.00115981428149475,17.479126085
2020-07-20,6.2,0.00125362466477377,19.62495065
2020-07-20,8,0.00171120000524039,30.279429125
2020-07-20,9,0.00215011528320343,36.755193885
2020-07-27,0.1,0,0.5678651105
2020-07-27,1.6,0,0.6104087485
2020-07-27,3.8,0.000342319460112684,0.653041901
2020-07-27,5,0.0016253200371909,26.31485235
2020-07-27,6.2,0.00208778431296886,10.7917290395
2020-07-27,8,0.00218753283343179,4.625129542
2020-07-27,9,0.00203399876072692,4.762536348
2020-08-03,0.1,0,0.9626116995
2020-08-03,1.6,5.78167043498422e-05,1.037876574
2020-08-03,3.8,0.000800398675292668,2.178942606
2020-08-03,5,0.00137233016813715,16.80397258
2020-08-03,6.2,0.00197599085742325,1.593841363
2020-08-10,0.1,0,0.9611255865
2020-08-10,1.6,1.54014482725766e-05,0.6807596795
2020-08-10,3.8,0.000891502014056952,16.387336965
2020-08-10,5,0.00148617611604449,6.9500621865
2020-08-10,6.2,0.00200133971088922,0.987947456
2020-08-10,8,0.00233266177579384,0.0076081265
2020-08-10,9,0.00230202859220865,0.0032237825
2020-08-17,0.1,0.000128895839780602,0.2244038415
2020-08-17,1.6,0.00179221332837878,0.263268809
2020-08-17,3.8,0.00129992644745952,33.143599795
2020-08-17,5,0.00138660804939942,16.29891821
2020-08-17,6.2,0.00199006334140036,0.426196748
2020-08-17,8,0.00243231381017716,0.018838139
2020-08-17,9,0.00246874644034529,0.022585094
2020-08-24,0.1,5.07799820397508e-05,0.5370948115
2020-08-24,1.6,6.21830562278077e-05,0.545220418
2020-08-24,3.8,0.000919420902808214,18.287391675
2020-08-24,5,0.00212105721458925,8.7834433025
2020-08-24,6.2,0.00207446263061278,0.02756995
2020-08-24,8,0.00228437315363556,0.3557094645
2020-08-24,9,0.0024536255241979,0.0122273505
2020-09-02,0.1,8.27762077195724e-05,0.522506611
2020-09-02,1.6,0.00079222022770293,0.3533411185
2020-09-02,3.8,0.00107837010642758,19.80924579
2020-09-02,5,0.00224740991910742,9.655031308
2020-09-02,6.2,0.00243571418367412,0.05018773
2020-09-02,8,0.00261355006479029,0.002899393
2020-09-02,9,0.0025352482466922,0.006542879
2020-09-11,0.1,0,0.5985128425
2020-09-11,1.6,6.33202048834092e-06,0.4041925175
2020-09-11,3.8,0.00115559373900312,18.49624178
2020-09-11,5,0.0023107596386671,0.9645538725
2020-09-11,6.2,0.00245164709460017,0.09835646
2020-09-11,8,0.00238580263829868,0.005825449
2020-09-11,9,0.00226014625883721,0.0092062895
2020-09-15,0.1,0,0.630371581
2020-09-15,1.6,0,0.6213387535
2020-09-15,3.8,0.00109913652107908,27.330991675
2020-09-15,5,0.00220748033408287,4.2698719855
2020-09-15,6.2,0.00205194133906283,5.7028636085
2020-09-15,8,0.00258206722532411,0.238888338
2020-09-15,9,0.00301185504284417,6.8958215205
2020-09-21,0.1,0.000164735979714923,0.225089724
2020-09-21,1.6,0.000153205751821433,0.271770932
2020-09-21,3.8,0.000557150936918396,16.9560008
2020-09-21,5,0.00150637264484123,9.0559189855
2020-09-21,6.2,0.00246200481560176,11.304724075
2020-09-21,8,0.00276389887919152,3.620212675
2020-09-21,9,0.00242732808547872,37.49097267
2020-09-29,0.1,5.7414442184195e-05,0.453810571
2020-09-29,1.6,0.000101590670865331,0.7429465455
2020-09-29,3.8,0.000606547938938329,0.984253899
2020-09-29,5,0.00115568435695638,15.04938878
2020-09-29,6.2,0.000953785404875787,14.82989747
2020-09-29,8,0.00125740750217556,31.66862233
2020-09-29,9,0.00128903534929588,44.4050593
2020-09-30,0.1,0.000176141544644956,0.264909877
2020-09-30,1.6,0.000153465656303396,0.298646329
2020-09-30,3.8,0.000366635992275981,2.7040011655
2020-09-30,5,0.00114963356756293,10.949969609
2020-09-30,6.2,0.00256849022905273,0.040731539
2020-09-30,8,0.00237532053598084,0.01770712
2020-09-30,9,0.00326494574305569,0.011486397
2020-10-06,0.1,6.86649866131829e-05,0.2294319035
2020-10-06,1.6,8.48515219207145e-05,0.1500978155
2020-10-06,3.8,0.000328714455094613,0.1008506105
2020-10-06,5,0.00256462873052321,1.953653695
2020-10-06,6.2,0.00301640345008289,0.0236914785
2020-10-06,8,0.00297764095762588,0.0284297745
2020-10-06,9,0.0031320519851554,0.0320288075
2020-10-13,0.1,0,0.3319992655
2020-10-13,1.6,0,0.354227542
2020-10-13,3.8,0.000185143112061792,0.1402609455
2020-10-13,5,0.000977669854412409,10.5512553
2020-10-13,6.2,0.00247326307366402,0.0284200695
2020-10-13,8,0.00303615098376432,0.01784998
2020-10-13,9,0.00290620131787894,0.0207774805
2020-10-19,0.1,0.000211577772278014,0.095430423
2020-10-19,1.6,0.000242116544041517,0.0919269505
2020-10-19,3.8,0.00035162599885029,0.07644892
2020-10-19,5,0.00133045815246044,0.118908922
2020-10-19,6.2,0.00253299756226537,0.03168813
2020-10-19,8,0.00270496095591084,0.0193213925
2020-10-19,9,0.003133622082055,0.016523843
2020-10-28,0.1,3.85591439265456e-05,0.5757422205
2020-10-28,1.6,5.03053632226182e-05,0.6358141845
2020-10-28,3.8,0.000613874853269051,0.19764963
2020-10-28,5,0.00138364652530315,0.051266792
2020-10-28,6.2,0.00265252875227878,0.0260370715
2020-10-28,8,0.00319260580428886,0.023816856
2020-10-28,9,0.00314034965556339,0.031133475
2020-11-02,0.1,0.00125815384724101,0.036104205
2020-11-02,1.6,0.00127785215030712,0.0389799925
2020-11-02,3.8,0.00124232638965642,0.03265326
2020-11-02,5,0.00111566371982011,0.0369669415
2020-11-02,6,0.0010600525712852,0.0359473435
2020-11-02,8,0.000867929601539722,0.0527837725
2020-11-02,9,0.000880531354371121,0.048914531
2020-11-04,0.1,0.00061804154772567,0.0602788275
2020-11-04,1.6,0.000649327689590996,0.0603837515
2020-11-04,5,0.000684670241407347,0.0877426795
2020-11-04,9,0.000685490154099256,0.095533285
2020-11-09,0.1,0.00013367474896939,0.1592267275
2020-11-09,1.6,0.000188327008737161,0.095060347
2020-11-09,3.8,0.00046226880252301,0.0639337065
2020-11-09,5,0.000665949481201288,0.0575997965
2020-11-09,6.2,0.000710351783956146,0.05465259
2020-11-09,8,0.000735785287046389,0.0658468055
2020-11-09,9,0.000722302978606501,0.05734127
2020-12-02,0.1,0.000221075172599424,0.032031827
2020-12-02,1.6,0.000219568331110137,0.028001679
2020-12-02,3.8,0.0002280496960732,0.034334769
2020-12-02,5,0.000233129904513723,0.0341254105
2020-12-02,6.2,0.000219482225895789,0.0375274835
2020-12-02,8,0.000235885271801615,0.041426783
2020-12-02,9,0.000237951797279443,0.04427929
2021-02-08,0.1,0.000115658806365964,0.226928411
2021-02-08,1.6,0.000115317807896793,0.1706092795
2021-02-08,3.8,0.000129838918970851,0.219198024
2021-02-08,5,0.000131615046210721,0.190399873
2021-02-08,6.2,0.000113882927711188,0.1859551705
2021-02-08,8,0.000122317607015137,0.235110769
2021-02-08,9,0.000138516044473452,0.264329716
2021-02-26,0.1,0.000103724750049228,0.1540505855
2021-02-26,1.6,0.000120628638467011,0.138001095
2021-02-26,3.8,0.000122891557936493,0.169406421
2021-02-26,5,0.000158999344839962,0.147937519
2021-02-26,6.2,0.000137754765468682,0.149138647
2021-02-26,8,0.00014661091144692,0.1635974005
2021-02-26,9,0.00014523426980709,0.145771486
2021-03-22,0.1,0.000319516527812184,0.2655131515
2021-03-22,1.6,9.7494089378839e-05,0.1669629745
2021-03-22,3.8,0.000111723179329357,0.1824014515
2021-03-22,5,0.000125990792140684,0.195335041
2021-03-22,6.2,0.00014852175802415,0.2188537975
2021-03-22,8,0.000108646397358208,0.1929792495
2021-03-22,9,0.000262606931560493,0.1909156445
2021-04-16,0.1,7.58926056335792e-05,0.340059373
2021-04-16,1.6,9.77128944585247e-05,0.4159351455
2021-04-16,3.8,5.90148303542504e-05,0.138266187
2021-04-16,5,0.000132951663728872,0.1011670485
2021-04-16,6.2,0.000269956661997955,0.063253463
2021-04-16,8,0.000556058001283102,0.008235918
2021-04-16,9,0.000555003853275403,0.001557853
2021-05-06,0.1,9.33843992923884e-05,0.392920625
2021-05-06,1.6,8.68404208827995e-05,0.467700351
2021-05-06,3.8,0.000173257195183922,0.2266863115
2021-05-06,5,0.000379503505027599,0.071883437
2021-05-06,6.2,0.000972375567391429,0.009244134
2021-05-06,8,0.000699809471450985,0.00305939
2021-05-06,9,0.00089569256420273,0.011024088
2021-05-14,0.1,6.84457285731527e-05,0.357082618
2021-05-14,1.6,6.67689249576005e-05,0.340001787
2021-05-14,3.8,0.000183481999939656,0.033809943
2021-05-14,5,0.00050638494149818,0.0098237405
2021-05-14,6.2,0.000741050019214767,0.003375637
2021-05-14,8,0.000943060727080435,0.011454491
2021-05-14,9,0.000956282243331999,0.0052938105
2021-05-24,0.1,2.11265351010919e-06,0.4787040555
2021-05-24,1.6,4.63476544168556e-06,0.498236692
2021-05-24,3.8,7.92723724361784e-05,0.112707095
2021-05-24,5,0.000711027864905895,0.061965308
2021-05-24,6.2,0.000776934181482681,0.01813576
2021-05-24,8,0.000993633871982011,0.0431667625
2021-05-24,9,0.000655294284321385,0.0283835725
2021-05-31,0.1,0,0.679315481
2021-05-31,1.6,0,0.470740135
2021-05-31,3.8,0.000270190837509766,0.1834272695
2021-05-31,5,0.000419794035799811,0.1623063565
2021-05-31,6.2,0.000895412235677853,0.179353877
2021-05-31,8,0.00103149618801253,0.8024767055
2021-05-31,9,0.000878229055427457,17.95741787
2021-06-07,0.1,0,0.565448838
2021-06-07,1.6,0,0.670793027
2021-06-07,3.8,0.000336324513437633,0.039176024
2021-06-07,5,0.00083152671710146,-0.0169584235
2021-06-07,6.2,0.000873438127973525,-0.014338126
2021-06-07,8,0.00105175361094702,4.3611169915
2021-06-07,9,0.000843893778226652,56.243877015
2021-06-15,0.1,0,0.6850209595
2021-06-15,1.6,0,0.874353435
2021-06-15,3.8,0.000330732416090224,0.194604037
2021-06-15,5,0.00057053293792201,0.607521841
2021-06-15,6.2,0.00112212833542949,-0.0007589965
2021-06-15,8,0.00112866666269667,0.0448478945
2021-06-15,9,0.00121633479953122,-0.0010600535
2021-06-21,0.1,0,0.9308848475
2021-06-21,1.6,0,0.3516269495
2021-06-21,5,0.00110813081270525,5.449780649
2021-06-21,6.2,0.00107939243652775,-0.017780533
2021-06-21,8,0.00121345616031785,-0.0254387465
2021-06-21,9,0.00126491293312626,-0.024631347
2021-06-28,0.1,0,0.9864310025
2021-06-28,1.6,0,0.4995646375
2021-06-28,3.8,0.00099173305479861,2.5325394695
2021-06-28,5,0.00147968777766132,11.020384555
2021-06-28,6.2,0.00138885936140277,0.0927930265
2021-06-28,8,0.00155738775495296,1.634504957
2021-06-28,9,0.00168123374795942,0.0381599005
2021-07-07,0.1,0.000143319060953688,0.6024338435
2021-07-07,1.6,0.000500868353278579,0.00915247
2021-07-07,3.8,0.00119678793344386,0.095109914
2021-07-07,5,0.00130406526494147,2.086581861
2021-07-07,6.2,0.00155170645377975,10.7491760565
2021-07-07,8,0.00167022524995077,7.7546614985
2021-07-07,9,0.00153780611505993,5.704248473
2021-07-12,0.1,0.000207703498246851,0.8965406145
2021-07-12,1.6,0.000235761767186895,0.593990752
2021-07-12,3.8,0.00129816310828236,3.76267381833333
2021-07-12,6.2,0.00138288690569202,1.4803003485
2021-07-12,8,0.00181992871035565,18.62003968
2021-07-12,9,0.00144614966620297,35.912876825
2021-07-21,0.1,1.02562518738368e-05,1.0676154905
2021-07-21,1.6,8.96798133785595e-06,1.0793360185
2021-07-21,3.8,0.000929183902630359,0.262404506
2021-07-21,5,0.000576295273008493,8.2129892785
2021-07-21,6.2,0.00147981276765694,24.54783821
2021-07-21,8,0.00169065022708361,29.549840555
2021-07-21,9,0.00143326210657367,60.30013915
2021-07-26,0.1,5.25114512071955e-05,1.304993355
2021-07-26,1.6,8.31721697600854e-05,2.4533939875
2021-07-26,3.8,0.000798846890542523,0.443538177
2021-07-26,5,0.00105833462580432,9.9917296615
2021-07-26,6.2,0.00132231402741519,38.746905955
2021-07-26,8,0.00154092122453646,30.79316696
2021-07-26,9,0.00161759815252396,74.975680005
2021-08-02,0.1,8.70947427126805e-05,1.28055922
2021-08-02,1.6,8.69816367487979e-05,1.324701081
2021-08-02,3.8,0.000947486712750348,0.199145583
2021-08-02,5,0.00117606271048904,10.267283305
2021-08-02,6.2,0.00176997163169897,42.97595667
2021-08-02,8,0.0018624823605262,47.95665272
2021-08-02,9,0.00173169176829849,42.196119715
2021-08-09,0.1,0.000106824539290229,0.8935067685
2021-08-09,1.6,0.000129256149376552,0.868757356
2021-08-09,3.8,0.000834644352446469,0.4952829755
2021-08-09,5,0.00124853122606094,22.241391945
2021-08-09,6.2,0.00148673410732321,30.7786298
2021-08-09,8,0.00193090303355121,50.154919105
2021-08-09,9,0.00184347730211966,44.85730125
2021-08-16,0.1,8.30236588410161e-05,0.3509269965
2021-08-16,1.6,9.62293121589776e-05,0.4408826425
2021-08-16,3.8,0.000664920346373967,0.3049872035
2021-08-16,5,0.00117279214116025,11.141607365
2021-08-16,6.2,0.00201159336915855,42.70994103
2021-08-16,8,0.00157359672412041,32.160977115
2021-08-16,9,0.00140159431512853,25.699579645
2021-08-23,0.1,0.00010187943362489,0.7210648865
2021-08-23,1.6,0.000101870949193615,0.622162049
2021-08-23,3.8,0.000820795831189537,0.225323578
2021-08-23,5,0.00155882543955765,20.23698263
2021-08-23,6.2,0.00197546196508312,16.46280678
2021-08-23,8,0.0020845417070018,18.472335515
2021-08-23,9,0.00213402645063552,17.584056991
2021-08-31,0.1,0.000102548349483266,0.6666830735
2021-08-31,1.6,9.95004672205601e-05,0.6098413895
2021-08-31,3.8,0.000514220384327102,0.189680427
2021-08-31,5,0.00140581951473979,0.574507153
2021-08-31,6.2,0.00240796765964137,0.8249116285
2021-08-31,8,0.00240437490249697,1.992765069
2021-08-31,9,0.00240584047598631,2.262767165
2021-09-06,0.1,8.61011536959049e-05,0.5245921515
2021-09-06,1.6,7.84504597887328e-05,0.487352733
2021-09-06,3.8,0.00072664711445014,0.254126287
2021-09-06,5,0.00138262772420934,4.675584102
2021-09-06,6.2,0.00177059659882742,1.8574204945
2021-09-06,8,0.00251425429330945,2.7641173995
2021-09-06,9,0.00254430234420159,2.1411245935
2021-09-14,0.1,7.81306905882577e-05,0.3484672685
2021-09-14,1.6,7.3551896608673e-05,0.310350764
2021-09-14,3.8,0.000465236474868355,0.2146457455
2021-09-14,5,0.00214162315617636,0.271010212
2021-09-14,6.2,0.00298415098709911,0.0887297685
2021-09-14,8,0.00292778049732899,0.05310132
2021-09-14,9,0.00287202746441298,0.3121956355
2021-09-21,0.1,9.06734903862645e-05,0.3329221435
2021-09-21,1.6,8.96347362495315e-05,0.3869901785
2021-09-21,3.8,0.000902062536603337,0.1542046715
2021-09-21,5,0.002842493223698,1.1200137655
2021-09-21,6.2,0.00238040445544397,0.0386821595
2021-09-21,8,0.00253160726604036,0.247046931
2021-09-21,9,0.0028988977828382,0.2315559715
2021-09-27,0.1,0.000179021946821147,0.110579272
2021-09-27,1.6,0.00016288688107806,0.1141874335
2021-09-27,3.8,0.000206504456174451,0.1212281545
2021-09-27,5,0.00106642010547478,0.773657518
2021-09-27,6.2,0.00234531689787907,0.0388159515
2021-09-27,8,0.00301319058015893,0.0106530285
2021-09-27,9,0.00317908221585965,0.010015161
2021-10-04,0.1,7.36893934326784e-05,0.2451072285
2021-10-04,1.6,7.76150580571806e-05,0.246811313
2021-10-04,3.8,0.000773420879147055,0.159616389
2021-10-04,5,0.00271801427625436,3.7323914695
2021-10-04,6.2,0.00322225003096595,0.029879768
2021-10-04,8,0.00346550509588328,0.009206755
2021-10-04,9,0.00334248542377295,0.008205983
2021-10-11,0.1,0.000119661817192929,0.0770816345
2021-10-11,1.6,0.000125819798499025,0.0822067255
2021-10-11,3.8,0.000561277682286208,0.0389211515
2021-10-11,5,0.00169719811107723,3.7985481
2021-10-11,6.2,0.00291421398819165,0.040289976
2021-10-11,8,0.0035494654181832,0.011795785
2021-10-11,9,0.00345700861012126,0.010172538
2021-10-18,0.1,0.000237358944108848,0.103551042
2021-10-18,1.6,0.000243174259612148,0.101471704
2021-10-18,3.8,0.000235391999145657,0.1059682725
2021-10-18,5,0.0031976538564514,31.623484895
2021-10-18,6.2,0.00368913353786738,0.0081614025
2021-10-18,8,0.00361071229618055,-0.0054582625
2021-10-18,9,0.00354165542364591,0.019155903
2021-10-25,0.1,0.000176452296037629,0.0835823545
2021-10-25,1.6,0.000170284703219188,0.0820159875
2021-10-25,3.8,0.000254856763709181,0.0911830845
2021-10-25,5,0.00148748820880259,0.2125123085
2021-10-25,8,0.00359650924690817,0.0038003655
2021-10-25,9,0.00358032987626325,0.0031840895
2021-11-03,0.1,0.00055158933389866,0.0726720025
2021-11-03,1.6,0.000566983920574728,0.0778070045
2021-11-03,3.8,0.000586709575147207,0.0735843125
2021-11-03,5,0.000617498748975742,0.069830809
2021-11-03,6.2,0.000784737993470155,0.073036927
2021-11-03,8,0.00205314045820074,-0.000312792
2021-11-03,9,0.00307415748677198,0.003075788
2021-11-08,0.1,0.00036140488912603,0.106689368
2021-11-08,1.6,0.000469260723269242,0.1035116085
2021-11-08,3.8,0.000421953277626389,0.120233917
2021-11-08,5,0.000425595608234719,0.1116904325
2021-11-08,6.2,0.000387586817875768,0.0994742915
2021-11-08,8,0.000405541364788383,0.1063768015
2021-11-08,9,0.000421053407683366,0.116144505
2021-11-22,0.1,0.000194647481833311,0.241758077
2021-11-22,1.6,0.00017976015794221,0.246308756
2021-11-22,3.8,0.00021086097539557,0.247842985
2021-11-22,5,0.000199866601130019,0.2237893955
2021-11-22,6.2,0.000189257243887798,0.210059347
2021-11-22,8,0.000233363079873087,0.236843344
2021-11-22,9,0.000231737452566521,0.219420744
2021-12-06,0.1,0.000520122232597138,0.167119323
2021-12-06,1.6,0.000188310408210581,0.171360582
2021-12-06,3.8,0.000202619161108676,0.169188599
2021-12-06,5,0.000226198506234477,0.175649084
2021-12-06,6.2,0.000230192922820156,0.1854193135
2021-12-06,8,0.000244771275908176,0.1911740735
2021-12-06,9,0.000239186599065622,0.1776697135
